country,year,sha11_hf_1_1_current_us_per_capita
bhs,2000,510.25546343
bhs,2001,517.92105827
bhs,2002,559.58622965
bhs,2003,560.57717279
bhs,2004,601.50189442
bhs,2005,598.33135408
bhs,2006,741.44656523
bhs,2007,747.82080344
bhs,2008,785.82982482
bhs,2009,783.41637171
bhs,2010,759.35615466
bhs,2011,772.02592698
bhs,2012,798.30340368
bhs,2013,766.09055243
bhs,2014,696.02715029
bhs,2015,819.46447867
bhs,2016,853.71339768
atg,2000,257.00470762
atg,2001,269.97146576
atg,2002,270.48122474
atg,2003,280.02754453
atg,2004,268.57590564
atg,2005,327.82381835
atg,2006,369.13581614
atg,2007,413.4095466
atg,2008,424.52539263
atg,2009,372.02866837
atg,2010,395.17232448
atg,2011,421.75921573
atg,2012,363.56970339
atg,2013,382.39498904
atg,2014,460.73886782
atg,2015,378.06889082
atg,2016,311.81206463
arg,2000,163.99598876
arg,2001,159.93246716
arg,2002,52.72393153
arg,2003,64.98282696
arg,2004,73.70548264
arg,2005,90.68036392
arg,2006,107.33494076
arg,2007,141.01500631
arg,2008,181.4981888
arg,2009,199.67850853
arg,2010,241.39624562
arg,2011,304.51898034
arg,2012,351.37601273
arg,2013,382.77199228
arg,2014,347.77791733
arg,2015,437.21834263
arg,2016,324.97478924
blz,2000,70.34628915
blz,2001,79.47584162
blz,2002,70.1732569
blz,2003,86.9730855
blz,2004,86.74460047
blz,2005,95.36371643
blz,2006,104.4921203
blz,2007,124.3268422
blz,2008,129.13625006
blz,2009,145.06146294
blz,2010,145.07093107
blz,2011,145.50762017
blz,2012,144.76919878
blz,2013,156.46336521
blz,2014,162.64340307
blz,2015,178.88284482
blz,2016,181.71144515
brb,2000,307.55803359
brb,2001,326.1992688
brb,2002,367.23453398
brb,2003,450.26821587
brb,2004,549.49574309
brb,2005,541.34575828
brb,2006,573.81626078
brb,2007,567.70000543
brb,2008,636.46789466
brb,2009,650.793199
brb,2010,599.19178437
brb,2011,578.2672055
brb,2012,694.42619458
brb,2013,643.07803822
brb,2014,563.53010216
brb,2015,543.31567781
brb,2016,546.47989796
bra,2000,63.4629752
bra,2001,53.81078597
bra,2002,90.38476215
bra,2003,96.63732154
bra,2004,122.94449673
bra,2005,169.43946628
bra,2006,212.30714516
bra,2007,259.99892119
bra,2008,316.7923352
bra,2009,320.94750874
bra,2010,384.72975203
bra,2011,464.17412601
bra,2012,438.51645484
bra,2013,435.1929166
bra,2014,441.53250793
bra,2015,333.15322512
bra,2016,338.11373294
bol,2000,12.22580393
bol,2001,12.17505581
bol,2002,12.07620728
bol,2003,14.73246273
bol,2004,14.21687261
bol,2005,16.58757636
bol,2006,18.42101007
bol,2007,22.35553623
bol,2008,28.68404508
bol,2009,34.01954998
bol,2010,35.04952883
bol,2011,43.17108991
bol,2012,47.3005904
bol,2013,57.83809684
bol,2014,71.02208055
bol,2015,79.64931655
bol,2016,83.08530249
can,2000,1369.88999561
can,2001,1402.85266097
can,2002,1459.71645494
can,2003,1746.23626253
can,2004,1992.15739188
can,2005,2244.17145859
can,2006,2524.71287451
can,2007,2814.78402897
can,2008,2997.47419701
can,2009,2950.91638806
can,2010,3415.93260171
can,2011,3666.90203104
can,2012,3698.48255715
can,2013,3653.09571689
can,2014,3471.96755085
can,2015,3109.26190992
can,2016,3070.10203569
chl,2000,9.31214256
chl,2001,7.5051474
chl,2002,6.61752306
chl,2003,6.37207111
chl,2004,6.80430459
chl,2005,11.42754201
chl,2006,15.2267552
chl,2007,16.91604721
chl,2008,19.44569901
chl,2009,21.87434
chl,2010,26.20851915
chl,2011,26.77628274
chl,2012,28.72352091
chl,2013,28.64755233
chl,2014,26.15120897
chl,2015,24.28299012
chl,2016,26.80221651
cod,2000,0.90960913
cod,2001,0.27150697
cod,2002,0.23673881
cod,2003,1.02797985
cod,2004,1.17707091
cod,2005,1.423773
cod,2006,1.85185191
cod,2007,2.55523514
cod,2008,5.95479099
cod,2009,6.04556758
cod,2010,7.01411735
cod,2011,7.07276519
cod,2012,6.19714618
cod,2013,5.58811892
cod,2014,7.27892971
cod,2015,8.88087861
cod,2016,7.04894264
col,2000,35.20313762
col,2001,28.15411462
col,2002,27.37548744
col,2003,28.01175152
col,2004,24.11686821
col,2005,32.57254349
col,2006,33.94567176
col,2007,39.32508445
col,2008,41.10592322
col,2009,36.5267478
col,2010,41.21002398
col,2011,42.0321876
col,2012,42.93893973
col,2013,41.02362734
col,2014,35.4976541
col,2015,23.65291813
col,2016,16.46867215
dma,2000,159.468269
dma,2001,159.48200246
dma,2002,159.13025766
dma,2003,158.51955418
dma,2004,158.33847744
dma,2005,158.30164626
dma,2006,173.85232366
dma,2007,186.00637382
dma,2008,195.83136616
dma,2009,228.26740877
dma,2010,234.85131268
dma,2011,253.04872066
dma,2012,242.65006776
dma,2013,230.71413955
dma,2014,250.38091487
dma,2015,263.74752325
dma,2016,282.02195642
cri,2000,2.63394044
cri,2001,0.47608078
cri,2002,0.60428368
cri,2003,0.9130923
cri,2004,0.49684114
cri,2005,0.68559025
cri,2006,19.48576956
cri,2007,23.04293389
cri,2008,36.38193762
cri,2009,38.50625701
cri,2010,46.26380942
cri,2011,22.91024813
cri,2012,27.25538774
cri,2013,30.51056706
cri,2014,29.56442919
cri,2015,32.07991111
cri,2016,30.50702011
ecu,2000,8.3976081
ecu,2001,14.86840759
ecu,2002,19.84002521
ecu,2003,29.27100671
ecu,2004,36.34439893
ecu,2005,42.59119594
ecu,2006,49.97322352
ecu,2007,53.14860427
ecu,2008,68.66210368
ecu,2009,72.35587109
ecu,2010,85.57258303
ecu,2011,98.17257355
ecu,2012,123.60838425
ecu,2013,151.96455369
ecu,2014,138.40058474
ecu,2015,147.53194427
ecu,2016,148.78912922
dom,2000,35.80078356
dom,2001,39.69332065
dom,2002,40.7015318
dom,2003,19.23811474
dom,2004,23.48225374
dom,2005,44.53881796
dom,2006,45.99982921
dom,2007,58.57090745
dom,2008,62.79393067
dom,2009,62.50543537
dom,2010,73.26816602
dom,2011,82.79608232
dom,2012,86.99426401
dom,2013,88.2115023
dom,2014,94.38117845
dom,2015,94.21869062
dom,2016,86.98429634
slv,2000,40.90240244
slv,2001,44.19263111
slv,2002,42.42207847
slv,2003,42.36766594
slv,2004,47.82715566
slv,2005,52.4136746
slv,2006,61.25672379
slv,2007,64.60123531
slv,2008,69.71833302
slv,2009,80.00291986
slv,2010,86.29882819
slv,2011,93.01484362
slv,2012,91.62151762
slv,2013,107.98657511
slv,2014,102.68756441
slv,2015,106.29740017
slv,2016,109.69747768
grd,2000,94.76209793
grd,2001,109.09396372
grd,2002,134.2184496
grd,2003,133.85791164
grd,2004,147.92301653
grd,2005,183.47811916
grd,2006,200.86133645
grd,2007,196.65177119
grd,2008,199.5645217
grd,2009,213.06878713
grd,2010,212.29326616
grd,2011,207.96432883
grd,2012,189.60760706
grd,2013,185.34430152
grd,2014,184.55838313
grd,2015,190.69273818
grd,2016,217.42439067
gtm,2000,15.34607629
gtm,2001,17.08402276
gtm,2002,16.65038718
gtm,2003,18.11324481
gtm,2004,18.38909355
gtm,2005,21.25545275
gtm,2006,27.08818965
gtm,2007,29.13633685
gtm,2008,34.05468196
gtm,2009,34.47375003
gtm,2010,30.96144691
gtm,2011,33.57002536
gtm,2012,33.87183107
gtm,2013,38.11923914
gtm,2014,40.32497999
gtm,2015,39.98092192
gtm,2016,42.02316763
guy,2000,30.19835559
guy,2001,31.16782873
guy,2002,34.99631203
guy,2003,36.14628541
guy,2004,37.22035367
guy,2005,39.3883003
guy,2006,42.45596181
guy,2007,48.36488518
guy,2008,54.21965536
guy,2009,65.69392087
guy,2010,71.80371833
guy,2011,88.34026927
guy,2012,94.73658258
guy,2013,102.50767433
guy,2014,115.84889487
guy,2015,99.68610785
guy,2016,114.63044602
hti,2000,6.43362853
hti,2001,5.31026005
hti,2002,3.08000608
hti,2003,2.52908717
hti,2004,3.86001929
hti,2005,4.15325363
hti,2006,6.20483456
hti,2007,7.82177841
hti,2008,8.48548988
hti,2009,8.64711042
hti,2010,9.12435368
hti,2011,11.13712681
hti,2012,6.71087257
hti,2013,6.99410609
hti,2014,16.39863891
hti,2015,7.51313538
hti,2016,5.7707696
hnd,2000,30.22997168
hnd,2001,24.21145431
hnd,2002,25.40552394
hnd,2003,28.11862777
hnd,2004,26.62638889
hnd,2005,30.93786829
hnd,2006,36.10616582
hnd,2007,41.91072773
hnd,2008,48.39311467
hnd,2009,61.80242347
hnd,2010,61.70840253
hnd,2011,69.14431676
hnd,2012,58.03017032
hnd,2013,54.7388164
hnd,2014,58.56758942
hnd,2015,59.40086726
hnd,2016,73.83303612
jam,2000,108.46955765
jam,2001,83.30865313
jam,2002,100.50085892
jam,2003,80.10649528
jam,2004,101.54526254
jam,2005,81.31498774
jam,2006,99.82457326
jam,2007,116.862244
jam,2008,133.52795938
jam,2009,115.79863439
jam,2010,130.73487649
jam,2011,141.15418764
jam,2012,133.08838913
jam,2013,147.86537384
jam,2014,137.58229307
jam,2015,160.18289773
jam,2016,161.64821306
kor,2000,48.95444969
kor,2001,51.86377655
kor,2002,59.3148143
kor,2003,70.0740776
kor,2004,79.82783846
kor,2005,105.53828481
kor,2006,132.82137692
kor,2007,148.43875551
kor,2008,136.1636563
kor,2009,133.90990549
kor,2010,157.79241909
kor,2011,165.96622833
kor,2012,167.73177693
kor,2013,180.60769151
kor,2014,201.89576974
kor,2015,206.33856053
kor,2016,211.36345449
mkd,2000,2.34166648
mkd,2001,2.43113883
mkd,2002,2.75188981
mkd,2003,2.99727641
mkd,2004,3.96733791
mkd,2005,4.27125313
mkd,2006,5.16745037
mkd,2007,8.1444706
mkd,2008,9.55515278
mkd,2009,9.14025438
mkd,2010,10.81249695
mkd,2011,13.19444959
mkd,2012,12.63545136
mkd,2013,16.83634008
mkd,2014,20.13539645
mkd,2015,21.22860651
mkd,2016,18.08613567
mex,2000,46.92274769
mex,2001,51.86867175
mex,2002,53.86847807
mex,2003,55.55060252
mex,2004,62.22913829
mex,2005,76.09875865
mex,2006,84.84346088
mex,2007,97.09959426
mex,2008,112.92702448
mex,2009,98.37910285
mex,2010,117.58802932
mex,2011,129.85146401
mex,2012,134.07858377
mex,2013,143.10999579
mex,2014,141.47717365
mex,2015,127.35410394
mex,2016,110.2559217
mda,2000,10.46627459
mda,2001,11.67231119
mda,2002,16.2562923
mda,2003,17.74360521
mda,2004,16.56878021
mda,2005,14.11564182
mda,2006,17.37229367
mda,2007,25.81319071
mda,2008,22.05709799
mda,2009,26.74482022
mda,2010,22.3763131
mda,2011,21.40369731
mda,2012,30.19475985
mda,2013,25.55191033
mda,2014,34.643843
mda,2015,17.00888736
mda,2016,4.92749907
nic,2000,18.74269307
nic,2001,18.02391711
nic,2002,16.96286627
nic,2003,11.35438662
nic,2004,17.32753522
nic,2005,22.39492789
nic,2006,23.25809782
nic,2007,30.56702341
nic,2008,36.97398824
nic,2009,38.75569424
nic,2010,28.3503516
nic,2011,43.18695308
nic,2012,48.42840473
nic,2013,48.87696358
nic,2014,59.0580451
nic,2015,61.65701373
nic,2016,74.72392213
nzl,2000,822.2050178
nzl,2001,801.95787173
nzl,2002,970.84814206
nzl,2004,1426.03020485
nzl,2005,1642.21693453
nzl,2006,1647.8484001
nzl,2007,1974.80279224
nzl,2008,2022.36512393
nzl,2009,1920.27917104
nzl,2010,2332.68922598
nzl,2011,2646.63017634
nzl,2012,2773.90854839
nzl,2013,2855.69890242
nzl,2014,2951.30773765
nzl,2015,2507.33901794
nzl,2016,2604.42719783
pan,2000,118.73623714
pan,2001,109.42899015
pan,2002,109.45093538
pan,2003,104.47080775
pan,2004,131.92463407
pan,2005,107.71288694
pan,2006,139.51864808
pan,2007,173.17151769
pan,2008,191.06393483
pan,2009,202.43589332
pan,2010,218.24967021
pan,2011,223.72439752
pan,2012,246.73397761
pan,2013,273.59603925
pan,2014,320.82517714
pan,2015,348.05929283
pan,2016,352.28936479
pry,2000,18.22250425
pry,2001,15.92179525
pry,2002,11.14417646
pry,2003,13.38580369
pry,2004,16.64171532
pry,2005,17.72043128
pry,2006,26.03748815
pry,2007,34.12695315
pry,2008,40.87202187
pry,2009,49.92135537
pry,2010,61.68409686
pry,2011,85.50871115
pry,2012,103.27091995
pry,2013,104.25128468
pry,2014,124.14366179
pry,2015,110.3312854
pry,2016,105.01935157
per,2000,21.14458666
per,2001,25.2601372
per,2002,29.29365194
per,2003,30.69165697
per,2004,33.11369169
per,2005,32.35557937
per,2006,34.12640222
per,2007,36.33870906
per,2008,39.8103376
per,2009,48.98276473
per,2010,60.22407476
per,2011,65.93083744
per,2012,84.89826295
per,2013,94.89612645
per,2014,108.79804247
per,2015,105.22792587
per,2016,108.56981038
png,2000,15.99879546
png,2001,13.39978065
png,2002,13.38384219
png,2003,13.19186802
png,2004,17.328046
png,2005,19.13495487
png,2006,22.06093914
png,2007,25.40148092
png,2008,28.57264946
png,2009,29.77539365
png,2010,30.8430422
png,2011,42.72537092
png,2012,55.10354479
png,2013,59.40729102
png,2014,69.49860999
png,2015,52.83961468
png,2016,41.28687071
sur,2000,58.00103211
sur,2001,27.94976644
sur,2002,54.66214604
sur,2003,45.44137086
sur,2004,62.41254011
sur,2005,74.03975075
sur,2006,103.88509777
sur,2007,95.99125447
sur,2008,95.46631165
sur,2009,110.82348432
sur,2010,112.12348679
sur,2011,99.91188493
sur,2012,110.70951669
sur,2013,117.93937729
sur,2014,121.50274111
sur,2015,118.30486805
sur,2016,69.84164198
lca,2000,92.31235759
lca,2001,93.57676222
lca,2002,96.71065808
lca,2003,95.06254502
lca,2004,96.667575
lca,2005,111.19905415
lca,2006,124.58897875
lca,2007,119.79051208
lca,2008,136.66295924
lca,2009,149.10199067
lca,2010,157.06006097
lca,2011,162.01813302
lca,2012,175.24151896
lca,2013,188.21794329
lca,2014,180.67733914
lca,2015,196.64710561
lca,2016,213.25167588
kna,2000,185.53428648
kna,2001,190.43146699
kna,2002,197.90017621
kna,2003,207.25727126
kna,2004,232.25110441
kna,2005,248.94675843
kna,2006,291.11280461
kna,2007,288.57715701
kna,2008,303.32421698
kna,2009,317.87747681
kna,2010,305.43721688
kna,2011,309.87700849
kna,2012,307.35266089
kna,2013,315.42776318
kna,2014,344.20992596
kna,2015,341.44843844
kna,2016,401.31557649
vct,2000,110.24978666
vct,2001,117.15477646
vct,2002,126.12902928
vct,2003,123.50760396
vct,2004,125.0390281
vct,2005,128.2443578
vct,2006,130.45926035
vct,2007,145.33442427
vct,2008,160.64152294
vct,2009,169.04328756
vct,2010,177.88063378
vct,2011,166.82702128
vct,2012,188.45188586
vct,2013,191.4536766
vct,2014,183.79641399
vct,2015,185.82634839
vct,2016,193.51919242
tto,2000,102.42204966
tto,2001,122.6169754
tto,2002,140.61183327
tto,2003,169.86760256
tto,2004,193.71373455
tto,2005,267.84913269
tto,2006,266.68455992
tto,2007,322.02332607
tto,2008,375.46357221
tto,2009,386.86069456
tto,2010,415.80393306
tto,2011,456.13955461
tto,2012,457.49874641
tto,2013,524.26971181
tto,2014,532.99198428
tto,2015,575.25285575
tto,2016,560.84340845
are,2000,538.12802962
are,2001,594.27651608
are,2002,521.02785182
are,2003,538.849355
are,2004,508.42851661
are,2005,520.14332176
are,2006,564.63535964
are,2007,642.38885051
are,2008,856.42394733
are,2009,986.9355164
are,2010,962.92606292
are,2011,1074.70520034
are,2012,1045.77019335
are,2013,1120.1039751
are,2014,1145.11533462
are,2015,998.92161229
are,2016,958.96197554
tza,2000,4.36407283
tza,2001,6.39506549
tza,2002,7.85839501
tza,2003,8.84939661
tza,2004,10.90367032
tza,2005,13.22535527
tza,2006,20.08468879
tza,2007,18.84259528
tza,2008,18.2617205
tza,2009,15.38223047
tza,2010,13.50547689
tza,2011,12.5701812
tza,2012,12.88141051
tza,2013,16.89735971
tza,2014,20.15019579
tza,2015,15.72925085
tza,2016,19.08205433
gbr,2000,1327.03913162
gbr,2001,1377.76380882
gbr,2002,1566.015929
gbr,2003,1868.17008003
gbr,2004,2294.52525206
gbr,2005,2454.36895728
gbr,2006,2684.5444931
gbr,2007,3058.27812614
gbr,2008,2985.37562136
gbr,2009,2733.62991424
gbr,2010,2748.66134538
gbr,2011,2891.71375958
gbr,2012,2893.63640068
gbr,2013,3327.99462442
gbr,2014,3630.94559464
gbr,2015,3460.03952864
gbr,2016,3142.3861433
usa,2000,1123.74009238
usa,2001,1240.51090728
usa,2002,1362.77005257
usa,2003,1468.88520522
usa,2004,1559.62794937
usa,2005,1635.87851558
usa,2006,1649.5613452
usa,2007,1738.08649124
usa,2008,1832.63536497
usa,2009,1957.39885003
usa,2010,2045.88715711
usa,2011,2073.00567035
usa,2012,2127.59685329
usa,2013,2204.80076617
usa,2014,2375.72884541
usa,2015,2544.46094851
usa,2016,2611.01987818
ury,2000,155.76057674
ury,2001,163.6978148
ury,2002,112.3867412
ury,2003,108.06688325
ury,2004,105.94885124
ury,2005,106.45364354
ury,2006,152.90052377
ury,2007,202.51589543
ury,2008,264.41887143
ury,2009,273.83108093
ury,2010,339.54960514
ury,2011,297.67253904
ury,2012,295.99730066
ury,2013,303.33192232
ury,2014,281.69279221
ury,2015,258.91684956
ury,2016,241.89408527
eth,2000,2.35776757
eth,2001,2.53251606
eth,2002,2.45620084
eth,2003,2.86165828
eth,2004,2.47958682
eth,2005,3.06128171
eth,2006,3.25974101
eth,2007,4.99284252
eth,2008,5.28295339
eth,2009,6.30584086
eth,2010,6.30618269
eth,2011,4.70143142
eth,2012,8.45584448
eth,2013,7.85697225
eth,2014,7.17807699
eth,2015,8.07620416
eth,2016,9.31576205
ven,2000,54.47036874
ven,2001,62.58940981
ven,2002,41.49401469
ven,2003,34.59255484
ven,2004,47.05427947
ven,2005,62.42384562
ven,2006,81.75095995
ven,2007,109.49522242
ven,2008,145.04247506
ven,2009,179.49921216
ven,2010,178.08619465
ven,2011,174.47200423
ven,2012,141.06469553
ven,2013,122.53405572
ven,2014,175.85884561
ven,2015,354.45456499
zwe,2010,16.68096292
zwe,2011,18.24133879
zwe,2012,19.70590539
zwe,2013,21.07997116
zwe,2014,20.34328436
zwe,2015,19.62925581
zwe,2016,22.9743711
egy,2000,18.51538382
egy,2001,17.78541808
egy,2002,17.07429573
egy,2003,12.11710707
egy,2004,12.41745434
egy,2005,14.87982122
egy,2006,19.71216847
egy,2007,21.81038285
egy,2008,26.54269866
egy,2009,30.73933778
egy,2010,30.10057182
egy,2011,34.74384631
egy,2012,35.50756234
egy,2013,36.36429926
egy,2014,43.27857792
egy,2015,39.3166437
egy,2016,32.92831588
sau,2000,276.96238302
sau,2001,279.75250997
sau,2002,265.9690533
sau,2003,275.52829552
sau,2004,285.35730004
sau,2005,340.2598119
sau,2006,404.50856767
sau,2007,412.74744496
sau,2008,378.5958037
sau,2009,448.74707937
sau,2010,435.11537631
sau,2011,591.76009272
sau,2012,694.50200771
sau,2013,774.92756928
sau,2014,916.93542498
sau,2015,851.55995105
sau,2016,777.90739143
vnm,2000,6.89225936
vnm,2001,10.9445188
vnm,2002,6.52136187
vnm,2003,8.31631156
vnm,2004,10.4026223
vnm,2005,12.71819851
vnm,2006,16.38749853
vnm,2007,19.75399391
vnm,2008,22.52248906
vnm,2009,25.81080967
vnm,2010,29.77136
vnm,2011,35.37405123
vnm,2012,25.62758126
vnm,2013,28.34205969
vnm,2014,32.26358689
vnm,2015,28.25688779
vnm,2016,33.02816344
dza,2000,28.14643888
dza,2001,33.56478869
dza,2002,32.65268669
dza,2003,38.25195079
dza,2004,43.4168305
dza,2005,45.03906188
dza,2006,50.1812932
dza,2007,67.8771362
dza,2008,95.56701086
dza,2009,93.1691771
dza,2010,98.4455598
dza,2011,131.75774052
dza,2012,167.93067607
dza,2013,150.13545674
dza,2014,162.6189649
dza,2015,122.95149842
dza,2016,105.86764541
bfa,2000,3.97161137
bfa,2001,4.01662884
bfa,2002,4.94041674
bfa,2003,7.27409216
bfa,2004,11.62140092
bfa,2005,11.71099777
bfa,2006,14.03053987
bfa,2007,19.24091915
bfa,2008,19.00882204
bfa,2009,19.12358275
bfa,2010,22.00885393
bfa,2011,21.04115406
bfa,2012,19.31495275
bfa,2013,25.20122047
bfa,2014,22.1863732
bfa,2015,17.69692875
bfa,2016,24.9557858
ben,2000,5.93221388
ben,2001,6.81963926
ben,2002,6.3981667
ben,2003,7.842286
ben,2004,9.47703416
ben,2005,9.11658117
ben,2006,9.82037229
ben,2007,11.07230719
ben,2008,12.25000606
ben,2009,12.96179108
ben,2010,13.79585244
ben,2011,16.17501555
ben,2012,16.71327276
ben,2013,15.73212943
ben,2014,15.67358755
ben,2015,11.58262988
ben,2016,9.93696788
bwa,2000,139.54926108
bwa,2001,153.79029326
bwa,2002,87.43549988
bwa,2003,157.40904884
bwa,2004,209.00085759
bwa,2005,181.65653088
bwa,2006,174.75450296
bwa,2007,186.62979172
bwa,2008,209.14394497
bwa,2009,213.28565745
bwa,2010,227.01105954
bwa,2011,295.82537565
bwa,2012,301.28147463
bwa,2013,198.28503812
bwa,2014,213.36061388
bwa,2015,209.35353038
bwa,2016,197.31735908
ago,2000,7.54671382
ago,2001,13.17129897
ago,2002,11.38597554
ago,2003,14.34143321
ago,2004,21.05666
ago,2005,24.26564247
ago,2006,37.40121105
ago,2007,53.89152898
ago,2008,87.71628615
ago,2009,82.15185128
ago,2010,61.07488468
ago,2011,79.92519098
ago,2012,80.15098833
ago,2013,89.95895249
ago,2014,73.0994125
ago,2015,52.28945319
ago,2016,43.06213569
bdi,2000,1.47469423
bdi,2001,1.73866989
bdi,2002,1.51153353
bdi,2003,1.03270073
bdi,2004,2.64445837
bdi,2005,3.78104065
bdi,2006,5.11135829
bdi,2007,5.31248121
bdi,2008,4.97141946
bdi,2009,8.31925846
bdi,2010,11.61724949
bdi,2011,11.91582892
bdi,2012,10.89280693
bdi,2013,11.80139373
bdi,2014,5.73393954
bdi,2015,5.665175
bdi,2016,10.26917057
cmr,2000,4.45171913
cmr,2001,5.44881371
cmr,2002,6.85184712
cmr,2003,8.55371742
cmr,2004,7.98238743
cmr,2005,8.01677201
cmr,2006,8.09156983
cmr,2007,9.11400445
cmr,2008,10.00574423
cmr,2009,11.91604725
cmr,2010,13.8210879
cmr,2011,16.08078734
cmr,2012,9.1559809
cmr,2013,11.91432491
cmr,2014,11.85817337
cmr,2015,12.04530392
cmr,2016,12.38516182
cpv,2000,29.81752359
cpv,2001,32.79327109
cpv,2002,36.27196057
cpv,2003,43.72426092
cpv,2004,48.54559392
cpv,2005,49.65748691
cpv,2006,59.52758713
cpv,2007,68.42735641
cpv,2008,63.89621839
cpv,2009,67.73159762
cpv,2010,72.11168256
cpv,2011,75.54998926
cpv,2012,89.28066414
cpv,2013,99.100812
cpv,2014,101.03428026
cpv,2015,88.38938385
cpv,2016,85.69628977
tcd,2000,4.25152494
tcd,2001,4.53943639
tcd,2002,5.70607501
tcd,2003,6.37146963
tcd,2004,10.03648537
tcd,2005,9.87493369
tcd,2006,7.96000441
tcd,2007,9.62204819
tcd,2008,8.61748512
tcd,2009,8.81731964
tcd,2010,8.60676713
tcd,2011,8.85566061
tcd,2012,7.3833015
tcd,2013,19.49008706
tcd,2014,16.85664397
tcd,2015,10.20352146
tcd,2016,7.21752546
caf,2000,4.44613159
caf,2001,3.91148683
caf,2002,4.52010831
caf,2003,5.18181014
caf,2004,4.98841209
caf,2005,6.20511899
caf,2006,5.96951752
caf,2007,7.6846531
caf,2008,8.50937698
caf,2009,5.79441466
caf,2010,7.14777011
caf,2011,7.41305186
caf,2012,6.33491653
caf,2013,3.63963775
caf,2014,5.50834276
caf,2015,9.66733839
caf,2016,3.66620572
cog,2000,7.73064045
cog,2001,10.59328233
cog,2002,6.15543799
cog,2003,7.87065807
cog,2004,11.64201768
cog,2005,14.27138181
cog,2006,17.84153776
cog,2007,20.65478775
cog,2008,38.24874576
cog,2009,23.33762191
cog,2010,31.23721171
cog,2011,34.21837594
cog,2012,48.37082119
cog,2013,49.43039877
cog,2014,47.41773298
cog,2015,37.04584474
cog,2016,30.90722047
com,2000,5.66854992
com,2001,4.33417178
com,2002,7.23455008
com,2003,8.1079261
com,2004,8.3200376
com,2005,7.75468892
com,2006,7.26149429
com,2007,7.3339967
com,2008,7.24404761
com,2009,6.27869679
com,2010,8.1501549
com,2011,16.5059114
com,2012,7.60195095
com,2013,9.26303323
com,2014,9.10892435
com,2015,8.59598791
com,2016,9.82279256
gnq,2000,10.46713691
gnq,2001,8.65577724
gnq,2002,8.55331769
gnq,2003,15.50639772
gnq,2004,27.58533954
gnq,2005,33.24053301
gnq,2006,50.17720391
gnq,2007,67.59760186
gnq,2008,98.54411667
gnq,2009,77.90334615
gnq,2010,56.90336968
gnq,2011,62.59110502
gnq,2012,90.21780318
gnq,2013,95.52704676
gnq,2014,80.24047183
gnq,2015,68.08477093
gnq,2016,67.0879462
civ,2000,7.54287751
civ,2001,6.94415113
civ,2002,8.03081066
civ,2003,8.88504217
civ,2004,10.79656485
civ,2005,8.91621623
civ,2006,9.76860768
civ,2007,10.30472791
civ,2008,12.17894158
civ,2009,12.17324316
civ,2010,12.36007153
civ,2011,9.84633728
civ,2012,12.89939489
civ,2013,18.90541909
civ,2014,16.81197857
civ,2015,15.63165303
civ,2016,22.3496351
est,2000,18.42532904
est,2001,20.56898093
est,2002,21.78568281
est,2003,33.58790755
est,2004,41.73079184
est,2005,50.89414892
est,2006,64.61081581
est,2007,90.78441555
est,2008,113.20120695
est,2009,102.53688301
est,2010,101.13468849
est,2011,111.62704792
est,2012,109.76349973
est,2013,125.02955221
est,2014,127.0945342
est,2015,120.10060667
est,2016,126.45383687
fra,2003,104.29614363
fra,2004,121.08184758
fra,2005,123.48736754
fra,2006,165.37568868
fra,2007,192.00740672
fra,2008,222.6803231
fra,2009,238.22643171
fra,2010,227.9635629
fra,2011,243.33002782
fra,2012,234.60506026
fra,2013,250.77649149
fra,2014,258.99556786
fra,2015,214.86887807
fra,2016,217.24786184
grc,2008,783.73106559
grc,2009,765.71971536
grc,2010,771.29235595
grc,2011,525.17152457
grc,2012,588.99076931
grc,2013,559.71014862
grc,2014,511.23638194
grc,2015,428.54306275
grc,2016,471.43039499
deu,2000,178.53715225
deu,2001,181.10246957
deu,2002,194.69819251
deu,2003,242.40292812
deu,2004,266.08244989
deu,2005,263.65460309
deu,2006,266.01351698
deu,2007,296.24691576
deu,2008,324.32974509
deu,2009,317.50591289
deu,2010,311.61971349
deu,2011,339.12024872
deu,2012,320.01613544
deu,2013,341.66466815
deu,2014,354.32135334
deu,2015,308.34902618
deu,2016,322.57502425
gab,2000,40.63861365
gab,2001,42.61095048
gab,2002,41.98615837
gab,2003,63.92958093
gab,2004,68.94695949
gab,2005,64.13150446
gab,2006,74.80165602
gab,2007,93.3674706
gab,2008,93.93435512
gab,2009,89.09393446
gab,2010,96.39369741
gab,2011,112.39814929
gab,2012,107.05645943
gab,2013,122.37081229
gab,2014,94.70389863
gab,2015,67.72550565
gab,2016,90.35035032
gin,2000,6.38752022
gin,2001,6.46178324
gin,2002,8.33219547
gin,2003,7.86837744
gin,2004,6.48269945
gin,2005,4.79819196
gin,2006,3.80107795
gin,2007,5.12668471
gin,2008,5.28838556
gin,2009,5.02389672
gin,2010,5.4451839
gin,2011,7.65500177
gin,2012,6.90490112
gin,2013,7.69346292
gin,2014,9.89761717
gin,2015,11.46742389
gin,2016,14.01116841
lbn,2000,107.06789523
lbn,2001,116.75741583
lbn,2002,103.52079114
lbn,2003,97.2971142
lbn,2004,106.82966277
lbn,2005,101.49341566
lbn,2006,107.12309195
lbn,2007,115.02199401
lbn,2008,123.94534646
lbn,2009,147.19166776
lbn,2010,150.33248691
lbn,2011,152.30916165
lbn,2012,134.86120702
lbn,2013,140.79885021
lbn,2014,163.95293455
lbn,2015,162.90476832
lbn,2016,172.59506301
lso,2000,14.34250016
lso,2001,16.38281325
lso,2002,13.21577848
lso,2003,20.39983302
lso,2004,25.13751933
lso,2005,23.22995781
lso,2006,30.35180244
lso,2007,45.10976026
lso,2008,49.38908733
lso,2009,59.08784109
lso,2010,67.19847648
lso,2011,92.11257203
lso,2012,79.48366127
lso,2013,77.70784201
lso,2014,77.72421595
lso,2015,70.1250564
lso,2016,59.3725285
lux,2000,261.13726921
lux,2001,302.67421129
lux,2002,322.73535248
lux,2003,396.13901821
lux,2004,458.30769435
lux,2005,516.00193569
lux,2006,521.01518232
lux,2007,573.48188673
lux,2008,625.70417621
lux,2009,691.99486496
lux,2010,603.78689734
lux,2011,419.93004096
lux,2012,503.24617445
lux,2013,514.51044175
lux,2014,570.26987474
lux,2015,476.90866307
lux,2016,487.84558755
mdg,2000,5.92432356
mdg,2001,7.02979356
mdg,2002,6.41381975
mdg,2003,6.27625133
mdg,2004,5.13818396
mdg,2005,5.90941567
mdg,2006,6.82452063
mdg,2007,9.60801178
mdg,2008,9.55477997
mdg,2009,8.3432231
mdg,2010,9.99889833
mdg,2011,8.79505713
mdg,2012,6.50510402
mdg,2013,7.8973576
mdg,2014,10.2355385
mdg,2015,11.1986205
mdg,2016,12.94112545
mdv,2000,73.30037194
mdv,2001,74.84756315
mdv,2002,71.74395514
mdv,2003,74.78785377
mdv,2004,91.3320292
mdv,2005,114.61613494
mdv,2006,147.40061734
mdv,2007,223.7326859
mdv,2008,297.75345598
mdv,2009,318.20496416
mdv,2010,215.51683622
mdv,2011,87.62537935
mdv,2012,66.29711649
mdv,2013,228.50343878
mdv,2014,271.96084286
mdv,2015,384.41084798
mdv,2016,492.3022745
kaz,2000,25.74582654
kaz,2001,28.9546137
kaz,2002,31.52828597
kaz,2003,40.77445664
kaz,2004,64.35667198
kaz,2005,92.68097264
kaz,2006,119.03250086
kaz,2007,118.08718222
kaz,2008,188.68751103
kaz,2009,188.88651135
kaz,2010,166.47297908
kaz,2011,213.18818171
kaz,2012,254.4349609
kaz,2013,253.999233
kaz,2014,235.53644411
kaz,2015,198.9531917
kaz,2016,154.03527274
mhl,2000,335.71713415
mhl,2001,288.83103693
mhl,2002,272.86755627
mhl,2003,350.23773889
mhl,2004,384.39937397
mhl,2005,391.14206128
mhl,2006,486.54579669
mhl,2007,501.70454763
mhl,2008,473.44718296
mhl,2009,450.85061162
mhl,2010,454.76185026
mhl,2011,460.19532945
mhl,2012,488.66955927
mhl,2013,514.91968632
mhl,2014,464.77868728
mhl,2015,569.1539797
mhl,2016,627.39497984
mrt,2000,4.04122118
mrt,2001,4.26553866
mrt,2002,6.58581828
mrt,2003,7.90809602
mrt,2004,7.71291353
mrt,2005,9.35528456
mrt,2006,9.02126243
mrt,2007,9.96484985
mrt,2008,14.23084405
mrt,2009,9.58659718
mrt,2010,10.22842898
mrt,2011,12.29678424
mrt,2012,14.10231538
mrt,2013,20.15606756
mrt,2014,20.72504533
mrt,2015,20.80174347
mrt,2016,17.04476722
mar,2000,13.81197553
mar,2001,15.26793849
mar,2002,18.02034416
mar,2003,22.41254523
mar,2004,26.14800088
mar,2005,26.00440539
mar,2006,24.29709815
mar,2007,38.14898637
mar,2008,39.23459941
mar,2009,46.97263754
mar,2010,40.52609615
mar,2011,41.04599062
mar,2012,39.29785509
mar,2013,42.97041364
mar,2014,44.8296442
mar,2015,37.94623701
mar,2016,38.54532689
mmr,2000,0.46133409
mmr,2001,0.41177298
mmr,2002,0.77572316
mmr,2003,0.57251206
mmr,2004,0.64755082
mmr,2005,0.45888911
mmr,2006,0.64661736
mmr,2007,0.6701564
mmr,2008,0.98058669
mmr,2009,1.26220326
mmr,2010,1.84390046
mmr,2011,2.40086046
mmr,2012,4.84012137
mmr,2013,6.96302628
mmr,2014,14.41109768
mmr,2015,13.71914725
mmr,2016,12.92953972
rus,2000,33.39738664
rus,2001,40.88638315
rus,2002,48.08374903
rus,2003,56.82629613
rus,2004,73.04759938
rus,2005,94.10081005
rus,2006,119.72973077
rus,2007,160.97093749
rus,2008,237.70876279
rus,2009,188.99267209
rus,2010,213.63001507
rus,2011,214.23873767
rus,2012,250.96344289
rus,2013,231.27206947
rus,2014,206.37275442
rus,2015,114.73322478
rus,2016,99.81515769
ner,2000,2.55632934
ner,2001,3.22849445
ner,2002,3.63968958
ner,2003,3.40206508
ner,2004,4.06052687
ner,2005,7.2537532
ner,2006,8.09063276
ner,2007,7.66187286
ner,2008,9.43538065
ner,2009,8.92516044
ner,2010,7.40331214
ner,2011,8.09137786
ner,2012,7.43790342
ner,2013,9.36517964
ner,2014,9.70900823
ner,2015,8.79861749
ner,2016,8.19861846
srb,2000,2.75886873
srb,2001,5.59522439
srb,2002,9.33117708
srb,2003,11.99904406
srb,2004,13.84238036
srb,2005,13.95396084
srb,2006,15.72031908
srb,2007,22.02747076
srb,2008,31.62608686
srb,2009,22.85429217
srb,2010,19.52228741
srb,2011,22.13720061
srb,2012,22.37701999
srb,2013,24.4495587
srb,2014,21.48593598
srb,2015,17.3495587
srb,2016,16.32043448
smr,2000,40.78749159
smr,2001,42.02587841
smr,2002,42.37890906
smr,2003,48.16352395
smr,2004,62.26159325
smr,2005,64.30657762
smr,2006,68.60909292
smr,2007,81.07204363
smr,2008,94.26861226
smr,2009,92.05040008
smr,2010,89.00949928
smr,2011,95.89888531
smr,2012,90.8206774
smr,2013,90.08813244
smr,2014,86.44688583
smr,2015,69.44881627
smr,2016,66.6296241
syc,2000,286.83455081
syc,2001,283.26875591
syc,2002,301.23403242
syc,2003,340.5351715
syc,2004,365.78117141
syc,2005,374.9293166
syc,2006,392.00627636
syc,2007,350.4257595
syc,2008,256.51801667
syc,2009,223.57329025
syc,2010,338.59019457
syc,2011,370.77484017
syc,2012,466.30775145
syc,2013,458.95289304
syc,2014,473.7565305
syc,2015,476.88680346
syc,2016,572.70304375
sdn,2000,5.59462462
sdn,2001,5.76808833
sdn,2002,6.14447725
sdn,2003,8.01843854
sdn,2004,12.72926767
sdn,2005,16.91826598
sdn,2006,23.36973074
sdn,2007,34.67783533
sdn,2008,29.93509828
sdn,2009,42.0798356
sdn,2010,31.49037806
sdn,2011,25.29381952
sdn,2012,23.91294172
sdn,2013,18.18739491
sdn,2014,26.52226149
sdn,2015,45.9504425
sdn,2016,27.36195162
tls,2002,6.12242687
tls,2003,7.47524176
tls,2004,9.10265597
tls,2005,12.33826733
tls,2006,12.42934769
tls,2007,7.05169521
tls,2008,24.54355585
tls,2009,23.78534753
tls,2010,34.47119074
tls,2011,43.79964526
tls,2012,46.91666033
tls,2013,74.67286295
tls,2014,68.46886662
tls,2015,75.26328046
tls,2016,67.9608819
yem,2000,12.78732494
yem,2001,13.27781941
yem,2002,13.17493892
yem,2003,14.54892527
yem,2004,13.57652447
yem,2005,13.57050134
yem,2006,14.93148287
yem,2007,16.12626915
yem,2008,20.14885145
yem,2009,15.1392556
yem,2010,15.92308531
yem,2011,15.61120111
yem,2012,18.28590091
yem,2013,17.05309825
yem,2014,15.42581545
yem,2015,10.44324901
tuv,2000,356.14665067
tuv,2001,249.69004763
tuv,2002,192.11603766
tuv,2003,247.87516714
tuv,2004,204.01647166
tuv,2005,221.35177724
tuv,2006,241.44068134
tuv,2007,264.8976319
tuv,2008,289.47545208
tuv,2009,315.26977007
tuv,2010,425.13191721
tuv,2011,486.47710178
tuv,2012,468.13090291
tuv,2013,471.96391591
tuv,2014,478.63217341
tuv,2015,422.74689733
tuv,2016,428.79736075
zmb,2000,10.87784093
zmb,2001,11.74771618
zmb,2002,11.15605027
zmb,2003,11.93497741
zmb,2004,13.73388298
zmb,2005,17.97570236
zmb,2006,21.02269445
zmb,2007,15.86897458
zmb,2008,22.12113756
zmb,2009,18.79091916
zmb,2010,23.56910429
zmb,2011,28.68320126
zmb,2012,33.35437268
zmb,2013,30.54369311
zmb,2014,35.99076518
zmb,2015,32.14418272
zmb,2016,30.40129496
afg,2002,0.14485228
afg,2003,1.27340344
afg,2004,1.15837113
afg,2005,2.04894988
afg,2006,2.95372418
afg,2007,3.40964489
afg,2008,6.18826571
afg,2009,4.2684558
afg,2010,4.86621987
afg,2011,6.10539822
afg,2012,4.62370451
afg,2013,6.53671438
afg,2014,7.52104884
afg,2015,7.90975388
afg,2016,5.42191749
bhr,2000,320.71087303
bhr,2001,324.22796623
bhr,2002,335.50560784
bhr,2003,354.025448
bhr,2004,357.44497788
bhr,2005,385.49963131
bhr,2006,407.48836431
bhr,2007,453.75420157
bhr,2008,500.16006267
bhr,2009,501.39719177
bhr,2010,500.91079444
bhr,2011,503.0302532
bhr,2012,634.00014456
bhr,2013,694.08571064
bhr,2014,716.0986004
bhr,2015,732.00311087
bhr,2016,674.23973326
dnk,2000,2074.39913393
dnk,2001,2170.75218637
dnk,2002,2426.8539348
dnk,2003,3026.66444776
dnk,2004,3504.77799773
dnk,2005,3720.54368225
dnk,2006,4008.06871201
dnk,2007,4577.48692282
dnk,2008,5156.95134352
dnk,2009,5254.76143543
dnk,2010,5042.46168036
dnk,2011,5251.77487517
dnk,2012,5042.00475799
dnk,2013,5254.99365695
dnk,2014,5371.95224569
dnk,2015,4604.26089816
dnk,2016,4681.91165258
dji,2000,11.93531531
dji,2001,10.71852982
dji,2002,19.25609703
dji,2003,24.84348636
dji,2004,19.07919205
dji,2005,19.15569452
dji,2006,24.333518
dji,2007,26.64374979
dji,2008,29.7954731
dji,2009,30.82772596
dji,2010,32.57631667
dji,2011,38.58569132
dji,2012,43.72915705
dji,2013,37.06424483
dji,2014,43.08487436
dji,2015,52.2383802
dji,2016,41.74397368
idn,2000,4.64446269
idn,2001,5.81046902
idn,2002,6.06383664
idn,2003,8.65413721
idn,2004,8.5062565
idn,2005,8.42327291
idn,2006,11.28478243
idn,2007,17.17147649
idn,2008,18.28927576
idn,2009,19.04615638
idn,2010,19.03690628
idn,2011,22.84513638
idn,2012,25.19925593
idn,2013,25.11035586
idn,2014,23.73845109
idn,2015,23.11857358
idn,2016,29.897842
jpn,2000,223.25483017
jpn,2001,207.17904073
jpn,2002,204.24965842
jpn,2003,224.81393872
jpn,2004,244.70408226
jpn,2005,239.00889342
jpn,2006,229.39606814
jpn,2007,228.80325953
jpn,2008,282.06242617
jpn,2009,339.86005292
jpn,2010,381.90968656
jpn,2011,447.50189025
jpn,2012,457.19283802
jpn,2013,366.68096729
jpn,2014,356.78190153
jpn,2015,313.98327086
jpn,2016,357.02432846
kir,2000,66.59513039
kir,2001,87.26366606
kir,2002,94.36598885
kir,2003,104.01955333
kir,2004,136.19168565
kir,2005,134.91553231
kir,2006,112.1607755
kir,2007,138.40304041
kir,2008,182.43318436
kir,2009,169.29414561
kir,2010,131.1802942
kir,2011,141.73053483
kir,2012,139.85070617
kir,2013,140.53784795
kir,2014,141.01742242
kir,2015,103.72676994
kir,2016,183.20475032
irn,2000,16.6398097
irn,2001,20.0736053
irn,2002,22.38804353
irn,2003,25.886216
irn,2004,27.58282157
irn,2005,33.25048663
irn,2006,46.70652693
irn,2007,53.05553219
irn,2008,55.53247844
irn,2009,72.23526465
irn,2010,71.04141253
irn,2011,93.97650029
irn,2012,86.11185655
irn,2013,77.09730943
irn,2014,95.59733308
irn,2015,96.88563053
irn,2016,112.31821694
lva,2000,92.15301075
lva,2001,99.9082493
lva,2002,117.65004711
lva,2003,139.77731912
lva,2004,220.93496207
lva,2005,245.52303331
lva,2006,339.86211225
lva,2007,471.773942
lva,2008,551.09923525
lva,2009,444.18173688
lva,2010,414.72000041
lva,2011,485.49610847
lva,2012,449.90358253
lva,2013,484.39172674
lva,2014,510.57277922
lva,2015,442.34546412
lva,2016,477.59991268
lbr,2000,2.44890708
lbr,2001,2.68190897
lbr,2002,1.73965716
lbr,2003,1.44992587
lbr,2004,2.48258391
lbr,2005,2.48041373
lbr,2006,3.19493991
lbr,2007,5.64707748
lbr,2008,8.78122405
lbr,2009,9.79154476
lbr,2010,7.62165668
lbr,2011,14.83707555
lbr,2012,14.01550678
lbr,2013,15.54635999
lbr,2014,17.83343618
lbr,2015,19.66722941
lbr,2016,19.76917936
nor,2003,3105.30890029
nor,2004,3390.66729099
nor,2005,3817.6006041
nor,2006,4112.90335687
nor,2007,4865.65800349
nor,2008,5579.94550511
nor,2009,5280.60716601
nor,2010,5680.81081877
nor,2011,6510.24634304
nor,2012,6605.10349562
nor,2013,6859.39309403
nor,2014,6788.21523086
nor,2015,5644.05804752
nor,2016,5555.21331245
mne,2016,5.44522083
prt,2000,673.32954492
prt,2001,691.70763049
prt,2002,792.60335148
prt,2003,986.94757001
prt,2004,1179.49198261
prt,2005,1250.42747359
prt,2006,1237.89565731
prt,2007,1402.76464576
prt,2008,1566.35823453
prt,2009,1569.90158119
prt,2010,1522.11979388
prt,2011,1470.86326799
prt,2012,1235.7446468
prt,2013,1288.28805479
prt,2014,1287.68045152
prt,2015,1119.74709368
prt,2016,1172.84424254
stp,2000,20.07579812
stp,2001,19.3402155
stp,2002,21.51302031
stp,2003,39.82557356
stp,2004,36.57982878
stp,2005,42.44040352
stp,2006,22.02174839
stp,2007,25.67861147
stp,2008,28.42081653
stp,2009,29.88049803
stp,2010,29.61357418
stp,2011,34.51636619
stp,2012,34.91905023
stp,2013,60.01678082
stp,2014,64.06799077
stp,2015,36.85888512
stp,2016,51.07194965
omn,2000,215.42845546
omn,2001,214.37022827
omn,2002,229.08083798
omn,2003,238.48643266
omn,2004,246.90890441
omn,2005,263.67328705
omn,2006,268.65157234
omn,2007,311.09127771
omn,2008,350.17716005
omn,2009,386.16425271
omn,2010,437.61796426
omn,2011,438.00733248
omn,2012,465.24594904
omn,2013,516.92883623
omn,2014,648.05014856
omn,2015,631.60744542
omn,2016,577.88462982
slb,2000,45.2302002
slb,2001,58.20240324
slb,2002,45.66693745
slb,2003,41.33340789
slb,2004,44.69493702
slb,2005,64.96358716
slb,2006,65.38597288
slb,2007,80.70661875
slb,2008,83.54556034
slb,2009,60.10048718
slb,2010,76.55126867
slb,2011,108.13831591
slb,2012,95.15305186
slb,2013,97.54916694
slb,2014,103.56833068
slb,2015,88.58564956
slb,2016,90.03260731
lka,2000,23.63468469
lka,2001,21.82503575
lka,2002,22.72424745
lka,2003,23.53482989
lka,2004,26.8118346
lka,2005,30.28445358
lka,2006,34.60948087
lka,2007,36.19805742
lka,2008,40.5239389
lka,2009,41.592476
lka,2010,44.71393211
lka,2011,50.92972903
lka,2012,48.10123033
lka,2013,63.28210705
lka,2014,63.18539209
lka,2015,68.02239503
lka,2016,66.67650938
che,2000,630.35031742
che,2001,721.19074442
che,2002,853.85500839
che,2003,1023.43260051
che,2004,1097.81404295
che,2005,1098.65420174
che,2006,1072.96648675
che,2007,1167.94913278
che,2008,1530.31743847
che,2009,1627.66581003
che,2010,1693.74762335
che,2011,2078.69225557
che,2012,2136.35701655
che,2013,2159.44928209
che,2014,2193.33679721
che,2015,2122.03344935
che,2016,2063.98147643
ton,2000,44.33480151
ton,2001,41.35754274
ton,2002,47.38500255
ton,2003,50.24367507
ton,2004,58.55789442
ton,2005,73.02470857
ton,2006,84.09619932
ton,2007,97.25642956
ton,2008,100.06832917
ton,2009,97.11302373
ton,2010,108.15605745
ton,2011,130.05476075
ton,2012,146.54412928
ton,2013,137.21687634
ton,2014,144.33357646
ton,2015,141.31521404
ton,2016,155.69845968
ukr,2000,16.62447804
ukr,2001,21.90305143
ukr,2002,27.0983356
ukr,2003,38.42157654
ukr,2004,46.6877784
ukr,2005,68.30606198
ukr,2006,89.64396177
ukr,2007,110.10473412
ukr,2008,125.29526562
ukr,2009,98.1440788
ukr,2010,114.70142136
ukr,2011,122.67500851
ukr,2012,145.08544633
ukr,2013,152.66850149
ukr,2014,86.52290763
ukr,2015,59.82453839
ukr,2016,60.15246768
alb,2000,21.27556248
alb,2001,23.39111852
alb,2002,24.00038828
alb,2003,30.69547916
alb,2004,46.40397117
alb,2005,50.12057973
alb,2006,56.4043169
alb,2007,55.83561515
alb,2008,71.63024208
alb,2009,33.5162968
alb,2010,30.07907888
alb,2011,32.46692472
alb,2012,23.3489112
alb,2013,25.04972022
alb,2014,28.17188562
alb,2015,23.19656762
alb,2016,22.92055862
arm,2000,6.46154118
arm,2001,10.10610673
arm,2002,9.97605709
arm,2003,12.02849348
arm,2004,16.7541413
arm,2005,24.45541305
arm,2006,34.45245944
arm,2007,50.99781231
arm,2008,60.09037751
arm,2009,54.54011832
arm,2010,54.84693987
arm,2011,59.27145041
arm,2012,58.38049267
arm,2013,58.18827625
arm,2014,63.45540284
arm,2015,60.28848959
arm,2016,62.79971175
and,2000,101.44508485
and,2001,120.9234176
and,2002,166.03310623
and,2003,165.19746206
and,2004,188.52159577
and,2005,454.17587688
and,2006,508.43263339
and,2007,609.93403102
and,2008,713.86781779
and,2009,738.34020189
and,2010,767.10128409
and,2011,878.6268825
and,2012,887.78424132
and,2013,1002.16785641
and,2014,1088.54363994
and,2015,918.48314089
and,2016,1053.81985818
aut,2004,1013.08433281
aut,2005,1064.0345853
aut,2006,1137.21226132
aut,2007,1300.05854017
aut,2008,1513.98522912
aut,2009,1506.32338771
aut,2010,1488.09736364
aut,2011,1593.60438598
aut,2012,1546.18203968
aut,2013,1593.56665247
aut,2014,1626.99688197
aut,2015,1383.60787707
aut,2016,1408.21655716
aze,2000,5.62703741
aze,2001,5.89447894
aze,2002,5.96523949
aze,2003,7.21970825
aze,2004,10.5683432
aze,2005,13.66440547
aze,2006,21.01002567
aze,2007,37.13334336
aze,2008,45.66618051
aze,2009,66.45486633
aze,2010,68.17195964
aze,2011,77.97699787
aze,2012,90.49395849
aze,2013,90.85787879
aze,2014,97.39398613
aze,2015,78.85341936
aze,2016,53.53440392
blr,2000,45.12307246
blr,2001,55.10333663
blr,2002,62.77962242
blr,2003,82.99376691
blr,2004,108.78141589
blr,2005,146.82422749
blr,2006,159.08255387
blr,2007,196.11325879
blr,2008,230.07740558
blr,2009,186.71366755
blr,2010,232.65695078
blr,2011,201.54966734
blr,2012,238.8667624
blr,2013,284.3566118
blr,2014,280.27107375
blr,2015,219.42167548
blr,2016,195.57896936
bel,2003,297.25359838
bel,2004,351.05163398
bel,2005,389.05303743
bel,2006,399.48234923
bel,2007,427.66741184
bel,2008,503.80467128
bel,2009,512.31560689
bel,2010,479.56458386
bel,2011,519.3482856
bel,2012,506.39305319
bel,2013,528.69912075
bel,2014,543.39125929
bel,2015,696.58904256
bel,2016,737.8840665
bgr,2000,49.17371607
bgr,2001,43.2852793
bgr,2002,52.34060144
bgr,2003,60.79231331
bgr,2004,65.68166485
bgr,2005,70.45857131
bgr,2006,49.22563286
bgr,2007,58.16280006
bgr,2008,80.4766938
bgr,2009,81.65027777
bgr,2010,82.78810072
bgr,2011,86.14833514
bgr,2012,61.41973199
bgr,2013,55.7822839
bgr,2014,58.53976412
bgr,2015,52.6182184
bgr,2016,57.23951155
bih,2000,1.92766017
bih,2001,1.79309315
bih,2002,1.96259086
bih,2003,2.74843618
bih,2004,6.47006526
bih,2005,7.39902026
bih,2006,8.4047008
bih,2007,7.79703264
bih,2008,7.41818348
bih,2009,7.52277869
bih,2010,7.56575118
bih,2011,8.52087231
bih,2012,9.75515141
bih,2013,10.31895922
bih,2014,10.90757595
bih,2015,9.21146093
bih,2016,9.57315821
hrv,2000,7.79576023
hrv,2001,7.55095437
hrv,2002,7.08269416
hrv,2003,8.41823124
hrv,2004,10.58481878
hrv,2005,101.97800821
hrv,2006,138.89816878
hrv,2007,240.33389973
hrv,2008,246.78557289
hrv,2009,226.20075595
hrv,2010,233.11743152
hrv,2011,53.21831882
hrv,2012,49.12904033
hrv,2013,24.11951727
hrv,2014,26.90335661
hrv,2015,22.84395467
hrv,2016,20.30564332
cub,2000,151.00348533
cub,2001,160.60369684
cub,2002,171.51010367
cub,2003,180.35755813
cub,2004,185.41856215
cub,2005,280.81610719
cub,2006,330.62349192
cub,2007,512.39033777
cub,2008,553.41610436
cub,2009,618.88385156
cub,2010,550.80489799
cub,2011,616.51408458
cub,2012,518.14482084
cub,2013,617.77260154
cub,2014,772.5711967
cub,2015,878.52928139
cub,2016,869.73303616
cyp,2000,312.84073578
cyp,2001,331.47290952
cyp,2002,400.5745421
cyp,2003,486.29166818
cyp,2004,507.28937188
cyp,2005,533.7508956
cyp,2006,595.54228975
cyp,2007,686.05213211
cyp,2008,904.38950795
cyp,2009,902.81662941
cyp,2010,944.51769685
cyp,2011,1012.39191025
cyp,2012,881.37459191
cyp,2013,885.27954123
cyp,2014,808.39111355
cyp,2015,665.95603563
cyp,2016,685.36764853
eri,2000,3.30723176
eri,2001,2.98352314
eri,2002,3.30995665
eri,2003,3.00698357
eri,2004,3.55258052
eri,2005,3.03301715
eri,2006,3.8944601
eri,2007,4.72928156
eri,2008,5.12693075
eri,2009,4.91964414
eri,2010,6.30641064
eri,2011,7.36632836
eri,2012,7.76762058
eri,2013,8.69382957
eri,2014,9.3461248
eri,2015,10.11793203
eri,2016,11.16336189
fji,2000,59.25904492
fji,2001,46.15219032
fji,2002,53.96294449
fji,2003,68.4089777
fji,2004,80.18627915
fji,2005,95.93656388
fji,2006,100.71634102
fji,2007,109.22536955
fji,2008,100.22164678
fji,2009,80.14649109
fji,2010,86.46686569
fji,2011,89.19810624
fji,2012,95.36057049
fji,2013,98.08650534
fji,2014,114.57534078
fji,2015,110.10369211
fji,2016,115.87060027
fin,2000,941.86438846
fin,2001,996.60752619
fin,2002,1140.73530331
fin,2003,1505.03922468
fin,2004,1760.33792928
fin,2005,1884.71213996
fin,2006,1968.78114114
fin,2007,2264.24644604
fin,2008,2579.98962555
fin,2009,2509.72885769
fin,2010,2460.00877476
fin,2011,2767.72828839
fin,2012,2717.59743257
fin,2013,2928.78382403
fin,2014,2921.40993476
fin,2015,2561.60010422
fin,2016,2551.63450015
gmb,2000,7.84834817
gmb,2001,8.40723354
gmb,2002,5.8229151
gmb,2003,7.4058174
gmb,2004,10.16946399
gmb,2005,12.21723308
gmb,2006,13.9860874
gmb,2007,17.40585307
gmb,2008,21.20147808
gmb,2009,18.70183039
gmb,2010,19.18971173
gmb,2011,19.2550089
gmb,2012,18.5404866
gmb,2013,17.22328481
gmb,2014,11.13061217
gmb,2015,7.49754077
gmb,2016,7.73057359
geo,2000,3.7506431
geo,2001,3.7169379
geo,2002,4.92375612
geo,2003,6.615858
geo,2004,13.92632891
geo,2005,19.30463061
geo,2006,22.01692651
geo,2007,27.6778349
geo,2008,48.6799371
geo,2009,55.70605834
geo,2010,58.47186059
geo,2011,53.44839337
geo,2012,66.34157932
geo,2013,81.42685171
geo,2014,98.30783794
geo,2015,101.81558019
geo,2016,114.5285984
gha,2000,5.94955783
gha,2001,8.55389204
gha,2002,7.13429236
gha,2003,9.07866311
gha,2004,10.7621431
gha,2005,14.14224319
gha,2006,19.37245533
gha,2007,22.4914132
gha,2008,24.6118537
gha,2009,26.40633389
gha,2010,33.40907071
gha,2011,38.29757395
gha,2012,37.59229198
gha,2013,36.26712104
gha,2014,32.3322653
gha,2015,35.21026355
gha,2016,21.87373528
gnb,2000,12.2092892
gnb,2001,10.25860689
gnb,2002,8.34709715
gnb,2003,11.7752355
gnb,2004,16.3479991
gnb,2005,15.44461027
gnb,2006,14.70472141
gnb,2007,20.3771249
gnb,2008,23.04929509
gnb,2009,19.9095215
gnb,2010,18.51480354
gnb,2011,20.72667469
gnb,2012,14.03134577
gnb,2013,14.11104984
gnb,2014,26.50468271
gnb,2015,24.51112285
gnb,2016,24.5079963
hun,2003,70.05679997
hun,2004,67.56361542
hun,2005,78.54424776
hun,2006,74.04622858
hun,2007,98.44648103
hun,2008,108.21938994
hun,2009,89.50197362
hun,2010,80.27620074
hun,2011,85.54554199
hun,2012,83.0639493
hun,2013,87.78172459
hun,2014,97.16904534
hun,2015,99.52842083
hun,2016,77.70416255
irq,2003,12.76437424
irq,2004,37.94899713
irq,2005,37.36766622
irq,2006,37.64361341
irq,2007,67.45049673
irq,2008,101.73501183
irq,2009,126.57499076
irq,2010,107.46430581
irq,2011,122.29566977
irq,2012,68.18749918
irq,2013,79.40169074
irq,2014,69.70323739
irq,2015,35.98168757
irq,2016,32.34240127
isr,2006,262.89103608
isr,2007,291.50147087
isr,2008,356.71572549
isr,2009,345.27885886
isr,2010,375.68238903
isr,2011,392.806309
isr,2012,396.36680025
isr,2013,453.68083273
isr,2014,494.51880644
isr,2015,460.25675709
isr,2016,444.32416551
irl,2011,3989.58895663
irl,2012,3745.94309523
irl,2013,3755.78155708
irl,2014,3779.20019243
irl,2015,3279.3381808
irl,2016,3414.56397947
jor,2000,64.39809997
jor,2001,69.52570616
jor,2002,72.5560077
jor,2003,70.30266903
jor,2004,82.04371704
jor,2005,87.87292649
jor,2006,97.44803819
jor,2007,117.28613116
jor,2008,139.39522828
jor,2009,168.69735471
jor,2010,157.66261178
jor,2011,155.44206587
jor,2012,195.42790926
jor,2013,173.59833955
jor,2014,187.8615157
jor,2015,145.31521239
jor,2016,134.41092569
kwt,2000,351.31334812
kwt,2001,485.39148322
kwt,2002,506.49122351
kwt,2003,572.38137449
kwt,2004,591.68903745
kwt,2005,673.91332484
kwt,2006,779.90934488
kwt,2007,768.79391611
kwt,2008,840.08364279
kwt,2009,1267.18098952
kwt,2010,898.4366845
kwt,2011,1088.95245841
kwt,2012,1121.47148967
kwt,2013,1058.34210095
kwt,2014,1181.75967466
kwt,2015,983.03204388
kwt,2016,896.20252956
lao,2000,4.32800888
lao,2001,4.55692841
lao,2002,3.59457271
lao,2003,4.39038739
lao,2004,4.00014881
lao,2005,5.38758402
lao,2006,6.44053267
lao,2007,6.65197053
lao,2008,7.92782178
lao,2009,15.8874635
lao,2010,11.31399276
lao,2011,8.99645632
lao,2012,11.09663448
lao,2013,20.54351936
lao,2014,20.38619717
lao,2015,26.19720307
lao,2016,26.12182088
lby,2000,119.2261073
lby,2001,138.37813463
lby,2002,121.17737277
lby,2003,125.76170708
lby,2004,132.86256864
lby,2005,137.24194626
lby,2006,153.59351923
lby,2007,183.48948163
lby,2008,217.7076923
lby,2009,244.96094175
lby,2010,280.35824155
lby,2011,197.86127369
mli,2000,3.38825684
mli,2001,3.65529881
mli,2002,4.07448231
mli,2003,5.76720431
mli,2004,9.90154108
mli,2005,9.92681878
mli,2006,11.39910333
mli,2007,12.03184118
mli,2008,10.4599921
mli,2009,9.547698
mli,2010,8.81710096
mli,2011,9.59144003
mli,2012,8.94798021
mli,2013,8.42808292
mli,2014,10.7322514
mli,2015,10.10466189
mli,2016,10.13580489
ltu,2000,9.87615073
ltu,2001,17.21499137
ltu,2002,36.19688515
ltu,2003,54.91475831
ltu,2004,21.87118103
ltu,2005,31.45343202
ltu,2006,32.35141328
ltu,2007,60.91337217
ltu,2008,97.15862957
ltu,2009,93.1717259
ltu,2010,83.35194665
ltu,2011,89.58690568
ltu,2012,82.43196929
ltu,2013,84.42625106
ltu,2014,103.12757786
ltu,2015,91.70829566
ltu,2016,98.00186487
mng,2000,15.9887241
mng,2001,12.23389779
mng,2002,12.79976852
mng,2003,11.86004979
mng,2004,15.22695551
mng,2005,15.8191287
mng,2006,20.50113994
mng,2007,31.98182635
mng,2008,44.57865602
mng,2009,31.38776943
mng,2010,36.47908589
mng,2011,48.55125787
mng,2012,67.03435917
mng,2013,67.88655328
mng,2014,58.23822715
mng,2015,57.5994466
mng,2016,56.44379263
fsm,2000,125.28855462
fsm,2001,145.94317174
fsm,2002,135.53555238
fsm,2003,165.70551228
fsm,2004,175.83531156
fsm,2005,196.00549927
fsm,2006,179.94209152
fsm,2007,197.22491863
fsm,2008,226.93772852
fsm,2009,267.21816083
fsm,2010,301.22471433
fsm,2011,310.25109213
fsm,2012,297.47765765
fsm,2013,282.23149023
fsm,2014,268.7341294
fsm,2015,282.11069528
fsm,2016,293.14136901
niu,2000,313.39848242
niu,2001,1439.84257651
niu,2002,460.16714368
niu,2003,569.10606188
niu,2004,810.85638061
niu,2005,660.16280546
niu,2006,3406.3014451
niu,2007,1212.12152237
niu,2008,1494.95064787
niu,2009,1531.09841949
niu,2010,1140.49813298
niu,2011,2070.49780394
niu,2012,1060.28079075
niu,2013,1091.23596102
niu,2014,1164.03162076
niu,2015,830.49890798
niu,2016,826.26357067
npl,2000,2.25245769
npl,2001,3.23922862
npl,2002,3.29961839
npl,2003,3.27459563
npl,2004,3.55341815
npl,2005,3.91031956
npl,2006,4.80534523
npl,2007,4.71781617
npl,2008,5.18245579
npl,2009,6.3931767
npl,2010,7.91553091
npl,2011,8.23628988
npl,2012,8.29653774
npl,2013,7.8564822
npl,2014,9.25180377
npl,2015,9.78671502
npl,2016,9.82614019
phl,2000,13.38160603
phl,2001,10.27803513
phl,2002,8.4622802
phl,2003,10.04498129
phl,2004,10.46498677
phl,2005,13.70598938
phl,2006,15.89203308
phl,2007,17.68470882
phl,2008,19.87766965
phl,2009,20.88545828
phl,2010,24.18436913
phl,2011,19.25921085
phl,2012,20.73655962
phl,2013,22.87727468
phl,2014,21.77018911
phl,2015,25.22906307
phl,2016,28.1733453
pol,2003,21.81858792
pol,2004,33.24633637
pol,2005,33.40241658
pol,2006,37.57495823
pol,2007,43.65746554
pol,2008,53.73099833
pol,2009,42.20430708
pol,2010,47.33293595
pol,2011,54.91326343
pol,2012,52.28395853
pol,2013,87.56017544
pol,2014,83.52115326
pol,2015,73.6598405
pol,2016,81.09699786
rou,2000,7.8440697
rou,2001,10.84752147
rou,2002,13.64945981
rou,2003,19.34437883
rou,2004,23.00804082
rou,2005,31.85733379
rou,2006,29.110956
rou,2007,45.87274044
rou,2008,56.51807774
rou,2009,64.78591163
rou,2010,67.61847906
rou,2011,41.86821739
rou,2012,40.08243655
rou,2013,64.00117472
rou,2014,66.49771064
rou,2015,59.71508353
rou,2016,62.3622169
wsm,2000,52.62868198
wsm,2001,47.81981105
wsm,2002,57.53234148
wsm,2003,57.75878325
wsm,2004,72.61528456
wsm,2005,86.41121555
wsm,2006,100.57350444
wsm,2007,115.39642179
wsm,2008,125.37218684
wsm,2009,152.18372986
wsm,2010,162.30219568
wsm,2011,188.49946994
wsm,2012,169.35995219
wsm,2013,220.97436847
wsm,2014,222.29119602
wsm,2015,176.5847546
wsm,2016,183.58375022
sen,2000,7.12784095
sen,2001,8.46849656
sen,2002,8.74203916
sen,2003,11.7571117
sen,2004,13.9946059
sen,2005,15.33939003
sen,2006,17.73925548
sen,2007,15.45437404
sen,2008,19.34001651
sen,2009,18.69218673
sen,2010,18.111385339999998
sen,2011,19.27015219
sen,2012,18.0142526
sen,2013,18.79467307
sen,2014,19.9438438
sen,2015,17.30611177
sen,2016,18.79263738
sgp,2000,283.74350911
sgp,2001,186.18056477
sgp,2002,224.67678885
sgp,2003,271.10309297
sgp,2004,232.59071334
sgp,2005,236.1509774
sgp,2006,264.13743875
sgp,2007,309.13854195
sgp,2008,395.56246769
sgp,2009,420.26105174
sgp,2010,487.35405942
sgp,2011,558.87248248
sgp,2012,642.46541322
sgp,2013,777.46259385
sgp,2014,880.19764678
sgp,2015,949.64772222
sgp,2016,987.94411214
svk,2005,45.89078447
svk,2006,46.61339408
svk,2007,64.77217917
svk,2008,83.7796361
svk,2009,92.66370164
svk,2010,87.54737458
svk,2011,97.78032611
svk,2012,89.60400265
svk,2013,91.18035724
svk,2014,51.51012066
svk,2015,48.04705412
svk,2016,50.64333904
zaf,2000,81.59127041
zaf,2001,70.80405409
zaf,2002,56.52005204
zaf,2003,87.03878936
zaf,2004,116.75533084
zaf,2005,127.32127866
zaf,2006,133.4669895
zaf,2007,146.78902812
zaf,2008,145.29667574
zaf,2009,159.45905676
zaf,2010,220.42503415
zaf,2011,253.90350448
zaf,2012,251.24555467
zaf,2013,227.49099069
zaf,2014,219.09067323
zaf,2015,201.06533969
zaf,2016,183.69606158
swz,2000,42.35444161
swz,2001,36.77645572
swz,2002,34.44075114
swz,2003,63.25131399
swz,2004,82.07417466
swz,2005,107.11914841
swz,2006,119.65701873
swz,2007,125.10943925
swz,2008,143.82160906
swz,2009,148.61800678
swz,2010,233.72222971
swz,2011,247.47343329
swz,2012,203.88654067
swz,2013,191.39832722
swz,2014,183.92368201
swz,2015,169.87794091
swz,2016,169.54494283
swe,2001,1776.06776635
swe,2002,2035.95937461
swe,2003,2588.26221721
swe,2004,2886.71286325
swe,2005,2921.56895141
swe,2006,3099.32054395
swe,2007,3537.52892553
swe,2008,3808.67058718
swe,2009,3402.85440832
swe,2010,3633.25031273
swe,2011,5362.68904906
swe,2012,5243.5390196
swe,2013,5605.98924019
swe,2014,5525.89700654
swe,2015,4686.2348938
swe,2016,4768.65494077
tha,2000,30.85892606
tha,2001,27.52546282
tha,2002,39.44972937
tha,2003,43.38323967
tha,2004,47.83782585
tha,2005,50.73542544
tha,2006,66.41400342
tha,2007,86.04814167
tha,2008,103.09246973
tha,2009,99.1363868
tha,2010,112.99122522
tha,2011,134.47792675
tha,2012,139.38706079
tha,2013,143.78114875
tha,2014,147.19332519
tha,2015,141.69436007
tha,2016,148.51238958
syr,2000,19.26449766
syr,2001,24.21566061
syr,2002,29.02031843
syr,2003,29.37616913
syr,2004,29.44790828
syr,2005,32.12307083
syr,2006,31.08528375
syr,2007,36.22962444
syr,2008,40.63415
syr,2009,41.54526489
syr,2010,42.62129086
syr,2011,38.03595431
syr,2012,30.03407888
btn,2000,27.95288423
btn,2001,28.47929849
btn,2002,28.38622063
btn,2003,29.28808468
btn,2004,33.01236306
btn,2005,33.84642541
btn,2006,35.86970208
btn,2007,45.83390073
btn,2008,44.7289798
btn,2009,47.67523744
btn,2010,57.47137907
btn,2011,61.50340878
btn,2012,59.62678097
btn,2013,61.03543998
btn,2014,61.49811712
btn,2015,71.94133128
btn,2016,71.61451586
bgd,2000,2.38275261
bgd,2001,1.79037106
bgd,2002,2.23833022
bgd,2003,2.49184324
bgd,2004,2.62573653
bgd,2005,2.49740232
bgd,2006,2.76090203
bgd,2007,3.17511404
bgd,2008,3.2699285
bgd,2009,3.53874588
bgd,2010,4.24292302
bgd,2011,4.63584024
bgd,2012,4.65649141
bgd,2013,5.1022343
bgd,2014,5.48850732
bgd,2015,5.61387656
bgd,2016,6.14438538
tun,2000,40.03865457
tun,2001,39.24387698
tun,2002,40.8919462
tun,2003,46.48000078
tun,2004,49.52203216
tun,2005,49.0140726
tun,2006,51.44927077
tun,2007,57.50969088
tun,2008,64.31837974
tun,2009,63.09410359
tun,2010,63.9690282
tun,2011,69.89231272
tun,2012,67.67962611
tun,2013,69.62187769
tun,2014,73.44661958
tun,2015,69.83899086
tun,2016,68.19715153
tur,2003,64.49260204
tur,2004,78.55771579
tur,2005,99.7702038
tur,2006,113.39672049
tur,2007,145.3713373
tur,2008,152.54059994
tur,2009,154.98887708
tur,2010,145.21441914
tur,2011,143.75237912
tur,2012,111.97230414
tur,2013,113.10938735
tur,2014,112.20794499
tur,2015,99.38005457
tur,2016,105.58172166
uga,2000,5.08533049
uga,2001,5.50882707
uga,2002,5.9552967
uga,2003,5.62525684
uga,2004,8.67183763
uga,2005,11.24331223
uga,2006,13.1215103
uga,2007,16.09984542
uga,2008,18.12729762
uga,2009,16.92411503
uga,2010,17.12690687
uga,2011,13.61585812
uga,2012,13.87325094
uga,2013,13.37745336
uga,2014,7.02065664
uga,2015,6.00924892
uga,2016,5.98729811
ind,2000,3.89173029
ind,2001,3.79704027
ind,2002,3.74657896
ind,2003,4.0112126
ind,2004,4.55489563
ind,2005,5.38109795
ind,2006,5.79896424
ind,2007,7.14851797
ind,2008,8.02113926
ind,2009,8.77393943
ind,2010,10.37977882
ind,2011,12.29581931
ind,2012,11.81314905
ind,2013,10.8075022
ind,2014,11.52307905
ind,2015,12.73320732
ind,2016,13.43009989
cze,2000,24.56889825
cze,2001,27.69941389
cze,2002,35.73893685
cze,2003,48.00857349
cze,2004,49.187443
cze,2005,47.39024823
cze,2006,61.01161155
cze,2007,59.589971
cze,2008,72.72822835
cze,2009,76.48439395
cze,2010,74.40989268
cze,2011,71.21919315
cze,2012,62.84255865
cze,2013,199.1377422
cze,2014,176.93262905
cze,2015,154.27982123
cze,2016,162.8659172
isl,2003,3224.09598015
isl,2004,3659.50326477
isl,2005,4262.15228523
isl,2006,4154.21892259
isl,2007,4980.73903242
isl,2008,4025.66443847
isl,2009,2996.6943241
isl,2010,2956.33177474
isl,2011,3144.35380539
isl,2012,3018.17591888
isl,2013,3286.37964473
isl,2014,3634.17228452
isl,2015,3460.47631091
isl,2016,4127.34948945
mys,2000,51.04546218
mys,2001,56.98089312
mys,2002,61.36386858
mys,2003,73.25471545
mys,2004,77.98671141
mys,2005,79.07287165
mys,2006,108.2186069
mys,2007,122.09369936
mys,2008,142.78794752
mys,2009,137.96102816
mys,2010,152.85145534
mys,2011,184.5068386
mys,2012,202.88827935
mys,2013,206.61388901
mys,2014,228.26974909
mys,2015,197.49382432
mys,2016,180.07423477
moz,2000,8.00343084
moz,2001,8.95188736
moz,2002,8.20822273
moz,2003,8.81104774
moz,2004,9.84546911
moz,2005,13.49827257
moz,2006,12.97041864
moz,2007,13.44928533
moz,2008,14.99203853
moz,2009,13.80361839
moz,2010,11.60750766
moz,2011,14.01554668
moz,2012,14.78655529
moz,2013,16.68837892
moz,2014,21.37450944
moz,2015,15.01234591
moz,2016,9.89696031
nru,2000,271.48664775
nru,2001,252.12292637
nru,2002,274.89008439
nru,2003,320.87103184
nru,2004,290.51074648
nru,2005,302.02325546
nru,2006,317.08796883
nru,2007,418.30099847
nru,2008,651.84772253
nru,2009,476.02736706
nru,2010,527.0454427
nru,2011,598.20455699
nru,2012,750.91431954
nru,2013,595.79911497
nru,2014,793.93181253
nru,2015,831.11446244
nru,2016,913.73423137
tjk,2000,1.23972531
tjk,2001,1.46576708
tjk,2002,1.51497686
tjk,2003,2.03631077
tjk,2004,2.85850488
tjk,2005,3.55776513
tjk,2006,4.11422167
tjk,2007,5.92963585
tjk,2008,10.16848427
tjk,2009,8.49547763
tjk,2010,10.30998763
tjk,2011,12.79379661
tjk,2012,16.63225583
tjk,2013,19.84049696
tjk,2014,23.3217711
tjk,2015,19.3599116
tjk,2016,17.74358478
esp,2003,1077.40172045
esp,2004,1267.95727732
esp,2005,1365.08168667
esp,2006,1497.65312462
esp,2007,1751.95432185
esp,2008,2042.21783122
esp,2009,2063.09724919
esp,2010,1946.18054204
esp,2011,2002.23451005
esp,2012,1747.08885901
esp,2013,1740.0960468
esp,2014,1751.56596293
esp,2015,1563.67517374
esp,2016,1588.50324228
khm,2000,3.90008006
khm,2001,4.01865463
khm,2002,5.00343903
khm,2003,5.63439012
khm,2004,6.33176687
khm,2005,6.3166266
khm,2006,7.24357186
khm,2007,7.57428354
khm,2008,7.56456425
khm,2009,8.87140949
khm,2010,10.62287763
khm,2011,11.14329828
khm,2012,16.07720286
khm,2013,19.10196108
khm,2014,17.29913779
khm,2015,19.23340709
khm,2016,20.21043425
brn,2000,427.94086459
brn,2001,386.57995416
brn,2002,395.47113346
brn,2003,443.88480713
brn,2004,514.43994931
brn,2005,540.55147083
brn,2006,558.54549905
brn,2007,612.99808421
brn,2008,709.21620938
brn,2009,671.11102241
brn,2010,737.11438543
brn,2011,802.18369527
brn,2012,803.92392302
brn,2013,766.97448267
brn,2014,736.72639874
brn,2015,702.45937361
brn,2016,598.64640615
aus,2000,1116.23144691
aus,2001,1055.75634095
aus,2002,1210.38681967
aus,2003,1524.9863604
aus,2004,1884.67468682
aus,2005,2054.87218494
aus,2006,2170.45611408
aus,2007,2629.69338209
aus,2008,2821.20897623
aus,2009,2770.11198623
aus,2010,3399.40611011
aus,2011,4067.59395007
aus,2012,4083.90377323
aus,2013,3943.95274641
aus,2014,3797.34117834
aus,2015,3333.87726324
aus,2016,3416.98230887
chn,2000,5.18985021
chn,2001,5.57938643
chn,2002,6.63509583
chn,2003,7.69020566
chn,2004,8.68345127
chn,2005,10.51034497
chn,2006,12.73170401
chn,2007,17.96907488
chn,2008,26.19994294
chn,2009,33.91633356
chn,2010,39.3296246
chn,2011,46.56984353
chn,2012,53.94860169
chn,2013,59.60965153
chn,2014,66.1678125
chn,2015,77.52139245
chn,2016,77.09269357
cok,2000,151.14980444
cok,2001,166.73657117
cok,2002,199.02965158
cok,2003,237.16083314
cok,2004,274.38178021
cok,2005,297.36817659
cok,2006,305.44595623
cok,2007,391.89408066
cok,2008,356.2699964
cok,2009,378.04970579
cok,2010,431.6162182
cok,2011,489.32734234
cok,2012,482.7292793
cok,2013,504.20230924
cok,2014,537.42791436
cok,2015,424.42877761
cok,2016,538.90526817
ita,2000,1102.87554538
ita,2001,1179.6404218
ita,2002,1313.69320593
ita,2003,1624.3322252
ita,2004,1950.83982534
ita,2005,2071.45751062
ita,2006,2198.01655781
ita,2007,2390.17049911
ita,2008,2706.71067424
ita,2009,2597.26842978
ita,2010,2517.16100322
ita,2011,2600.16052031
ita,2012,2370.88722035
ita,2013,2419.17763277
ita,2014,2403.46894043
ita,2015,2012.37170338
ita,2016,2032.13558873
ken,2000,7.09682786
ken,2001,7.45337606
ken,2002,7.86191291
ken,2003,8.49597283
ken,2004,8.48813919
ken,2005,9.22458069
ken,2006,9.98559333
ken,2007,12.58425083
ken,2008,13.97730534
ken,2009,13.95688961
ken,2010,14.96432115
ken,2011,16.45528931
ken,2012,20.36992925
ken,2013,22.85033133
ken,2014,25.39879952
ken,2015,24.23614584
ken,2016,24.7805635
kgz,2000,5.25268823
kgz,2001,5.50649373
kgz,2002,6.3052732
kgz,2003,7.22651936
kgz,2004,8.61927868
kgz,2005,16.40159644
kgz,2006,22.07885384
kgz,2007,21.82678371
kgz,2008,26.37344849
kgz,2009,30.35243712
kgz,2010,29.37401083
kgz,2011,38.52086704
kgz,2012,45.28647756
kgz,2013,46.02400334
kgz,2014,42.60735427
kgz,2015,29.82801759
kgz,2016,26.36167087
mwi,2000,4.24437193
mwi,2001,3.14312823
mwi,2002,6.36755505
mwi,2003,7.71501502
mwi,2004,8.69500755
mwi,2005,10.96647868
mwi,2006,10.19053802
mwi,2007,11.63875311
mwi,2008,18.27022092
mwi,2009,21.1479016
mwi,2010,15.77329607
mwi,2011,17.80240239
mwi,2012,12.17583706
mwi,2013,20.10074892
mwi,2014,16.5427705
mwi,2015,16.08593242
mwi,2016,13.53356406
mlt,2000,465.03162446
mlt,2001,471.22528093
mlt,2002,584.74634717
mlt,2003,749.41974609
mlt,2004,852.1634037
mlt,2005,953.2078375
mlt,2006,1008.78416458
mlt,2007,1065.11693264
mlt,2008,1133.98707888
mlt,2009,1088.93284222
mlt,2010,1118.18123989
mlt,2011,1263.67984918
mlt,2012,1245.43638757
mlt,2013,1432.64489935
mlt,2014,1513.53031319
mlt,2015,1364.75106157
mlt,2016,1469.08274071
mus,2000,63.68562624
mus,2001,64.25433139
mus,2002,71.91285928
mus,2003,84.96312388
mus,2004,103.250419
mus,2005,95.29954469
mus,2006,93.90611282
mus,2007,98.96563574
mus,2008,116.06290066
mus,2009,122.90664758
mus,2010,168.28248261
mus,2011,178.32576876
mus,2012,184.68680339
mus,2013,194.81509486
mus,2014,251.60361395
mus,2015,233.47240957
mus,2016,243.66515975
nam,2000,145.72152138
nam,2001,132.51893566
nam,2002,126.82222667
nam,2003,191.58032752
nam,2004,230.1410849
nam,2005,238.24996673
nam,2006,231.16979328
nam,2007,273.58165453
nam,2008,244.2355484
nam,2009,246.83659047
nam,2010,294.7607784
nam,2011,305.17194689
nam,2012,275.97185726
nam,2013,273.09791155
nam,2014,275.41454844
nam,2015,202.99363905
nam,2016,197.78546959
mco,2000,53.77085152
mco,2001,54.77060409
mco,2002,59.93169263
mco,2003,86.00170921
mco,2004,99.84849677
mco,2005,101.6113338
mco,2006,103.54176992
mco,2007,114.10153456
mco,2008,133.34300677
mco,2009,131.57506641
mco,2010,130.67436075
mco,2011,136.54198132
mco,2012,131.51121794
mco,2013,143.33515622
mco,2014,149.03775666
mco,2015,127.65440579
mco,2016,153.00635505
nld,2000,75.73715357
nld,2001,81.17728004
nld,2002,93.6118248
nld,2003,114.04514447
nld,2004,133.02784233
nld,2005,180.68169241
nld,2006,193.34767652
nld,2007,240.54938018
nld,2008,274.86688448
nld,2009,260.3657671
nld,2010,246.23682305
nld,2011,264.23635534
nld,2012,246.42800828
nld,2013,262.53409793
nld,2014,273.38931658
nld,2015,287.20654534
nld,2016,291.24729078
nga,2000,3.15367055
nga,2001,3.13735959
nga,2002,2.5042977
nga,2003,4.72229708
nga,2004,8.04357348
nga,2005,8.47902022
nga,2006,10.76332789
nga,2007,14.67114819
nga,2008,17.82723616
nga,2009,12.74155858
nga,2010,12.41205156
nga,2011,14.65590099
nga,2012,19.5480238
nga,2013,14.31007864
nga,2014,20.68395291
nga,2015,17.77963258
nga,2016,11.67590379
pak,2000,5.50181959
pak,2001,4.83947526
pak,2002,5.82873855
pak,2003,3.61313494
pak,2004,4.37889188
pak,2005,4.34901552
pak,2006,4.05628711
pak,2007,6.12642532
pak,2008,4.99379674
pak,2009,5.30010605
pak,2010,5.64061974
pak,2011,7.17995014
pak,2012,7.90950564
pak,2013,8.22867464
pak,2014,9.04372964
pak,2015,10.09071884
pak,2016,10.68079188
plw,2000,531.58852673
plw,2001,496.48840445
plw,2002,493.92142638
plw,2003,524.41441624
plw,2004,639.58977984
plw,2005,595.88701899
plw,2006,658.92454527
plw,2007,687.95540863
plw,2008,644.6875618
plw,2009,638.31230951
plw,2010,729.32442599
plw,2011,674.78634885
plw,2012,745.37532518
plw,2013,774.24918738
plw,2014,821.32976202
plw,2015,829.95598459
plw,2016,988.65930335
qat,2000,358.47328785
qat,2001,414.82622552
qat,2002,463.52722611
qat,2003,905.00079545
qat,2004,964.11167293
qat,2005,990.92807399
qat,2006,993.58987913
qat,2007,988.51455013
qat,2008,991.49428128
qat,2009,938.44349493
qat,2010,893.01969251
qat,2011,1011.33258823
qat,2012,1225.36936472
qat,2013,1543.16765536
qat,2014,1825.42631401
qat,2015,1733.48219874
qat,2016,1491.39098251
rwa,2000,2.32359926
rwa,2001,2.2249649
rwa,2002,2.32994319
rwa,2003,5.44146318
rwa,2004,7.47396379
rwa,2005,10.11252339
rwa,2006,12.47906934
rwa,2007,16.36040377
rwa,2008,19.90857182
rwa,2009,22.37144755
rwa,2010,24.76874459
rwa,2011,23.02807047
rwa,2012,23.68772881
rwa,2013,20.23092088
rwa,2014,17.13013953
rwa,2015,17.4310528
rwa,2016,17.28014209
sle,2000,4.86778398
sle,2001,6.43278908
sle,2002,7.41037796
sle,2003,7.34368792
sle,2004,6.98671541
sle,2005,7.61749382
sle,2006,6.3228083
sle,2007,5.83199401
sle,2008,7.13662762
sle,2009,8.45450337
sle,2010,9.26211599
sle,2011,9.62074573
sle,2012,10.86842865
sle,2013,12.01440989
sle,2014,14.00852837
sle,2015,23.55908261
sle,2016,26.20236612
svn,2003,35.29424379
svn,2004,43.22712697
svn,2005,49.84268698
svn,2006,53.12683172
svn,2007,59.35223831
svn,2008,66.67563469
svn,2009,67.91199751
svn,2010,74.88293909
svn,2011,79.66497691
svn,2012,73.48947044
svn,2013,90.5154321
svn,2014,76.58559372
svn,2015,56.25887035
svn,2016,69.79643413
uzb,2000,13.93126798
uzb,2001,11.78608327
uzb,2002,9.17662754
uzb,2003,9.33416228
uzb,2004,10.39671329
uzb,2005,12.2884071
uzb,2006,15.53889595
uzb,2007,18.77474486
uzb,2008,25.34692713
uzb,2009,30.35804241
uzb,2010,37.81563318
uzb,2011,44.65045954
uzb,2012,54.15214436
uzb,2013,58.95180155
uzb,2014,63.48108347
uzb,2015,66.23397892
uzb,2016,63.23650335
tkm,2000,35.74792398
tkm,2001,42.80920041
tkm,2002,45.88684811
tkm,2003,66.46054343
tkm,2004,73.08545864
tkm,2005,73.00559277
tkm,2006,68.74550076
tkm,2007,73.99886602
tkm,2008,40.96310585
tkm,2009,47.1541161
tkm,2010,53.36162332
tkm,2011,71.97957889
tkm,2012,85.2963908
tkm,2013,107.41820782
tkm,2014,118.03418889
tkm,2015,97.05159074
tkm,2016,78.4033255
tgo,2000,1.41216777
tgo,2001,1.56068315
tgo,2002,1.87415555
tgo,2003,2.57449257
tgo,2004,3.253576
tgo,2005,3.75306588
tgo,2006,4.3725433
tgo,2007,5.52697501
tgo,2008,6.87626979
tgo,2009,7.60803178
tgo,2010,9.45893965
tgo,2011,10.69678426
tgo,2012,11.36807793
tgo,2013,12.58287116
tgo,2014,12.07893923
tgo,2015,11.48273639
tgo,2016,13.23425742
vut,2000,36.29687581
vut,2001,34.28379394
vut,2002,35.51979773
vut,2003,39.47539445
vut,2004,41.57104999
vut,2005,40.38198187
vut,2006,45.09349246
vut,2007,55.49001606
vut,2008,62.61063711
vut,2009,65.32033672
vut,2010,78.1075393
vut,2011,90.94070524
vut,2012,93.66403205
vut,2013,97.22271971
vut,2014,76.07808016
vut,2015,92.88855234
vut,2016,80.85723049
