country,year,sha11_fs_6_1_million_current_us
atg,2000,8.65933333
atg,2001,9.90111111
atg,2002,9.79355556
atg,2003,11.09666667
atg,2004,11.43962963
atg,2005,13.82325926
atg,2006,16.25296296
atg,2007,18.98222222
atg,2008,18.3617037
atg,2009,12.96807407
atg,2010,15.24955556
atg,2011,15.95977778
atg,2012,17.684
atg,2013,17.42
atg,2014,18.59896296
atg,2015,16.60593559
atg,2016,20.2502
arg,2000,7605.80290145
arg,2001,7416.70835418
arg,2002,2529.987146
arg,2003,2822.14634144
arg,2004,3314.4040236
arg,2005,5049.14921956
arg,2006,5593.07384485
arg,2007,6454.86648138
arg,2008,7187.60089326
arg,2009,6830.53107665
arg,2010,7240.46790962
arg,2011,8011.65005691
arg,2012,6939.0468325
arg,2013,7448.68531721
arg,2014,6826.39207233
arg,2015,7637.88400517
arg,2016,6616.77172192
brb,2000,64.23150547
brb,2001,64.23150547
brb,2002,66.49849978
brb,2003,77.07780657
brb,2004,84.63445427
brb,2005,90.67977243
brb,2006,98.23642013
brb,2007,104.2817383
brb,2008,109.88053212
brb,2009,115.92126441
brb,2010,116.85317642
brb,2011,135.56625978
brb,2012,138.435
brb,2013,147.7966124
brb,2014,148.26285403
brb,2015,148.9116243
brb,2016,149.84807557
bhs,2000,69.0
bhs,2001,70.0
bhs,2002,84.0
bhs,2003,96.0
bhs,2004,111.0
bhs,2005,135.0
bhs,2006,151.0
bhs,2007,175.0
bhs,2008,176.0
bhs,2009,165.0
bhs,2010,170.0
bhs,2011,173.0
bhs,2012,186.0
bhs,2013,183.0
bhs,2014,194.0
bhs,2015,181.0
bhs,2016,199.0
bra,2000,19989.9080755
bra,2001,18016.01494389
bra,2002,15989.79294019
bra,2003,16216.5405256
bra,2004,19231.69325615
bra,2005,25704.18009104
bra,2006,31406.31747047
bra,2007,37922.33589633
bra,2008,41958.99143483
bra,2009,43675.98762
bra,2010,94036.7714176
bra,2011,110338.25123858
bra,2012,108179.50732412
bra,2013,111306.15818924
bra,2014,118520.90681868
bra,2015,92294.20654404
bra,2016,91895.41379919
blz,2000,12.9
blz,2001,13.61
blz,2002,14.635
blz,2003,15.29
blz,2004,15.84
blz,2005,15.96
blz,2006,15.815
blz,2007,16.855
blz,2008,18.045
blz,2009,18.97
blz,2010,19.31
blz,2011,19.5
blz,2012,20.59
blz,2013,22.815
blz,2014,23.68
blz,2015,24.51366304
blz,2016,25.48
bol,2000,118.8563426
bol,2001,124.7864091
bol,2002,126.13875984
bol,2003,129.20925045
bol,2004,133.49968804
bol,2005,144.42092797
bol,2006,163.59659289
bol,2007,179.0864388
bol,2008,220.73449965
bol,2009,253.88328091
bol,2010,319.49041649
bol,2011,376.70395534
bol,2012,454.15411681
bol,2013,566.00003264
bol,2014,562.17109195
bol,2015,548.3890176
bol,2016,649.89594926
can,2000,10200.50972655
can,2001,10150.82830727
can,2002,10717.08028583
can,2003,12307.80013875
can,2004,14230.14268047
can,2005,16290.14089389
can,2006,19188.16199047
can,2007,21175.1067639
can,2008,22582.67262708
can,2009,21787.54545749
can,2010,26402.30526625
can,2011,26883.64892055
can,2012,27075.4012258
can,2013,26883.97810442
can,2014,26069.23212534
can,2015,23410.06162155
can,2016,23649.07840174
chl,2000,2344.8319318
chl,2001,2163.06833061
chl,2002,2152.71456875
chl,2003,2372.188213
chl,2004,2864.92606842
chl,2005,3440.90537589
chl,2006,3806.74744236
chl,2007,4201.19720861
chl,2008,4532.2614259
chl,2009,4298.67070456
chl,2010,5103.16952659
chl,2011,5893.15593874
chl,2012,6265.41993578
chl,2013,6971.57698993
chl,2014,6970.69244449
chl,2015,6988.76270087
chl,2016,7413.79961083
cod,2000,478.08660919
cod,2001,205.04879312
cod,2002,160.00665883
cod,2003,227.1303789
cod,2004,321.96354341
cod,2005,348.60142812
cod,2006,430.92568965
cod,2007,461.30971011
cod,2008,491.63917939
cod,2009,384.741822
cod,2010,307.37073197
cod,2011,327.4460015
cod,2012,389.61952723
cod,2013,459.41897865
cod,2014,553.24580874
cod,2015,563.32093708
cod,2016,604.74023221
col,2000,720.97237896
col,2001,736.81578106
col,2002,612.53281823
col,2003,456.88782756
col,2004,912.21381332
col,2005,1449.62015526
col,2006,1836.26387631
col,2007,2576.09153088
col,2008,3455.35138661
col,2009,3060.92571822
col,2010,3747.04428276
col,2011,4124.03291187
col,2012,4524.21948634
col,2013,4621.88720941
col,2014,4469.87946506
col,2015,3438.31752675
col,2016,3337.98063431
dom,2000,647.39501724
dom,2001,670.73248654
dom,2002,683.77859545
dom,2003,551.69021152
dom,2004,593.46067098
dom,2005,832.98815618
dom,2006,829.3815802
dom,2007,878.45585013
dom,2008,981.8419152
dom,2009,1047.15471334
dom,2010,1302.55845793
dom,2011,1390.08195683
dom,2012,1530.08759913
dom,2013,1523.60267707
dom,2014,1641.15302633
dom,2015,1763.79590724
dom,2016,1967.79461182
dma,2000,5.83531292
dma,2001,6.49943525
dma,2002,6.52401481
dma,2003,6.81577163
dma,2004,7.58136367
dma,2005,7.72406272
dma,2006,7.97441357
dma,2007,9.24438867
dma,2008,10.98643269
dma,2009,11.00056314
dma,2010,10.067395
dma,2011,9.62962963
dma,2012,10.15227073
dma,2013,10.1051382
dma,2014,9.94710016
dma,2015,9.10113183
dma,2016,8.98957557
cri,2000,311.21884884
cri,2001,327.18210275
cri,2002,349.51144165
cri,2003,370.31707745
cri,2004,395.57952765
cri,2005,437.80202728
cri,2006,489.53451682
cri,2007,581.45160887
cri,2008,678.8826947
cri,2009,638.05580931
cri,2010,767.5592108
cri,2011,895.49536615
cri,2012,901.12695135
cri,2013,909.07648065
cri,2014,973.21538547
cri,2015,968.38821809
cri,2016,956.05467854
ecu,2000,388.0
ecu,2001,560.0
ecu,2002,800.0
ecu,2003,1095.0
ecu,2004,1240.0
ecu,2005,1459.0
ecu,2006,1627.0
ecu,2007,1606.0
ecu,2008,1873.0
ecu,2009,2047.0
ecu,2010,2354.0
ecu,2011,2833.0
ecu,2012,3253.0
ecu,2013,3450.0
ecu,2014,3682.0
ecu,2015,3741.0
ecu,2016,3348.2
slv,2000,544.0
slv,2001,549.0
slv,2002,547.0
slv,2003,541.0
slv,2004,535.0
slv,2005,529.0
slv,2006,416.0
slv,2007,460.0
slv,2008,477.0
slv,2009,490.0
slv,2010,498.0
slv,2011,505.0
slv,2012,517.0
slv,2013,479.0
slv,2014,491.0
slv,2015,498.0
slv,2016,506.42512273
grd,2000,16.5252963
grd,2001,16.42444444
grd,2002,17.01514815
grd,2003,16.77777778
grd,2004,15.18518519
grd,2005,17.38425926
grd,2006,18.8649
grd,2007,22.00187037
grd,2008,24.77933333
grd,2009,23.91018519
grd,2010,24.672
grd,2011,24.91733333
grd,2012,25.59644444
grd,2013,26.96177778
grd,2014,27.6323859
grd,2015,28.04582826
grd,2016,32.01997586
gtm,2000,577.00736284
gtm,2001,746.03078568
gtm,2002,818.66456047
gtm,2003,875.18360419
gtm,2004,939.30478443
gtm,2005,1082.7565668
gtm,2006,1225.587169
gtm,2007,1336.75780363
gtm,2008,1445.51961778
gtm,2009,1370.58404628
gtm,2010,1498.52314875
gtm,2011,1665.66585867
gtm,2012,1767.52357494
gtm,2013,1783.38254935
gtm,2014,1945.37585171
gtm,2015,2033.74472003
gtm,2016,2134.71244998
guy,2000,5.47499281
guy,2001,5.55523509
guy,2002,5.52531366
guy,2003,8.19070379
guy,2004,8.40109426
guy,2005,10.97185741
guy,2006,21.46478733
guy,2007,27.8729573
guy,2008,32.52414471
guy,2009,37.76906104
guy,2010,44.69548704
guy,2011,52.9535496
guy,2012,58.36262039
guy,2013,63.14413983
guy,2014,61.78403032
guy,2015,57.41997311
guy,2016,52.12406724
hti,2000,111.85287818
hti,2001,104.71125606
hti,2002,92.75060413
hti,2003,78.33972036
hti,2004,99.57751046
hti,2005,105.3189793
hti,2006,115.56969631
hti,2007,141.38302552
hti,2008,148.71700613
hti,2009,157.54408934
hti,2010,182.00018569
hti,2011,199.47076931
hti,2012,215.03158675
hti,2013,219.99848345
hti,2014,209.47331177
hti,2015,187.30494969
hti,2016,170.76519939
hnd,2000,206.98589177
hnd,2001,238.2917685
hnd,2002,254.44333871
hnd,2003,274.02981027
hnd,2004,304.33738016
hnd,2005,359.0843942
hnd,2006,428.05032148
hnd,2007,497.69516965
hnd,2008,614.07365654
hnd,2009,589.33268414
hnd,2010,639.36681997
hnd,2011,713.06755721
hnd,2012,799.72312897
hnd,2013,772.5002747
hnd,2014,761.30363858
hnd,2015,795.45959419
hnd,2016,818.52461068
jam,2000,150.60822553
jam,2001,182.14528358
jam,2002,124.25659385
jam,2003,137.5801834
jam,2004,134.71204565
jam,2005,148.95461635
jam,2006,145.26071876
jam,2007,212.17143109
jam,2008,199.80655924
jam,2009,163.76218756
jam,2010,163.42811186
jam,2011,164.2387113
jam,2012,157.33279838
jam,2013,137.86766224
jam,2014,153.73031399
jam,2015,151.50868356
jam,2016,191.17390527
kor,2000,9799.94620576
kor,2001,10208.73406971
kor,2002,10734.22104896
kor,2003,12699.80359071
kor,2004,13929.31725906
kor,2005,17048.0336492
kor,2006,19521.92691081
kor,2007,22380.69854149
kor,2008,21590.83576812
kor,2009,19307.57541682
kor,2010,23638.03091672
kor,2011,26251.87878919
kor,2012,27518.65961554
kor,2013,29740.87308824
kor,2014,33002.18273138
kor,2015,33141.12997785
kor,2016,34579.98546304
mkd,2000,140.85342721
mkd,2001,131.74123417
mkd,2002,152.67153167
mkd,2003,195.320965
mkd,2004,204.72345751
mkd,2005,198.05326602
mkd,2006,187.5351102
mkd,2007,204.35865889
mkd,2008,208.00997021
mkd,2009,213.54614287
mkd,2010,238.84571665
mkd,2011,244.79174529
mkd,2012,227.19303558
mkd,2013,245.07103835
mkd,2014,249.90880098
mkd,2015,219.73975391
mkd,2016,241.59964418
nic,2000,117.46720211
nic,2001,118.5317764
nic,2002,135.63650861
nic,2003,125.25949529
nic,2004,145.82191977
nic,2005,154.12354101
nic,2006,180.53501898
nic,2007,216.60290353
nic,2008,249.12377693
nic,2009,244.40316539
nic,2010,253.16646395
nic,2011,275.47352357
nic,2012,296.82816012
nic,2013,309.53808968
nic,2014,334.83095916
nic,2015,359.27441098
nic,2016,372.87189401
mex,2000,16448.25085944
mex,2001,19488.42485107
mex,2002,21286.3788347
mex,2003,23606.86638887
mex,2004,25006.83016351
mex,2005,27955.6486704
mex,2006,29656.41739123
mex,2007,31867.45071829
mex,2008,27391.88606503
mex,2009,22993.35441106
mex,2010,26403.22719011
mex,2011,26537.99526294
mex,2012,27654.29450475
mex,2013,29524.64893495
mex,2014,29578.03640412
mex,2015,26571.20617668
mex,2016,23781.3315921
mda,2000,36.7520538
mda,2001,47.95563203
mda,2002,57.25132774
mda,2003,67.18607663
mda,2004,88.96189826
mda,2005,122.14649246
mda,2006,166.93856237
mda,2007,218.74992074
mda,2008,321.01481698
mda,2009,339.07686425
mda,2010,285.70825787
mda,2011,342.8854989
mda,2012,336.04600845
mda,2013,351.08330687
mda,2014,314.84158419
mda,2015,306.13532468
mda,2016,281.55801806
pan,2000,237.1481777
pan,2001,247.8437843
pan,2002,268.5857416
pan,2003,273.0308336
pan,2004,309.0411879
pan,2005,326.8998984
pan,2006,355.7981056
pan,2007,414.7638212
pan,2008,486.25
pan,2009,540.3
pan,2010,598.85
pan,2011,697.82
pan,2012,906.62
pan,2013,980.0835222
pan,2014,1051.846949
pan,2015,1115.312268
pan,2016,1151.3623116
nzl,2000,624.75098233
nzl,2001,696.58404768
nzl,2002,793.10292199
nzl,2003,998.05208644
nzl,2004,1141.8245474
nzl,2005,1335.45029723
nzl,2006,1333.39710101
nzl,2007,1308.78424311
nzl,2008,1607.59442957
nzl,2009,1442.87599859
nzl,2010,1680.72406354
nzl,2011,1938.35967613
nzl,2012,2085.92917027
nzl,2013,2210.6308963
nzl,2014,2432.18246058
nzl,2015,2209.24702313
nzl,2016,2369.73042585
per,2000,896.11747851
per,2001,918.01026654
per,2002,941.60898621
per,2003,879.09012792
per,2004,1074.7688118
per,2005,1178.32399334
per,2006,1555.17020421
per,2007,1924.42909493
per,2008,2383.2229526
per,2009,2434.80107846
per,2010,2774.87952198
per,2011,3126.63251853
per,2012,3553.32432253
per,2013,3376.25725276
per,2014,3178.5041413
per,2015,2852.14002637
per,2016,2844.18958683
pry,2000,216.01703931
pry,2001,201.59118184
pry,2002,151.25151678
pry,2003,159.35182867
pry,2004,202.90261009
pry,2005,220.23413984
pry,2006,276.75757539
pry,2007,368.6308981
pry,2008,532.55137112
pry,2009,447.44827219
pry,2010,573.35466061
pry,2011,721.31197028
pry,2012,716.54186447
pry,2013,802.66711289
pry,2014,875.22984764
pry,2015,778.40144904
pry,2016,833.15768261
kna,2000,10.63858777
kna,2001,10.28768982
kna,2002,10.98948572
kna,2003,11.29253394
kna,2004,10.50305469
kna,2005,12.41036392
kna,2006,16.06894585
kna,2007,16.89357409
kna,2008,23.46461098
kna,2009,22.38862526
kna,2010,22.42216216
kna,2011,23.96826556
kna,2012,21.72811103
kna,2013,22.33479444
kna,2014,23.41917449
kna,2015,24.0994903
kna,2016,26.28197638
png,2000,9.85124608
png,2001,9.24189241
png,2002,10.65300843
png,2003,11.82548852
png,2004,13.80231684
png,2005,14.72892492
png,2006,16.43296702
png,2007,17.98186096
png,2008,21.66855434
png,2009,28.12485258
png,2010,36.89321277
png,2011,50.49854428
png,2012,52.36869289
png,2013,41.88334113
png,2014,32.66318181
png,2015,35.3026907
png,2016,35.01675062
sur,2000,12.24817831
sur,2001,12.19779145
sur,2002,18.07567857
sur,2003,19.90243251
sur,2004,22.60511454
sur,2005,26.18524965
sur,2006,29.78065093
sur,2007,32.01400778
sur,2008,43.60538903
sur,2009,45.38197662
sur,2010,51.81797049
sur,2011,56.79539298
sur,2012,64.59639733
sur,2013,68.91214119
sur,2014,73.53277972
sur,2015,65.49888983
sur,2016,43.41243385
lca,2000,25.81584547
lca,2001,25.98054696
lca,2002,27.57699316
lca,2003,30.83817285
lca,2004,29.19411011
lca,2005,30.87028633
lca,2006,39.71349091
lca,2007,47.97994469
lca,2008,45.95790254
lca,2009,38.72572443
lca,2010,44.75290864
lca,2011,49.33867727
lca,2012,45.50849832
lca,2013,44.55579829
lca,2014,48.36441131
lca,2015,45.70186173
lca,2016,42.45979118
vct,2000,2.47356111
vct,2001,2.81838444
vct,2002,3.01514333
vct,2003,3.26746593
vct,2004,3.70917185
vct,2005,3.97186519
vct,2006,4.3753963
vct,2007,5.19883222
vct,2008,5.21666667
vct,2009,5.19791444
vct,2010,5.32266148
vct,2011,5.25302926
vct,2012,5.51297037
vct,2013,5.79650333
vct,2014,5.90671741
vct,2015,5.52798
vct,2016,5.62428704
tza,2000,162.51873122
tza,2001,218.48437023
tza,2002,261.62593587
tza,2003,302.65624762
tza,2004,333.95641345
tza,2005,366.0945645
tza,2006,369.68049366
tza,2007,427.55488929
tza,2008,503.07917113
tza,2009,508.48357745
tza,2010,530.85537304
tza,2011,574.00196384
tza,2012,491.23307169
tza,2013,511.32398199
tza,2014,521.20155779
tza,2015,446.63025306
tza,2016,431.91648293
tto,2000,201.44060888
tto,2001,185.50536845
tto,2002,225.90841245
tto,2003,233.22836127
tto,2004,307.25289497
tto,2005,331.62476773
tto,2006,381.1479736
tto,2007,449.06213097
tto,2008,481.77115902
tto,2009,508.84775622
tto,2010,532.83734365
tto,2011,545.75727357
tto,2012,561.48589033
tto,2013,592.13863551
tto,2014,615.28215285
tto,2015,626.69800945
tto,2016,582.00772819
are,2000,544.70404239
are,2001,387.20217835
are,2002,836.89443619
are,2003,903.50658796
are,2004,1106.71301741
are,2005,1263.03791796
are,2006,1534.53941457
are,2007,1910.84111641
are,2008,2322.2622192
are,2009,1653.29121852
are,2010,2017.11422737
are,2011,2172.92307692
are,2012,2147.66507828
are,2013,2404.64969367
are,2014,2606.12401524
are,2015,2283.14105277
are,2016,2277.00213541
gbr,2000,11414.20208766
gbr,2001,11745.39879509
gbr,2002,13221.96626915
gbr,2003,16098.69512402
gbr,2004,17490.57087407
gbr,2005,17934.61067131
gbr,2006,20247.03442769
gbr,2007,23830.8668753
gbr,2008,20979.25237974
gbr,2009,19120.79249874
gbr,2010,20309.68248352
gbr,2011,21820.38994394
gbr,2012,21554.48173674
gbr,2013,39570.960243
gbr,2014,43310.35163642
gbr,2015,42200.30708355
gbr,2016,39123.23765855
usa,2000,198885.733
usa,2001,206200.143
usa,2002,219272.726
usa,2003,235635.312
usa,2004,248493.691
usa,2005,263814.914
usa,2006,273254.204
usa,2007,290000.322
usa,2008,295183.712
usa,2009,293723.37
usa,2010,299742.265
usa,2011,309972.852
usa,2012,318330.067
usa,2013,325189.272
usa,2014,330067.876
usa,2015,339314.661
usa,2016,352537.464
ven,2000,2857.37534753
ven,2001,3183.36693506
ven,2002,2347.41375598
ven,2003,2160.60362934
ven,2004,2617.73000109
ven,2005,3221.43797105
ven,2006,4083.83791337
ven,2007,5584.53656265
ven,2008,7712.62226362
ven,2009,9826.73497904
ven,2010,10345.61423414
ven,2011,7887.53409647
ven,2012,7147.55321381
ven,2013,6497.72618274
ven,2014,8298.43098565
ven,2015,13889.75525922
ury,2000,574.73013881
ury,2001,535.32078565
ury,2002,310.43940099
ury,2003,268.78248486
ury,2004,299.89130337
ury,2005,379.55602036
ury,2006,391.4701003
ury,2007,445.22980995
ury,2008,570.71073908
ury,2009,567.39673248
ury,2010,708.79929609
ury,2011,804.74434854
ury,2012,829.56784828
ury,2013,897.78105819
ury,2014,858.12520635
ury,2015,812.04311663
ury,2016,825.0615
eth,2000,128.21910763
eth,2001,131.48007806
eth,2002,136.97981899
eth,2003,144.03324856
eth,2004,151.38239702
eth,2005,159.20183906
eth,2006,228.40413937
eth,2007,319.09722782
eth,2008,429.16571525
eth,2009,485.63262693
eth,2010,619.17099082
eth,2011,633.90170663
eth,2012,808.00601674
eth,2013,804.24313074
eth,2014,840.5619623
eth,2015,962.49242113
eth,2016,1054.80307401
zwe,2010,434.34766062
zwe,2011,388.49123815
zwe,2012,342.63481567
zwe,2013,303.26355708
zwe,2014,340.19578415
zwe,2015,383.61317511
zwe,2016,322.29456353
egy,2000,3168.15714059
egy,2001,3272.08658445
egy,2002,3111.34157855
egy,2003,2563.71910184
egy,2004,2582.21045145
egy,2005,3114.81556434
egy,2006,3314.0498251
egy,2007,3726.42151371
egy,2008,4786.01012425
egy,2009,5230.35822339
egy,2010,5869.85682167
egy,2011,6405.04026777
egy,2012,7930.4057826
egy,2013,7714.33665802
egy,2014,8336.14906784
egy,2015,9101.24156498
egy,2016,7769.74054206
sau,2000,1473.6
sau,2001,1481.6
sau,2002,1486.66666667
sau,2003,1541.33333333
sau,2004,1683.2
sau,2005,1850.4
sau,2006,2097.06666667
sau,2007,2478.66666667
sau,2008,2991.2
sau,2009,3378.4
sau,2010,3650.4
sau,2011,3892.0
sau,2012,4483.73333333
sau,2013,4788.0
sau,2014,5194.13333333
sau,2015,5644.8
sau,2016,5311.8789634
dza,2000,493.10043486
dza,2001,455.26170455
dza,2002,476.89625875
dza,2003,516.82941948
dza,2004,789.15469122
dza,2005,937.94336333
dza,2006,1143.41709667
dza,2007,1448.81972215
dza,2008,1878.72390469
dza,2009,2018.55010592
dza,2010,2382.58541905
dza,2011,2936.7454911
dza,2012,3225.960941
dza,2013,3489.42904229
dza,2014,3731.81024573
dza,2015,3267.32860105
dza,2016,3265.69796402
vnm,2000,562.2064524
vnm,2001,591.80228464
vnm,2002,595.27550319
vnm,2003,683.89641321
vnm,2004,890.81024025
vnm,2005,1094.6767428
vnm,2006,1336.2418713
vnm,2007,1577.52698989
vnm,2008,1897.60726335
vnm,2009,2091.02849854
vnm,2010,2588.50497248
vnm,2011,2978.23861203
vnm,2012,3989.41007298
vnm,2013,4476.46729113
vnm,2014,4492.8814477
vnm,2015,4749.33533448
vnm,2016,5178.01361828
bfa,2000,36.82987895
bfa,2001,39.34036169
bfa,2002,41.00069392
bfa,2003,49.63693121
bfa,2004,69.85625812
bfa,2005,74.55452461
bfa,2006,91.11335881
bfa,2007,109.18564159
bfa,2008,135.44114361
bfa,2009,150.38733312
bfa,2010,159.6486077
bfa,2011,184.41360892
bfa,2012,187.23237219
bfa,2013,250.77079917
bfa,2014,237.27527944
bfa,2015,218.69153387
bfa,2016,239.65963218
bwa,2000,37.69968532
bwa,2001,34.00927874
bwa,2002,30.34237147
bwa,2003,37.37627534
bwa,2004,37.92210738
bwa,2005,33.61504546
bwa,2006,28.30036848
bwa,2007,25.71197868
bwa,2008,27.24732423
bwa,2009,32.78439789
bwa,2010,39.5037965
bwa,2011,44.70378724
bwa,2012,52.49102905
bwa,2013,43.64006319
bwa,2014,46.00453034
bwa,2015,45.25368467
bwa,2016,44.87070162
ben,2000,57.05386747
ben,2001,59.37294904
ben,2002,66.90362186
ben,2003,85.96246568
ben,2004,97.04579906
ben,2005,98.45739455
ben,2006,105.51252439
ben,2007,115.68482481
ben,2008,124.42390242
ben,2009,126.09421634
ben,2010,128.46236037
ben,2011,144.08568057
ben,2012,142.31029468
ben,2013,151.36516064
ben,2014,155.75382361
ben,2015,134.0307386
ben,2016,143.72702268
ago,2000,58.19291042
ago,2001,220.96404986
ago,2002,252.7440332
ago,2003,306.58268465
ago,2004,438.13027349
ago,2005,446.3903528
ago,2006,431.37777368
ago,2007,551.01193313
ago,2008,637.050023
ago,2009,418.9932329
ago,2010,436.87473722
ago,2011,532.17017254
ago,2012,540.52592361
ago,2013,797.61859206
ago,2014,953.24976964
ago,2015,1015.00365748
ago,2016,966.00662986
cmr,2000,310.9415411
cmr,2001,324.8847062
cmr,2002,367.06216644
cmr,2003,468.85384179
cmr,2004,536.62341792
cmr,2005,569.20783573
cmr,2006,612.21085294
cmr,2007,713.20194183
cmr,2008,915.54084038
cmr,2009,838.32590601
cmr,2010,844.73331445
cmr,2011,512.95629189
cmr,2012,928.88500268
cmr,2013,1040.12089381
cmr,2014,1123.01852599
cmr,2015,1013.32268888
cmr,2016,1050.22707783
bdi,2000,22.46604587
bdi,2001,22.6312957
bdi,2002,22.00684487
bdi,2003,20.78625668
bdi,2004,25.06141264
bdi,2005,33.09578707
bdi,2006,44.07598036
bdi,2007,51.23849158
bdi,2008,53.52700605
bdi,2009,58.12128196
bdi,2010,64.62141597
bdi,2011,57.3565772
bdi,2012,45.14991059
bdi,2013,44.1301103
bdi,2014,60.48588122
bdi,2015,60.94412655
bdi,2016,59.28655945
caf,2000,18.14526757
caf,2001,17.99086934
caf,2002,19.31596536
caf,2003,23.64761283
caf,2004,26.5576442
caf,2005,27.15424655
caf,2006,27.96189817
caf,2007,31.14340602
caf,2008,34.02595171
caf,2009,34.32967097
caf,2010,34.50997978
caf,2011,37.59540995
caf,2012,36.40354977
caf,2013,35.85134535
caf,2014,34.05843594
caf,2015,29.95717492
caf,2016,32.38279926
cpv,2000,6.81760019
cpv,2001,6.82556
cpv,2002,7.59423313
cpv,2003,9.68779026
cpv,2004,10.67490628
cpv,2005,11.46282005
cpv,2006,13.21268574
cpv,2007,14.52462748
cpv,2008,15.66501058
cpv,2009,15.96684005
cpv,2010,20.91251691
cpv,2011,20.80051547
cpv,2012,22.16345905
cpv,2013,23.97751477
cpv,2014,25.70469279
cpv,2015,20.37818248
cpv,2016,22.32789548
cog,2000,28.74393535
cog,2001,30.39540186
cog,2002,34.80403237
cog,2003,45.44216404
cog,2004,54.42897372
cog,2005,59.35145169
cog,2006,67.08484126
cog,2007,82.00651793
cog,2008,98.34408921
cog,2009,104.50112798
cog,2010,102.53453681
cog,2011,112.58278231
cog,2012,100.48548859
cog,2013,106.95405583
cog,2014,110.07914102
cog,2015,94.77988537
cog,2016,179.34656017
tcd,2000,48.08868108
tcd,2001,59.65580195
tcd,2002,105.82818994
tcd,2003,80.88605405
tcd,2004,140.18006707
tcd,2005,181.5390243
tcd,2006,230.61102856
tcd,2007,244.57796421
tcd,2008,290.23760303
tcd,2009,268.19922238
tcd,2010,293.12696062
tcd,2011,289.1968631
tcd,2012,284.24405834
tcd,2013,309.7521727
tcd,2014,332.89975161
tcd,2015,280.89652268
tcd,2016,280.05906868
com,2000,20.28927096
com,2001,20.14959493
com,2002,21.66849891
com,2003,26.56987794
com,2004,29.88879607
com,2005,30.60845826
com,2006,31.57100506
com,2007,35.21945658
com,2008,38.54179519
com,2009,37.37394111
com,2010,36.4330254
com,2011,39.10081147
com,2012,36.95275949
com,2013,39.02603738
com,2014,39.85436566
com,2015,34.04871445
com,2016,34.32987436
gnq,2000,17.7727829
gnq,2001,25.23577578
gnq,2002,34.92712061
gnq,2003,51.94213765
gnq,2004,68.20909236
gnq,2005,79.39592859
gnq,2006,91.26930836
gnq,2007,115.27408871
gnq,2008,142.58951197
gnq,2009,155.54063924
gnq,2010,171.68809627
gnq,2011,195.3850462
gnq,2012,202.87101707
gnq,2013,254.95621597
gnq,2014,272.16187323
gnq,2015,237.20547362
gnq,2016,250.32879801
est,2000,59.84357682
est,2001,57.54790287
est,2002,71.24510331
est,2003,98.90061496
est,2004,131.70882593
est,2005,142.50650605
est,2006,211.58041396
est,2007,248.55218431
est,2008,288.0355348
est,2009,261.6121899
est,2010,270.80354362
est,2011,290.86890339
est,2012,288.95892812
est,2013,341.54673847
est,2014,368.27860337
est,2015,333.09710212
est,2016,353.86240577
civ,2000,355.64949155
civ,2001,298.43316264
civ,2002,271.16671275
civ,2003,375.6174847
civ,2004,477.32585825
civ,2005,552.20206936
civ,2006,643.4181749
civ,2007,810.84484491
civ,2008,908.43060672
civ,2009,894.20427546
civ,2010,888.75514274
civ,2011,923.74295798
civ,2012,865.65232075
civ,2013,902.28719579
civ,2014,931.51915681
civ,2015,628.01979762
civ,2016,642.81537028
gab,2000,83.30383834
gab,2001,80.37464352
gab,2002,95.62516027
gab,2003,115.11248463
gab,2004,129.05681941
gab,2005,144.69360287
gab,2006,163.34709689
gab,2007,197.46652451
gab,2008,225.20029894
gab,2009,236.25886535
gab,2010,90.66152559
gab,2011,128.99553455
gab,2012,116.42042085
gab,2013,142.88780339
gab,2014,129.52652303
gab,2015,98.97339573
gab,2016,98.2144173
fra,2000,9496.95089649
fra,2001,9800.06442895
fra,2002,10690.31915614
fra,2003,13688.46003652
fra,2004,15583.71918323
fra,2005,16530.41088395
fra,2006,22032.71190417
fra,2007,25417.54603511
fra,2008,30230.42150364
fra,2009,30461.77152518
fra,2010,29988.86688873
fra,2011,32705.72665791
fra,2012,30761.51428638
fra,2013,32035.04837624
fra,2014,32627.69078093
fra,2015,27320.92842194
fra,2016,27756.12780479
grc,2000,3460.83913478
grc,2001,3783.63717697
grc,2002,4734.63692849
grc,2003,5988.34287364
grc,2004,7051.78684095
grc,2005,8071.32693532
grc,2006,8401.69112713
grc,2007,10403.26856829
grc,2008,13098.00270993
grc,2009,9157.99139535
grc,2010,8049.86590203
grc,2011,8095.79970946
grc,2012,6577.06085361
grc,2013,6799.59079026
grc,2014,6902.83668842
grc,2015,5793.89991116
grc,2016,5594.81104161
deu,2000,23168.3958279
deu,2001,23295.5409795
deu,2002,26091.89950233
deu,2003,32714.32021796
deu,2004,39228.1760444
deu,2005,40842.16286126
deu,2006,43593.29152559
deu,2007,49028.38341285
deu,2008,53268.39271982
deu,2009,52479.49900187
deu,2010,52312.11384752
deu,2011,55890.34621293
deu,2012,53036.51319424
deu,2013,53434.93206614
deu,2014,53747.2918057
deu,2015,47464.72890527
deu,2016,48074.46614346
gin,2000,80.5960356
gin,2001,76.86091589
gin,2002,82.36052066
gin,2003,83.75333403
gin,2004,93.5404906
gin,2005,75.86745084
gin,2006,78.68362418
gin,2007,125.37369751
gin,2008,124.69004752
gin,2009,131.48226739
gin,2010,136.88251458
gin,2011,154.24000508
gin,2012,161.51611021
gin,2013,179.46512869
gin,2014,245.29128101
gin,2015,252.12768405
gin,2016,231.06555475
lbn,2000,1065.08828199
lbn,2001,1005.65895701
lbn,2002,946.22963204
lbn,2003,886.80030706
lbn,2004,827.37098202
lbn,2005,767.94165705
lbn,2006,852.35342355
lbn,2007,936.76519005
lbn,2008,1021.17695655
lbn,2009,1105.58872305
lbn,2010,1246.39877585
lbn,2011,1312.09702527
lbn,2012,1151.06533997
lbn,2013,1186.06517129
lbn,2014,1303.14519405
lbn,2015,1306.13664922
lbn,2016,1278.14436489
lso,2000,18.87654763
lso,2001,16.02939963
lso,2002,13.94588112
lso,2003,20.63721717
lso,2004,25.57472045
lso,2005,27.98438268
lso,2006,29.01050131
lso,2007,31.95108258
lso,2008,30.90942716
lso,2009,32.94840747
lso,2010,42.07663699
lso,2011,44.35675751
lso,2012,44.4417404
lso,2013,38.90751038
lso,2014,38.75855457
lso,2015,33.31479162
lso,2016,35.59332056
mdg,2000,76.44526962
mdg,2001,81.35604576
mdg,2002,87.96055122
mdg,2003,109.25700663
mdg,2004,82.87623345
mdg,2005,98.70441776
mdg,2006,102.69325164
mdg,2007,127.46002428
mdg,2008,165.4671845
mdg,2009,161.6155193
mdg,2010,169.52750066
mdg,2011,146.11201572
mdg,2012,142.23199946
mdg,2013,151.24320138
mdg,2014,146.37535861
mdg,2015,135.32938708
mdg,2016,134.24800701
lux,2000,178.8251531
lux,2001,186.2560514
lux,2002,220.6028505
lux,2003,273.17010408
lux,2004,325.51700161
lux,2005,346.79028006
lux,2006,380.57758916
lux,2007,327.01009255
lux,2008,367.42666715
lux,2009,373.07857408
lux,2010,382.84340668
lux,2011,399.0491482
lux,2012,388.69244784
lux,2013,415.58422591
lux,2014,460.47727903
lux,2015,393.35602484
lux,2016,405.99202465
kaz,2000,369.16831735
kaz,2001,328.42587562
kaz,2002,408.72267496
kaz,2003,511.43026242
kaz,2004,705.37406389
kaz,2005,766.98818861
kaz,2006,855.57723507
kaz,2007,928.90370093
kaz,2008,995.87428399
kaz,2009,924.50503352
kaz,2010,1118.85081176
kaz,2011,1358.82990907
kaz,2012,1782.23093574
kaz,2013,1635.51078951
kaz,2014,1567.69270742
kaz,2015,1799.36025036
kaz,2016,1675.96554244
mdv,2000,39.05912649
mdv,2001,37.86831632
mdv,2002,37.74471953
mdv,2003,38.37593906
mdv,2004,54.6266593
mdv,2005,57.15918633
mdv,2006,63.28976703
mdv,2007,73.28372703
mdv,2008,86.25288711
mdv,2009,81.23069148
mdv,2010,88.04569469
mdv,2011,87.23183586
mdv,2012,80.57243037
mdv,2013,86.76519389
mdv,2014,82.26707583
mdv,2015,69.70011475
mdv,2016,85.61329367
mhl,2000,2.203824
mhl,2001,2.266635
mhl,2002,2.451392
mhl,2003,2.538063
mhl,2004,2.708518
mhl,2005,2.849042
mhl,2006,2.971752
mhl,2007,3.191977
mhl,2008,3.394285
mhl,2009,3.372224
mhl,2010,3.622125
mhl,2011,3.796288
mhl,2012,3.831218
mhl,2013,3.858807
mhl,2014,3.899213
mhl,2015,3.939619
mhl,2016,4.068
mrt,2000,46.78348322
mrt,2001,48.10025519
mrt,2002,49.77620722
mrt,2003,56.56734973
mrt,2004,63.63992317
mrt,2005,67.09654141
mrt,2006,72.20016943
mrt,2007,81.63404535
mrt,2008,95.60945748
mrt,2009,92.03890874
mrt,2010,92.94411628
mrt,2011,97.68985777
mrt,2012,98.79660846
mrt,2013,104.01102244
mrt,2014,108.66136468
mrt,2015,108.15883739
mrt,2016,102.39900976
mar,2000,836.56167572
mar,2001,867.82462139
mar,2002,999.61772598
mar,2003,1292.19810546
mar,2004,1566.86669828
mar,2005,1760.29163415
mar,2006,1992.59097918
mar,2007,2351.58888487
mar,2008,2732.2725176
mar,2009,2889.12884288
mar,2010,3039.98083401
mar,2011,3195.47582626
mar,2012,3026.84913345
mar,2013,3139.13362615
mar,2014,3241.27165601
mar,2015,2853.6295364
mar,2016,2940.38709978
mmr,2000,132.30067688
mmr,2001,138.7239094
mmr,2002,205.31670046
mmr,2003,194.59133119
mmr,2004,198.62911623
mmr,2005,228.39244214
mmr,2006,231.64430959
mmr,2007,298.93221173
mmr,2008,447.54535722
mmr,2009,570.95610349
mmr,2010,610.7428497
mmr,2011,798.13053316
mmr,2012,822.05312097
mmr,2013,786.25238727
mmr,2014,2402.04645152
mmr,2015,2289.94815778
mmr,2016,2430.0730391
rus,2000,4219.81428551
rus,2001,5303.66662667
rus,2002,6379.89058488
rus,2003,7923.88896129
rus,2004,10189.59730961
rus,2005,12473.30684052
rus,2006,15736.82468464
rus,2007,20792.85717078
rus,2008,27529.98644021
rus,2009,25568.61287192
rus,2010,28692.36924516
rus,2011,33544.88927007
rus,2012,36406.59148244
rus,2013,40573.19919214
rus,2014,38230.29740842
rus,2015,27906.77944323
rus,2016,27342.60255505
ner,2000,62.55025923
ner,2001,66.28213835
ner,2002,76.05478387
ner,2003,99.50726476
ner,2004,119.43762813
ner,2005,130.50937882
ner,2006,143.63364927
ner,2007,170.96923038
ner,2008,199.63411758
ner,2009,206.55667846
ner,2010,214.84888304
ner,2011,246.0317486
ner,2012,247.15404882
ner,2013,257.67404544
ner,2014,263.2971855
ner,2015,267.52579551
ner,2016,274.37423206
srb,2000,125.9442855
srb,2001,239.88687646
srb,2002,309.79102082
srb,2003,430.54297159
srb,2004,559.52752075
srb,2005,683.80146692
srb,2006,906.05793506
srb,2007,1405.15050204
srb,2008,1739.53590492
srb,2009,1484.33130218
srb,2010,1450.37369188
srb,2011,1634.31669608
srb,2012,1431.37298476
srb,2013,1706.50965813
srb,2014,1738.14223266
srb,2015,1418.5242864
srb,2016,1417.09060385
smr,2000,14.89589272
smr,2001,14.57080744
smr,2002,15.53224061
smr,2003,16.54754698
smr,2004,19.13824355
smr,2005,19.08570507
smr,2006,19.77906241
smr,2007,22.30621888
smr,2008,25.5136447
smr,2009,24.3450464
smr,2010,21.88598176
smr,2011,23.57188607
smr,2012,21.64504501
smr,2013,22.99268848
smr,2014,23.03942413
smr,2015,19.61671081
smr,2016,18.79678081
sdn,2000,292.85651781
sdn,2001,329.33632422
sdn,2002,367.63332926
sdn,2003,519.95637593
sdn,2004,633.1788837
sdn,2005,786.92696985
sdn,2006,1233.69048174
sdn,2007,1952.28411289
sdn,2008,2194.08743385
sdn,2009,1956.95623491
sdn,2010,2299.65216146
sdn,2011,2902.92621488
sdn,2012,2352.95215436
sdn,2013,3441.41771021
sdn,2014,2922.84986989
sdn,2015,3861.2732334
sdn,2016,4446.08969417
syc,2000,5.0709571
syc,2001,4.27740387
syc,2002,3.95359202
syc,2003,3.46899013
syc,2004,2.94558239
syc,2005,2.5471269
syc,2006,2.19471362
syc,2007,1.95746018
syc,2008,1.59745366
syc,2009,1.27847731
syc,2010,1.42484975
syc,2011,1.72756697
syc,2012,1.14682588
syc,2013,1.02004287
syc,2014,1.00964669
syc,2015,1.1454173
syc,2016,1.17228928
tls,2002,6.0
tls,2003,5.7
tls,2004,6.5
tls,2005,8.1
tls,2006,6.0
tls,2007,5.6
tls,2008,5.2
tls,2009,4.7
tls,2010,6.6
tls,2011,7.1
tls,2012,7.7
tls,2013,8.3
tls,2014,8.7
tls,2015,9.0
tls,2016,9.0
yem,2000,195.56203573
yem,2001,217.46245322
yem,2002,241.19882507
yem,2003,367.97281706
yem,2004,462.52933013
yem,2005,565.00178509
yem,2006,695.21594318
yem,2007,871.76222231
yem,2008,1063.98486417
yem,2009,1116.4649249
yem,2010,1180.25928558
yem,2011,1131.41820192
yem,2012,1316.97200107
yem,2013,1495.34791033
yem,2014,1599.44062517
yem,2015,1569.78454093
tuv,2000,0.00350609
tuv,2001,0.01790636
tuv,2002,0.02488159
tuv,2003,0.03338846
tuv,2004,0.03160441
tuv,2005,0.03055768
tuv,2006,0.02216943
tuv,2007,0.03117155
tuv,2008,0.03853775
tuv,2009,0.02838144
tuv,2010,0.03242202
tuv,2011,0.04393808
tuv,2012,0.04344306
tuv,2013,0.04250676
tuv,2014,0.04059693
tuv,2015,0.01360904
tuv,2016,0.03747042
zmb,2000,68.47755412
zmb,2001,71.77766977
zmb,2002,69.41898493
zmb,2003,83.523197
zmb,2004,109.70928455
zmb,2005,179.89868875
zmb,2006,244.04129899
zmb,2007,202.91939638
zmb,2008,251.98454329
zmb,2009,176.02164048
zmb,2010,184.43584929
zmb,2011,175.16107307
zmb,2012,174.68820333
zmb,2013,150.20254677
zmb,2014,143.67892101
zmb,2015,115.40510431
zmb,2016,114.08532699
dnk,2000,2043.0169251
dnk,2001,2104.45573896
dnk,2002,2289.63329134
dnk,2003,2826.79483332
dnk,2004,3367.18545659
dnk,2005,3536.32120542
dnk,2006,3767.75457231
dnk,2007,4337.4902479
dnk,2008,4744.87611244
dnk,2009,4692.52454873
dnk,2010,4786.45501705
dnk,2011,5082.04928854
dnk,2012,4743.91762694
dnk,2013,4825.39378154
dnk,2014,4945.91398043
dnk,2015,4233.00708526
dnk,2016,4355.62972186
bhr,2000,83.25531915
bhr,2001,85.75797872
bhr,2002,95.12234043
bhr,2003,139.10904255
bhr,2004,141.12765957
bhr,2005,142.96010638
bhr,2006,153.55319149
bhr,2007,216.5
bhr,2008,229.90691489
bhr,2009,263.80319149
bhr,2010,281.22340426
bhr,2011,292.69414894
bhr,2012,338.46010638
bhr,2013,377.39361702
bhr,2014,385.14361702
bhr,2015,400.1356383
bhr,2016,438.50797872
afg,2002,304.93065949
afg,2003,347.22141133
afg,2004,426.6445436
afg,2005,484.00257654
afg,2006,565.28234234
afg,2007,662.47776187
afg,2008,796.48028998
afg,2009,862.22261579
afg,2010,1037.2825666
afg,2011,1121.9579192
afg,2012,1193.97616877
afg,2013,1279.53029087
afg,2014,1438.59895593
afg,2015,1588.95485393
afg,2016,1535.64747614
dji,2000,11.77183756
dji,2001,12.45358223
dji,2002,12.85326135
dji,2003,12.94131064
dji,2004,12.83906036
dji,2005,13.37131447
dji,2006,14.20121069
dji,2007,14.56483133
dji,2008,13.92651487
dji,2009,13.81598698
dji,2010,13.71245246
dji,2011,14.22577585
dji,2012,14.38772006
dji,2013,14.35139595
dji,2014,14.89080399
dji,2015,15.45054405
dji,2016,17.04252938
idn,2000,1503.0773263
idn,2001,1496.96714814
idn,2002,1954.78631002
idn,2003,2641.8838462
idn,2004,2718.89672609
idn,2005,4355.52696319
idn,2006,5543.87918312
idn,2007,6577.04550924
idn,2008,7023.8256927
idn,2009,7470.55129061
idn,2010,12741.23301026
idn,2011,15021.12319441
idn,2012,14166.3474392
idn,2013,13325.34854783
idn,2014,11806.02465337
idn,2015,10518.54184755
idn,2016,10875.18688722
jpn,2000,55628.05516845
jpn,2001,49994.29795936
jpn,2002,49139.91659761
jpn,2003,57137.96936146
jpn,2004,61164.56935226
jpn,2005,57992.13171776
jpn,2006,58088.90846233
jpn,2007,55276.28653066
jpn,2008,62946.8430931
jpn,2009,71835.22741974
jpn,2010,76049.26723808
jpn,2011,85779.73328662
jpn,2012,86832.61840028
jpn,2013,70667.90233639
jpn,2014,67617.19934085
jpn,2015,61866.13174624
jpn,2016,72744.12361656
kir,2000,0.0087545
kir,2001,0.00775818
kir,2002,0.0093993
kir,2003,0.01109011
kir,2004,0.01228165
kir,2005,0.01527332
kir,2006,0.01310267
kir,2007,0.01531288
kir,2008,0.01593721
kir,2009,0.01559833
kir,2010,0.0176121
kir,2011,0.02093942
kir,2012,0.02360735
kir,2013,0.02123874
kir,2014,0.02100304
kir,2015,0.01983195
kir,2016,0.01997852
irn,2000,3162.53109984
irn,2001,3725.14173905
irn,2002,3896.14853872
irn,2003,4295.3218381
irn,2004,5553.57763556
irn,2005,6842.19111651
irn,2006,7286.44752155
irn,2007,9429.09087349
irn,2008,12101.45229919
irn,2009,15175.49777526
irn,2010,19525.81163176
irn,2011,22784.16514577
irn,2012,21821.14236306
irn,2013,16360.40508052
irn,2014,12661.88024559
irn,2015,12185.4661796
irn,2016,12936.36117993
lva,2000,206.10170434
lva,2001,235.70113437
lva,2002,262.05680491
lva,2003,313.22681569
lva,2004,363.79235654
lva,2005,413.45008643
lva,2006,438.02084052
lva,2007,700.94520286
lva,2008,746.96991844
lva,2009,624.62586869
lva,2010,543.35332102
lva,2011,544.02397114
lva,2012,576.59680286
lva,2013,628.42778551
lva,2014,669.69382976
lva,2015,648.02436398
lva,2016,766.94737925
lbr,2000,24.30040385
lbr,2001,16.70990149
lbr,2002,15.84282121
lbr,2003,14.80710446
lbr,2004,52.57241897
lbr,2005,60.4829627
lbr,2006,55.004188
lbr,2007,83.77617049
lbr,2008,72.79212695
lbr,2009,82.84348227
lbr,2010,89.71261733
lbr,2011,105.87001004
lbr,2012,104.61662595
lbr,2013,119.06814713
lbr,2014,143.83653795
lbr,2015,151.5119775
lbr,2016,148.96040025
nor,2000,2369.50401973
nor,2001,2366.52789353
nor,2002,2961.00380534
nor,2003,3500.45768371
nor,2004,3911.08932679
nor,2005,4299.72836632
nor,2006,4498.90875774
nor,2007,5187.94397566
nor,2008,5761.5248227
nor,2009,5345.77287812
nor,2010,5745.20856224
nor,2011,6660.77032698
nor,2012,6619.16630855
nor,2013,6812.59574468
nor,2014,6696.95812235
nor,2015,5528.03531971
nor,2016,5657.61904762
mne,2016,80.50295514
stp,2000,3.1339707
stp,2001,3.01037122
stp,2002,3.18009622
stp,2003,3.49651122
stp,2004,3.95332705
stp,2005,4.32543165
stp,2006,3.77183635
stp,2007,3.56636027
stp,2008,3.37776302
stp,2009,3.14867731
stp,2010,2.83658451
stp,2011,3.06140879
stp,2012,2.90904121
stp,2013,3.42762904
stp,2014,3.51347812
stp,2015,2.73917292
stp,2016,3.02716927
omn,2000,70.22106632
omn,2001,67.57025256
omn,2002,65.01950585
omn,2003,72.60293285
omn,2004,82.17026122
omn,2005,84.81125805
omn,2006,98.70785212
omn,2007,115.05304575
omn,2008,152.57110653
omn,2009,157.4442497
omn,2010,167.47040494
omn,2011,187.83864325
omn,2012,203.89628208
omn,2013,157.05744983
omn,2014,165.31343085
omn,2015,170.17784367
omn,2016,169.62808421
prt,2000,2476.36495636
prt,2001,2497.82999705
prt,2002,2592.86133761
prt,2003,3412.12301108
prt,2004,4050.63915119
prt,2005,4338.34502313
prt,2006,4788.99717867
prt,2007,5589.01672237
prt,2008,6326.96378218
prt,2009,5925.52403788
prt,2010,5745.9621612
prt,2011,6138.51436356
prt,2012,5699.02761681
prt,2013,5541.23232943
prt,2014,5738.83786125
prt,2015,4960.97083265
prt,2016,5168.27003379
slb,2000,0.83354298
slb,2001,0.95511261
slb,2002,0.76756037
slb,2003,0.72153885
slb,2004,1.33402427
slb,2005,1.49540503
slb,2006,1.72823208
slb,2007,1.88742943
slb,2008,2.07797795
slb,2009,2.04735626
slb,2010,2.25806026
slb,2011,2.55159784
slb,2012,2.83652408
slb,2013,3.12907796
slb,2014,3.2478791
slb,2015,2.93761891
slb,2016,2.93401501
che,2000,8991.95484719
che,2001,9325.58670076
che,2002,10000.59668666
che,2003,11994.19894241
che,2004,13593.12776237
che,2005,13404.51999997
che,2006,13190.64667586
che,2007,14295.63982985
che,2008,16353.21164446
che,2009,16879.23083568
che,2010,18162.71073328
che,2011,21488.84850041
che,2012,21277.9571796
che,2013,22082.11422111
che,2014,23833.40737499
che,2015,23491.7356016
che,2016,24212.64996539
ton,2000,1.02080247
ton,2001,0.88497064
ton,2002,1.03611745
ton,2003,1.17251959
ton,2004,1.37960602
ton,2005,1.55666239
ton,2006,1.60068851
ton,2007,1.82323387
ton,2008,2.06116247
ton,2009,1.99042488
ton,2010,2.13657732
ton,2011,2.40777489
ton,2012,2.55907847
ton,2013,2.58643506
ton,2014,2.6084063
ton,2015,2.40621883
ton,2016,2.38853527
lka,2000,328.71950507
lka,2001,321.12982065
lka,2002,330.42243945
lka,2003,306.33140832
lka,2004,405.10118491
lka,2005,453.62995559
lka,2006,527.46356896
lka,2007,656.14474406
lka,2008,940.22665365
lka,2009,1075.74312272
lka,2010,1169.27361898
lka,2011,1243.07784223
lka,2012,1209.6818442
lka,2013,1391.74185156
lka,2014,1393.28225845
lka,2015,1534.23558381
lka,2016,1595.96308223
ukr,2000,830.30524955
ukr,2001,1022.42010387
ukr,2002,1144.63717779
ukr,2003,1345.28475256
ukr,2004,1653.82012333
ukr,2005,2070.56022792
ukr,2006,2498.81188119
ukr,2007,3142.97029703
ukr,2008,3764.04009721
ukr,2009,2893.9468888
ukr,2010,3877.84162508
ukr,2011,5150.60997038
ukr,2012,5496.93405081
ukr,2013,6129.23808332
ukr,2014,4623.40262646
ukr,2015,3417.94577174
ukr,2016,3409.37643094
alb,2000,152.37405111
alb,2001,161.98031848
alb,2002,179.69835087
alb,2003,212.19274884
alb,2004,255.98325446
alb,2005,267.96212886
alb,2006,274.50064207
alb,2007,355.8586365
alb,2008,361.81568917
alb,2009,261.15043177
alb,2010,286.89909948
alb,2011,350.99782833
alb,2012,381.74659771
alb,2013,447.04636201
alb,2014,509.51359714
alb,2015,438.20479591
alb,2016,460.73331205
arm,2000,92.46193602
arm,2001,87.80689139
arm,2002,88.22867157
arm,2003,107.97511244
arm,2004,229.31824266
arm,2005,249.65320178
arm,2006,224.79547659
arm,2007,309.46058967
arm,2008,299.96463699
arm,2009,221.83238261
arm,2010,302.87386545
arm,2011,177.27205491
arm,2012,508.1565297
arm,2013,719.40292823
arm,2014,974.63982239
arm,2015,871.6008573
arm,2016,846.42695331
and,2000,64.22300333
and,2001,66.47154739
and,2002,76.04925664
and,2003,103.6717043
and,2004,127.57928415
and,2005,140.82449131
and,2006,152.16978319
and,2007,171.65543556
and,2008,170.59145131
and,2009,154.00699945
and,2010,144.05789944
and,2011,149.25779245
and,2012,139.54647504
and,2013,143.61578992
and,2014,147.38415863
and,2015,122.29289104
and,2016,123.56947766
aut,2000,3228.1156918
aut,2001,3377.23152366
aut,2002,3731.45126074
aut,2003,4719.02545501
aut,2004,5639.48768571
aut,2005,5835.20121375
aut,2006,6022.30094801
aut,2007,6967.39561862
aut,2008,7635.16460981
aut,2009,7386.31062607
aut,2010,7450.96120099
aut,2011,8100.12163674
aut,2012,7797.9079885
aut,2013,8480.55589856
aut,2014,8752.03487716
aut,2015,7511.34187093
aut,2016,7717.4069588
aze,2000,155.80600018
aze,2001,161.74949386
aze,2002,181.80056975
aze,2003,369.39518157
aze,2004,543.4033228
aze,2005,857.81889761
aze,2006,1015.03729944
aze,2007,1221.92157796
aze,2008,1533.077997
aze,2009,1775.04525591
aze,2010,1952.24750754
aze,2011,2307.00810239
aze,2012,2581.22000944
aze,2013,2918.38261145
aze,2014,3213.18889639
aze,2015,2831.08054066
aze,2016,2058.13608815
blr,2000,91.24607927
blr,2001,151.07913669
blr,2002,195.43064175
blr,2003,214.50117654
blr,2004,263.85743366
blr,2005,413.0568014
blr,2006,519.50881209
blr,2007,687.34677574
blr,2008,992.17491127
blr,2009,847.89054199
blr,2010,944.26407835
blr,2011,1011.19011124
blr,2012,1060.3056055
blr,2013,1453.66257688
blr,2014,1481.74570824
blr,2015,1239.64174958
blr,2016,1079.19386492
bel,2000,3760.60313092
bel,2001,3715.67124012
bel,2002,4393.20269239
bel,2003,5848.89131662
bel,2004,6135.64568519
bel,2005,6105.90773519
bel,2006,6619.2949909
bel,2007,7835.19902216
bel,2008,8602.38863893
bel,2009,8556.40641359
bel,2010,8406.32335408
bel,2011,9318.3399602
bel,2012,8723.87148881
bel,2013,9362.18719698
bel,2014,9425.08663769
bel,2015,7581.45686315
bel,2016,7459.83871517
bih,2000,168.56370773
bih,2001,163.91938767
bih,2002,172.60454668
bih,2003,207.17975291
bih,2004,393.03780125
bih,2005,447.42567901
bih,2006,514.25024198
bih,2007,646.4993734
bih,2008,796.1753621
bih,2009,486.20807528
bih,2010,465.56074203
bih,2011,503.87740644
bih,2012,477.03185126
bih,2013,498.82969454
bih,2014,508.37701336
bih,2015,436.65278143
bih,2016,447.62882955
hrv,2000,231.33585033
hrv,2001,240.02531427
hrv,2002,310.01136034
hrv,2003,366.97486034
hrv,2004,495.17273939
hrv,2005,419.73635167
hrv,2006,468.55119441
hrv,2007,556.56727509
hrv,2008,787.84633903
hrv,2009,703.56315233
hrv,2010,676.43103735
hrv,2011,585.52549863
hrv,2012,505.26282891
hrv,2013,508.87498047
hrv,2014,640.51982757
hrv,2015,549.33329975
hrv,2016,569.40096772
bgr,2000,312.5147524
bgr,2001,426.8124598
bgr,2002,463.90258046
bgr,2003,581.52331306
bgr,2004,707.8136725
bgr,2005,800.10484845
bgr,2006,956.95060936
bgr,2007,1165.12946116
bgr,2008,1459.94537564
bgr,2009,1521.64416655
bgr,2010,1552.10387324
bgr,2011,1821.41333712
bgr,2012,1954.43860456
bgr,2013,2065.12627291
bgr,2014,2212.08316375
bgr,2015,1963.92344769
bgr,2016,2101.12550195
cyp,2000,289.70020753
cyp,2001,301.25703388
cyp,2002,331.54850878
cyp,2003,389.45811696
cyp,2004,464.07527015
cyp,2005,499.01068854
cyp,2006,530.01129093
cyp,2007,626.61784834
cyp,2008,860.0204888
cyp,2009,837.68065592
cyp,2010,657.10634353
cyp,2011,773.95300334
cyp,2012,737.50481819
cyp,2013,716.94105151
cyp,2014,709.83149794
cyp,2015,594.03681934
cyp,2016,622.86946903
cub,2000,326.5
cub,2001,413.8
cub,2002,463.1
cub,2003,518.3
cub,2004,511.5
cub,2005,554.2
cub,2006,622.3
cub,2007,628.8
cub,2008,608.0
cub,2009,618.0
cub,2010,631.3
cub,2011,850.57934509
cub,2012,893.1269
cub,2013,987.5
cub,2014,943.9
cub,2015,1075.19599308
cub,2016,1148.2
fji,2000,6.7697711
fji,2001,6.88538281
fji,2002,7.33660681
fji,2003,9.58849283
fji,2004,12.46932225
fji,2005,12.82225155
fji,2006,16.14471877
fji,2007,19.63629593
fji,2008,20.06013233
fji,2009,27.03879673
fji,2010,26.00207653
fji,2011,32.53412154
fji,2012,34.82887969
fji,2013,32.75246734
fji,2014,32.55358525
fji,2015,32.73264665
fji,2016,33.37155451
eri,2000,20.1038961
eri,2001,19.27591173
eri,2002,17.37330754
eri,2003,19.23923513
eri,2004,21.14233908
eri,2005,20.56231868
eri,2006,22.14634146
eri,2007,23.7398374
eri,2008,24.25043099
eri,2009,35.35109605
eri,2010,38.44692724
eri,2011,43.10544818
eri,2012,49.23774067
eri,2013,57.52824388
eri,2014,66.16141233
eri,2015,78.88086633
eri,2016,87.46659835
gmb,2000,10.00967725
gmb,2001,7.93947603
gmb,2002,7.27991134
gmb,2003,5.22247968
gmb,2004,5.1281909
gmb,2005,6.36369663
gmb,2006,7.47141853
gmb,2007,9.54979409
gmb,2008,11.95824487
gmb,2009,11.00521578
gmb,2010,11.46197574
gmb,2011,11.84316768
gmb,2012,11.74553538
gmb,2013,11.2523822
gmb,2014,11.06672678
gmb,2015,10.14416845
gmb,2016,10.06530472
fin,2000,1990.37590586
fin,2001,2043.08126719
fin,2002,2257.30080655
fin,2003,2569.14364912
fin,2004,2951.51117344
fin,2005,3106.50363652
fin,2006,3420.52056888
fin,2007,3963.78505963
fin,2008,4486.94411587
fin,2009,4329.66921926
fin,2010,4391.77667609
fin,2011,4740.53519723
fin,2012,4463.99973532
fin,2013,4858.06475021
fin,2014,4897.20004498
fin,2015,4469.10095724
fin,2016,4611.7645548
geo,2000,183.1798401
geo,2001,190.54510371
geo,2002,219.06453523
geo,2003,260.99925429
geo,2004,338.62047376
geo,2005,423.67738732
geo,2006,469.55740283
geo,2007,588.44657288
geo,2008,739.2004293
geo,2009,729.72164023
geo,2010,807.94479044
geo,2011,915.50548473
geo,2012,974.38381881
geo,2013,936.03462787
geo,2014,919.18219403
geo,2015,636.31956991
geo,2016,672.2440529
gha,2000,173.40715309
gha,2001,187.18370682
gha,2002,213.32440361
gha,2003,256.13208886
gha,2004,303.99166453
gha,2005,376.56224433
gha,2006,447.27482265
gha,2007,546.49310836
gha,2008,645.88068643
gha,2009,546.05940295
gha,2010,658.48471176
gha,2011,891.78281247
gha,2012,921.26011878
gha,2013,1137.26363194
gha,2014,990.17337552
gha,2015,813.81397346
gha,2016,720.24094583
gnb,2000,10.1185956
gnb,2001,9.96577933
gnb,2002,10.09213637
gnb,2003,11.28612605
gnb,2004,13.75508035
gnb,2005,15.44851592
gnb,2006,16.60788728
gnb,2007,19.06099136
gnb,2008,24.98988089
gnb,2009,23.83995516
gnb,2010,24.09197173
gnb,2011,25.40071144
gnb,2012,24.09649329
gnb,2013,24.97541886
gnb,2014,24.40424645
gnb,2015,22.86020668
gnb,2016,25.10270388
irq,2003,394.27489632
irq,2004,409.03097041
irq,2005,437.73913043
irq,2006,526.62847458
irq,2007,843.90775106
irq,2008,812.83381567
irq,2009,1092.05187135
irq,2010,1168.13333333
irq,2011,1303.22051282
irq,2012,3620.99099613
irq,2013,3860.05317324
irq,2014,4057.83361921
irq,2015,4266.30239864
irq,2016,4456.70853061
irl,2000,714.49538005
irl,2001,743.57723868
irl,2002,893.93177934
irl,2003,1513.84371254
irl,2004,1711.5903969
irl,2005,2193.70367607
irl,2006,2428.79741476
irl,2007,2436.8113895
irl,2008,2969.92712491
irl,2009,3147.26822377
irl,2010,3218.73133389
irl,2011,3466.90298948
irl,2012,3313.49335855
irl,2013,3486.4802784
irl,2014,3543.5745644
irl,2015,2938.54661241
irl,2016,2921.64573274
hun,2000,875.77124359
hun,2001,1059.09176586
hun,2002,1326.91272481
hun,2003,1828.02352906
hun,2004,2089.87082857
hun,2005,2332.28285546
hun,2006,2254.28495176
hun,2007,2728.16550817
hun,2008,3024.68205644
hun,2009,2486.64082124
hun,2010,2702.06491053
hun,2011,2999.2218398
hun,2012,2806.21712791
hun,2013,2786.24962114
hun,2014,2818.55523417
hun,2015,2528.6130257
hun,2016,2753.90480334
jor,2000,318.75881523
jor,2001,341.33391347
jor,2002,365.3033316
jor,2003,390.69111425
jor,2004,418.89985896
jor,2005,447.10860367
jor,2006,475.31734838
jor,2007,511.98888259
jor,2008,614.37304605
jor,2009,514.08450704
jor,2010,484.50704225
jor,2011,502.81690141
jor,2012,533.8028169
jor,2013,546.47887324
jor,2014,554.92957746
jor,2015,592.95774648
jor,2016,591.47695983
isr,2000,2654.61957608
isr,2001,2865.93748885
isr,2002,2410.49743289
isr,2003,2576.88280074
isr,2004,2734.39814475
isr,2005,3070.78191501
isr,2006,2731.93997587
isr,2007,3290.58590102
isr,2008,3817.70340809
isr,2009,3719.67291698
isr,2010,3908.02292072
isr,2011,4346.12614582
isr,2012,4284.31902927
isr,2013,4678.7959758
isr,2014,5061.3134708
isr,2015,5001.24394333
isr,2016,5339.0554051
lao,2000,34.3
lao,2001,35.12324229
lao,2002,35.96599158
lao,2003,54.88727569
lao,2004,44.35364831
lao,2005,44.47607577
lao,2006,47.06721095
lao,2007,52.32596557
lao,2008,51.58681382
lao,2009,59.88142265
lao,2010,78.59575179
lao,2011,91.6671261
lao,2012,102.91025459
lao,2013,139.58157584
lao,2014,155.16690581
lao,2015,160.18130017
lao,2016,173.30014713
kwt,2000,211.89784907
kwt,2001,218.46757258
kwt,2002,256.65134162
kwt,2003,275.15714829
kwt,2004,302.00203597
kwt,2005,349.31506849
kwt,2006,392.86470846
kwt,2007,471.47578536
kwt,2008,561.69666914
kwt,2009,479.52394531
kwt,2010,443.11611956
kwt,2011,503.66161998
kwt,2012,607.2826189
kwt,2013,627.66794137
kwt,2014,660.6525265
kwt,2015,661.45473574
kwt,2016,697.53352938
ltu,2000,207.10007372
ltu,2001,210.48151795
ltu,2002,224.98304446
ltu,2003,281.18424023
ltu,2004,410.59744131
ltu,2005,482.73800646
ltu,2006,561.75134864
ltu,2007,650.21626061
ltu,2008,847.60573687
ltu,2009,738.30461367
ltu,2010,697.99629188
ltu,2011,797.28865406
ltu,2012,856.75960427
ltu,2013,935.33058948
ltu,2014,946.64322675
ltu,2015,855.86669624
ltu,2016,922.89159292
lby,2000,672.39678952
lby,2001,629.23927447
lby,2002,331.23965543
lby,2003,359.88139541
lby,2004,394.18566901
lby,2005,434.63580179
lby,2006,478.59499956
lby,2007,550.42938975
lby,2008,627.93925557
lby,2009,677.59217945
lby,2010,741.24396098
lby,2011,709.87888118
mng,2000,12.48416935
mng,2001,14.18673633
mng,2002,15.90057732
mng,2003,16.40207493
mng,2004,21.13535125
mng,2005,30.7157066
mng,2006,32.71573304
mng,2007,40.17982614
mng,2008,54.89980293
mng,2009,46.52733109
mng,2010,75.42531261
mng,2011,119.47309075
mng,2012,149.43463663
mng,2013,190.8859411
mng,2014,178.48452619
mng,2015,178.33951135
mng,2016,152.81262486
mli,2000,111.12729854
mli,2001,106.17450413
mli,2002,120.04507331
mli,2003,145.38877214
mli,2004,157.98296398
mli,2005,180.04732822
mli,2006,206.66980252
mli,2007,256.57518923
mli,2008,312.46928735
mli,2009,329.36883368
mli,2010,327.0627447
mli,2011,357.55581565
mli,2012,344.21293508
mli,2013,370.48163939
mli,2014,215.71354059
mli,2015,184.03941276
mli,2016,189.10363397
fsm,2000,0.87197
fsm,2001,0.98007
fsm,2002,1.0342
fsm,2003,1.14787
fsm,2004,1.2561
fsm,2005,1.41987
fsm,2006,1.36716
fsm,2007,1.33916778
fsm,2008,1.2928
fsm,2009,1.31793
fsm,2010,1.25867
fsm,2011,1.23206
fsm,2012,1.15821
fsm,2013,1.04349
fsm,2014,1.01146786
fsm,2015,1.01458464
fsm,2016,1.06683285
npl,2000,114.23000003
npl,2001,131.32389904
npl,2002,137.70857177
npl,2003,153.00470877
npl,2004,173.51818396
npl,2005,183.18832802
npl,2006,154.46356156
npl,2007,279.89147486
npl,2008,313.75384443
npl,2009,326.72269047
npl,2010,455.21329706
npl,2011,547.51418536
npl,2012,519.7386439
npl,2013,616.62520288
npl,2014,697.46757193
npl,2015,768.9038543
npl,2016,730.34152783
phl,2000,1053.03176915
phl,2001,1002.77110721
phl,2002,1062.2118225
phl,2003,1277.3612829
phl,2004,1383.0141907
phl,2005,2094.79840339
phl,2006,2605.72728572
phl,2007,3276.45913723
phl,2008,4030.9428967
phl,2009,4072.88761636
phl,2010,4721.0672855
phl,2011,5552.23973351
phl,2012,6379.99255135
phl,2013,6986.22497352
phl,2014,6541.74935642
phl,2015,6931.67045169
phl,2016,7213.70518678
niu,2000,0.00934058
niu,2001,0.00966221
niu,2002,0.01169924
niu,2003,0.01359504
niu,2004,0.01503499
niu,2005,0.0167515
niu,2006,0.01780136
niu,2007,0.02041884
niu,2008,0.0214098
niu,2009,0.02129314
niu,2010,0.026114
niu,2011,0.02969503
niu,2012,0.03062869
niu,2013,0.03042394
niu,2014,0.03073609
niu,2015,0.03464106
niu,2016,0.03487146
pol,2000,2853.02766703
pol,2001,3158.3973256
pol,2002,3220.35927241
pol,2003,3638.00938925
pol,2004,4460.39915228
pol,2005,4986.57949255
pol,2006,5462.39346783
pol,2007,6720.45982573
pol,2008,8312.75879352
pol,2009,7103.02999998
pol,2010,7342.95640809
pol,2011,7899.96913102
pol,2012,7531.63191279
pol,2013,7955.03631095
pol,2014,7940.91757219
pol,2015,7095.87982491
pol,2016,7100.49906373
rou,2000,304.79088855
rou,2001,334.8590701
rou,2002,376.07406511
rou,2003,469.62806806
rou,2004,998.89705882
rou,2005,1006.79571664
rou,2006,1236.59204954
rou,2007,1543.28027568
rou,2008,1955.96111883
rou,2009,1909.1385866
rou,2010,1881.32075472
rou,2011,2091.82804866
rou,2012,1810.37891886
rou,2013,2000.3945194
rou,2014,2039.58262427
rou,2015,1870.16591816
rou,2016,1953.22701411
sgp,2000,1547.59115707
sgp,2001,1578.8648561
sgp,2002,1649.88894217
sgp,2003,1706.7383648
sgp,2004,1848.4002538
sgp,2005,1938.42565634
sgp,2006,2130.08856574
sgp,2007,2488.45729683
sgp,2008,2873.81338144
sgp,2009,2812.08624903
sgp,2010,3134.02631871
sgp,2011,3405.56852466
sgp,2012,3627.94775959
sgp,2013,4021.50275713
sgp,2014,3916.0606748
sgp,2015,4075.2718586
sgp,2016,4315.84887242
svk,2000,119.08345593
svk,2001,124.47308119
svk,2002,150.59432184
svk,2003,226.11964081
svk,2004,583.46945504
svk,2005,762.74478762
svk,2006,1041.44382857
svk,2007,1513.74767903
svk,2008,1414.46601107
svk,2009,1586.45704688
svk,2010,1591.95809521
svk,2011,1716.81575856
svk,2012,1656.76852192
svk,2013,1728.89655438
svk,2014,1255.82867097
svk,2015,1108.31034793
svk,2016,1140.38505146
wsm,2000,1.314561
wsm,2001,1.44420418
wsm,2002,1.77681914
wsm,2003,2.189196
wsm,2004,2.52704024
wsm,2005,2.96088671
wsm,2006,3.21340595
wsm,2007,3.65439907
wsm,2008,4.25690227
wsm,2009,4.14973238
wsm,2010,4.52134918
wsm,2011,5.07578946
wsm,2012,5.38931885
wsm,2013,5.43338086
wsm,2014,5.47738683
wsm,2015,4.96705482
wsm,2016,5.26599376
sen,2000,117.27918893
sen,2001,126.30332391
sen,2002,150.16228055
sen,2003,203.5659598
sen,2004,253.16728762
sen,2005,159.79656998
sen,2006,164.67601589
sen,2007,211.29849528
sen,2008,245.04870954
sen,2009,281.79763159
sen,2010,315.75835339
sen,2011,380.85959098
sen,2012,397.70973829
sen,2013,458.20129711
sen,2014,473.72238775
sen,2015,408.52127818
sen,2016,419.73474613
swz,2000,14.84186569
swz,2001,13.03083586
swz,2002,11.99725605
swz,2003,17.78101941
swz,2004,23.21879976
swz,2005,27.06643099
swz,2006,27.7232292
swz,2007,28.9062079
swz,2008,27.95399447
swz,2009,30.42758799
swz,2010,40.5276414
swz,2011,43.19819952
swz,2012,42.84150284
swz,2013,39.42788621
swz,2014,37.6728279
swz,2015,34.72456006
swz,2016,29.32759869
zaf,2000,1533.40570269
zaf,2001,1297.87620615
zaf,2002,1113.04577073
zaf,2003,1628.46776531
zaf,2004,2002.40145878
zaf,2005,2135.70393991
zaf,2006,2105.97668865
zaf,2007,2125.33501571
zaf,2008,1903.16232252
zaf,2009,1948.21881475
zaf,2010,2367.63754667
zaf,2011,2622.12278459
zaf,2012,2495.33085975
zaf,2013,2283.11141999
zaf,2014,2198.1960043
zaf,2015,2004.00432305
zaf,2016,1859.01655453
syr,2000,572.35421166
syr,2001,572.35421166
syr,2002,591.79265659
syr,2003,552.25242718
syr,2004,571.96460867
syr,2005,577.63395589
syr,2006,643.63952066
syr,2007,778.32537525
syr,2008,946.64726596
syr,2009,1036.29058397
syr,2010,1069.79809248
syr,2011,926.0905057
syr,2012,725.1870174
swe,2000,2785.12556531
swe,2001,3300.46966174
swe,2002,3715.5738918
swe,2003,4590.47792415
swe,2004,5281.61611411
swe,2005,5510.84103385
swe,2006,5839.46136814
swe,2007,6673.25563675
swe,2008,7229.44686463
swe,2009,6497.14867833
swe,2010,7021.41262381
swe,2011,9046.21714217
swe,2012,9164.11119915
swe,2013,9980.69994774
swe,2014,9916.21221187
swe,2015,8488.2453623
swe,2016,8575.45767387
tha,2000,1339.98732388
tha,2001,1237.34053687
tha,2002,1249.38889405
tha,2003,1341.72332946
tha,2004,1433.22831597
tha,2005,1650.00089889
tha,2006,1213.70744327
tha,2007,1243.64266211
tha,2008,1481.92694964
tha,2009,1621.45404113
tha,2010,1676.4468078
tha,2011,1721.28200886
tha,2012,1879.83208428
tha,2013,1820.17505261
tha,2014,1929.48233185
tha,2015,1841.27165066
tha,2016,1851.24726549
tun,2000,418.7641211
tun,2001,443.86125465
tun,2002,499.70968395
tun,2003,613.45143996
tun,2004,706.04619231
tun,2005,733.59068092
tun,2006,789.57085707
tun,2007,905.61830704
tun,2008,1039.90486807
tun,2009,1047.78094599
tun,2010,1091.3653906
tun,2011,1225.27575128
tun,2012,1219.43095452
tun,2013,1238.85058343
tun,2014,1232.33809769
tun,2015,1196.45701905
tun,2016,1167.11410619
btn,2000,2.107301
btn,2001,1.72158173
btn,2002,2.29383602
btn,2003,4.50351767
btn,2004,4.87039623
btn,2005,5.2002433
btn,2006,5.37885183
btn,2007,6.2969059
btn,2008,6.11686786
btn,2009,6.87503727
btn,2010,8.3714736
btn,2011,9.01484052
btn,2012,12.36923914
btn,2013,12.73157566
btn,2014,13.53337026
btn,2015,14.20093144
btn,2016,14.66732814
bgd,2000,667.64031065
bgd,2001,708.62803644
bgd,2002,770.78783149
bgd,2003,864.14145354
bgd,2004,949.25129581
bgd,2005,1046.62292018
bgd,2006,1131.25036989
bgd,2007,1344.44828197
bgd,2008,1531.74392615
bgd,2009,1758.53408758
bgd,2010,2063.33739382
bgd,2011,2297.5526278
bgd,2012,2390.06278545
bgd,2013,2791.79407158
bgd,2014,3214.26867449
bgd,2015,3686.24360567
bgd,2016,4008.42922349
tur,2000,3647.04207646
tur,2001,2310.72758545
tur,2002,2471.42764257
tur,2003,2986.23745324
tur,2004,4051.42904042
tur,2005,5990.96073707
tur,2006,6779.02108085
tur,2007,8523.34697693
tur,2008,7710.84852964
tur,2009,5175.69743735
tur,2010,6581.32919541
tur,2011,6203.67711371
tur,2012,6235.07949049
tur,2013,7086.40601166
tur,2014,7198.30508165
tur,2015,6030.70026607
tur,2016,6135.81710751
uga,2000,170.5997009
uga,2001,173.1794745
uga,2002,182.21525318
uga,2003,178.7618216
uga,2004,295.14779025
uga,2005,402.98224515
uga,2006,491.87489396
uga,2007,613.5526677
uga,2008,705.6667246
uga,2009,673.91038504
uga,2010,704.22939242
uga,2011,703.83612709
uga,2012,821.02144618
uga,2013,748.28295282
uga,2014,740.44484162
uga,2015,649.87054331
uga,2016,629.08061452
ind,2000,14017.15641887
ind,2001,15771.65828534
ind,2002,16233.10830855
ind,2003,17953.13196356
ind,2004,20522.41150601
ind,2005,23225.61879003
ind,2006,24895.81458975
ind,2007,30044.3073781
ind,2008,31451.1959327
ind,2009,31137.84702965
ind,2010,36309.75718141
ind,2011,37813.37042285
ind,2012,39031.83069227
ind,2013,49648.87033917
ind,2014,49553.85684568
ind,2015,49914.53542465
ind,2016,53629.41737201
cze,2000,359.41888498
cze,2001,423.13293578
cze,2002,507.84216928
cze,2003,676.98252331
cze,2004,814.55337114
cze,2005,964.64318336
cze,2006,1121.72365723
cze,2007,1551.75725511
cze,2008,2418.51015487
cze,2009,2263.07585375
cze,2010,2192.1904363
cze,2011,2388.96916164
cze,2012,2228.78304176
cze,2013,2220.93537019
cze,2014,2239.67240756
cze,2015,2006.52472178
cze,2016,2095.54721483
isl,2000,156.56810698
isl,2001,140.88617841
isl,2002,163.76344105
isl,2003,193.34972802
isl,2004,228.33421238
isl,2005,265.20593683
isl,2006,252.46098604
isl,2007,297.90946843
isl,2008,245.38839277
isl,2009,194.04608671
isl,2010,212.33614577
isl,2011,231.03376701
isl,2012,224.08447127
isl,2013,240.67309745
isl,2014,264.36576029
isl,2015,249.37177901
isl,2016,283.99562556
mys,2000,1059.13157895
mys,2001,978.63947368
mys,2002,1032.96578947
mys,2003,1226.68421053
mys,2004,1419.97631579
mys,2005,1615.58803777
mys,2006,1867.87607978
mys,2007,2210.80628778
mys,2008,2623.55133912
mys,2009,2256.19334217
mys,2010,2843.39114588
mys,2011,3547.46383076
mys,2012,3851.46550415
mys,2013,4079.29643023
mys,2014,4483.91655035
mys,2015,4099.19268276
mys,2016,4238.88708017
moz,2000,31.01566177
moz,2001,26.51497905
moz,2002,33.31084276
moz,2003,37.2175548
moz,2004,43.73433859
moz,2005,46.0402886
moz,2006,47.82871395
moz,2007,49.37461682
moz,2008,55.01201525
moz,2009,50.79520439
moz,2010,42.95535287
moz,2011,54.15542658
moz,2012,64.6037707
moz,2013,65.57157527
moz,2014,64.52271874
moz,2015,54.52378723
moz,2016,42.4860175
nru,2000,0.12034195
nru,2001,0.10707171
nru,2002,0.11460247
nru,2003,0.13427142
nru,2004,0.15684398
nru,2005,0.14636953
nru,2006,0.14418511
nru,2007,0.13532066
nru,2008,0.17756404
nru,2009,0.17893699
nru,2010,0.15208233
nru,2011,0.13010293
nru,2012,0.07014902
nru,2013,0.09152931
nru,2014,0.10721555
nru,2015,0.11473076
nru,2016,0.1325291
esp,2000,9871.53135109
esp,2001,10552.37984448
esp,2002,11801.0695006
esp,2003,15415.98290811
esp,2004,18197.92764771
esp,2005,19509.6639805
esp,2006,20855.60020122
esp,2007,24374.38238909
esp,2008,28482.09177134
esp,2009,26265.38842498
esp,2010,26780.44354972
esp,2011,28518.85230519
esp,2012,27688.56884416
esp,2013,29460.94649337
esp,2014,30271.12192546
esp,2015,25979.95029163
esp,2016,26444.08125792
tjk,2000,29.38059917
tjk,2001,37.09636624
tjk,2002,41.96664375
tjk,2003,53.57026197
tjk,2004,71.36845649
tjk,2005,79.57389463
tjk,2006,97.31991268
tjk,2007,145.2432825
tjk,2008,208.12079168
tjk,2009,203.00770029
tjk,2010,227.90591459
tjk,2011,239.03518286
tjk,2012,291.91379783
tjk,2013,344.02418035
tjk,2014,382.77705768
tjk,2015,339.43956775
tjk,2016,321.37013923
brn,2000,26.82307634
brn,2001,26.56214899
brn,2002,26.93081329
brn,2003,32.24574534
brn,2004,37.63918097
brn,2005,38.53543399
brn,2006,35.6061006
brn,2007,33.68545136
brn,2008,30.24558854
brn,2009,27.03413362
brn,2010,25.79916075
brn,2011,29.25559988
brn,2012,31.20985059
brn,2013,32.31327471
brn,2014,24.00767704
brn,2015,15.35132328
brn,2016,13.53505754
aus,2000,6535.04670323
aus,2001,6136.54708207
aus,2002,6842.38572654
aus,2003,8451.85658863
aus,2004,10572.16904259
aus,2005,11942.93353128
aus,2006,12910.66535238
aus,2007,15102.60042692
aus,2008,16616.71327604
aus,2009,16557.29459541
aus,2010,21636.46312143
aus,2011,25328.97078073
aus,2012,27510.20551853
aus,2013,26648.06056516
aus,2014,25883.41687978
aus,2015,22040.10697999
aus,2016,22862.43488865
khm,2000,164.72913009
khm,2001,174.24401953
khm,2002,188.13973094
khm,2003,199.79503938
khm,2004,213.19158043
khm,2005,262.80348214
khm,2006,232.95075274
khm,2007,206.15205696
khm,2008,349.02363823
khm,2009,398.37332904
khm,2010,403.35331249
khm,2011,575.11634393
khm,2012,617.11455138
khm,2013,662.28680762
khm,2014,656.17608892
khm,2015,641.00210666
khm,2016,716.96747816
chn,2000,32677.03719717
chn,2001,36412.44998397
chn,2002,40378.80213351
chn,2003,44444.2364963
chn,2004,49189.94788473
chn,2005,55172.09502962
chn,2006,60871.64249128
chn,2007,67021.2707997
chn,2008,84561.13593206
chn,2009,96190.35745012
chn,2010,104150.82243785
chn,2011,131011.8152483
chn,2012,152975.39435987
chn,2013,173172.40108307
chn,2014,183861.46714891
chn,2015,192575.99862482
chn,2016,200736.57469032
ita,2000,22904.89874249
ita,2001,22101.81564371
ita,2002,24118.34903139
ita,2003,29244.92739556
ita,2004,33620.78063983
ita,2005,33467.64164553
ita,2006,35031.44362164
ita,2007,38690.84279766
ita,2008,43681.10740836
ita,2009,40529.67105327
ita,2010,39098.3318875
ita,2011,44296.62683932
ita,2012,40247.00177568
ita,2013,41507.83566285
ita,2014,42923.80172767
ita,2015,38105.31475868
ita,2016,38389.00042587
cok,2000,0.21004089
cok,2001,0.1981715
cok,2002,0.24239593
cok,2003,0.36673055
cok,2004,0.44845593
cok,2005,0.39617606
cok,2006,0.44747082
cok,2007,0.50556209
cok,2008,0.59406887
cok,2009,0.41062461
cok,2010,0.51675793
cok,2011,0.62353081
cok,2012,0.62175851
cok,2013,0.6811977
cok,2014,0.7033444
cok,2015,0.62412052
cok,2016,0.63803736
ken,2000,308.99955719
ken,2001,324.43725878
ken,2002,324.53406291
ken,2003,390.79364461
ken,2004,426.82635559
ken,2005,501.78416888
ken,2006,582.93659212
ken,2007,685.53465903
ken,2008,726.65993111
ken,2009,703.08826568
ken,2010,738.37339496
ken,2011,755.01946553
ken,2012,894.4093828
ken,2013,977.14194968
ken,2014,980.2916249
ken,2015,898.61309544
ken,2016,889.21814226
kgz,2000,31.234409
kgz,2001,34.72652859
kgz,2002,38.09353369
kgz,2003,57.16131634
kgz,2004,63.9391886
kgz,2005,78.02632413
kgz,2006,92.29719398
kgz,2007,113.11410831
kgz,2008,163.25537395
kgz,2009,124.85986188
kgz,2010,143.58969896
kgz,2011,191.79133103
kgz,2012,243.06183451
kgz,2013,278.74751487
kgz,2014,310.26519875
kgz,2015,267.25671363
kgz,2016,249.95733479
mwi,2000,17.52425182
mwi,2001,17.06278025
mwi,2002,19.54371435
mwi,2003,18.10915508
mwi,2004,19.33303775
mwi,2005,20.14392237
mwi,2006,24.6771017
mwi,2007,39.79696851
mwi,2008,47.44529973
mwi,2009,57.52464297
mwi,2010,55.07327431
mwi,2011,53.75193763
mwi,2012,52.35046718
mwi,2013,42.85358748
mwi,2014,48.06354784
mwi,2015,65.62078874
mwi,2016,60.95863465
mlt,2000,66.3472171
mlt,2001,79.65631433
mlt,2002,94.19743783
mlt,2003,123.05260781
mlt,2004,137.87107192
mlt,2005,160.32811335
mlt,2006,176.89123071
mlt,2007,201.20448946
mlt,2008,235.62124982
mlt,2009,223.73540856
mlt,2010,237.05469474
mlt,2011,269.74416018
mlt,2012,254.5437361
mlt,2013,309.00986799
mlt,2014,384.6804458
mlt,2015,367.05200288
mlt,2016,364.60730088
mus,2000,62.04232869
mus,2001,62.50264285
mus,2002,73.3095254
mus,2003,88.76770852
mus,2004,100.2599534
mus,2005,119.78478609
mus,2006,135.90863312
mus,2007,162.41029024
mus,2008,246.6331991
mus,2009,225.22233406
mus,2010,239.68981588
mus,2011,263.33751658
mus,2012,257.5709583
mus,2013,302.08370263
mus,2014,352.97809768
mus,2015,330.4068309
mus,2016,336.20114951
nam,2000,12.80094456
nam,2001,10.88953779
nam,2002,13.91931754
nam,2003,27.33732413
nam,2004,29.09116804
nam,2005,36.02267222
nam,2006,29.04948263
nam,2007,66.87659192
nam,2008,49.69239828
nam,2009,68.20418027
nam,2010,101.80814133
nam,2011,125.70766978
nam,2012,131.5717573
nam,2013,109.00247418
nam,2014,94.41467974
nam,2015,82.91997155
nam,2016,77.08553226
mco,2000,3.17414068
mco,2001,3.22336888
mco,2002,3.49052624
mco,2003,4.32183375
mco,2004,4.95413688
mco,2005,5.17948528
mco,2006,5.63850887
mco,2007,7.1979401
mco,2008,7.99403183
mco,2009,6.84414304
mco,2010,6.72508543
mco,2011,7.57177499
mco,2012,7.14142795
mco,2013,8.13627658
mco,2014,8.70993482
mco,2015,7.68770869
mco,2016,7.99195443
pak,2000,1364.81130453
pak,2001,1192.16353927
pak,2002,1246.40466358
pak,2003,1449.80699769
pak,2004,1616.56612483
pak,2005,2263.89606969
pak,2006,3198.15381557
pak,2007,3458.04465469
pak,2008,3228.55204511
pak,2009,3053.82045477
pak,2010,3189.86766536
pak,2011,3331.9171534
pak,2012,3250.92733928
pak,2013,3736.04853493
pak,2014,4508.00792682
pak,2015,4748.72999837
pak,2016,4987.83434292
nld,2000,2751.97830111
nld,2001,2892.14414189
nld,2002,3115.14165895
nld,2003,3852.01696549
nld,2004,4355.56673061
nld,2005,6680.68323136
nld,2006,6127.70388175
nld,2007,6775.04044411
nld,2008,9563.09224741
nld,2009,8521.70264905
nld,2010,8540.06449947
nld,2011,9344.81167157
nld,2012,9386.58399011
nld,2013,11030.89520274
nld,2014,11657.35919048
nld,2015,9153.05009987
nld,2016,9220.14081313
nga,2000,1304.66341305
nga,2001,1445.56273529
nga,2002,1555.67055094
nga,2003,3811.23985131
nga,2004,3922.70402092
nga,2005,5029.01994056
nga,2006,6683.65048847
nga,2007,7274.35373715
nga,2008,8882.12563648
nga,2009,7930.1143695
nga,2010,9353.11758089
nga,2011,10275.59569382
nga,2012,11281.58538627
nga,2013,12494.03836249
nga,2014,13677.90323238
nga,2015,12735.83200385
nga,2016,11098.00867163
qat,2000,107.14285714
qat,2001,111.2789011
qat,2002,130.87786315
qat,2003,153.92868634
qat,2004,181.03932864
qat,2005,212.92482443
qat,2006,250.42614331
qat,2007,294.53237039
qat,2008,346.40679307
qat,2009,407.41758242
qat,2010,419.23076923
qat,2011,453.2967033
qat,2012,355.49450549
qat,2013,285.08241758
qat,2014,283.13186813
qat,2015,369.67810437
qat,2016,401.48118784
plw,2000,2.0944384
plw,2001,2.0944384
plw,2002,2.2011338
plw,2003,2.2599783
plw,2004,2.362622
plw,2005,2.657902
plw,2006,2.9424004
plw,2007,3.1263878
plw,2008,3.2487557
plw,2009,3.4712954
plw,2010,3.5599653
plw,2011,3.5883875
plw,2012,3.6608506
plw,2013,3.9515619
plw,2014,4.1180507
plw,2015,4.76682419
plw,2016,5.20322359
rwa,2000,19.66350694
rwa,2001,18.303164
rwa,2002,17.51190463
rwa,2003,25.37235407
rwa,2004,37.85547064
rwa,2005,53.91970596
rwa,2006,69.41262565
rwa,2007,68.25639956
rwa,2008,66.50961834
rwa,2009,62.30753981
rwa,2010,59.07031713
rwa,2011,55.77691174
rwa,2012,52.93995949
rwa,2013,48.80377428
rwa,2014,44.87096354
rwa,2015,41.14242305
rwa,2016,36.5296121
sle,2000,80.8520958
sle,2001,85.14189599
sle,2002,98.18619777
sle,2003,106.31119774
sle,2004,106.44495781
sle,2005,121.6178051
sle,2006,134.51309109
sle,2007,157.97566437
sle,2008,186.87969678
sle,2009,190.37880594
sle,2010,180.61600664
sle,2011,273.37885439
sle,2012,294.65931109
sle,2013,358.01435797
sle,2014,345.96430522
sle,2015,318.22020777
sle,2016,265.24826271
svn,2000,210.18742455
svn,2001,212.16762194
svn,2002,236.55260276
svn,2003,299.69854372
svn,2004,332.50965462
svn,2005,376.89606083
svn,2006,379.20805994
svn,2007,491.51015961
svn,2008,551.55967334
svn,2009,549.73653977
svn,2010,521.40998219
svn,2011,536.36521606
svn,2012,505.81656803
svn,2013,526.89803879
svn,2014,551.15949855
svn,2015,457.69298593
svn,2016,454.41050402
uzb,2000,388.25361409
uzb,2001,349.1726926
uzb,2002,286.55474184
uzb,2003,285.22515595
uzb,2004,314.45235794
uzb,2005,357.27038956
uzb,2006,420.26676699
uzb,2007,566.90523592
uzb,2008,697.63120275
uzb,2009,857.04972911
uzb,2010,961.95164442
uzb,2011,1130.36040811
uzb,2012,1455.47855484
uzb,2013,1604.70514351
uzb,2014,1625.54036319
uzb,2015,1974.08620871
uzb,2016,2219.91230584
tkm,2000,173.07692308
tkm,2001,346.15384615
tkm,2002,373.48178137
tkm,2003,619.43319838
tkm,2004,1084.00809716
tkm,2005,1211.53846154
tkm,2006,1375.50607287
tkm,2007,947.36842105
tkm,2008,989.61090299
tkm,2009,688.08864266
tkm,2010,801.10803324
tkm,2011,987.25761773
tkm,2012,1146.81440443
tkm,2013,1349.58448753
tkm,2014,1632.13296399
tkm,2015,1602.40601504
tkm,2016,1824.36090225
tgo,2000,36.80459721
tgo,2001,37.16857946
tgo,2002,42.41822149
tgo,2003,52.12832698
tgo,2004,56.42789547
tgo,2005,59.69270453
tgo,2006,62.10291494
tgo,2007,72.80496222
tgo,2008,89.88952117
tgo,2009,103.90178826
tgo,2010,125.52571045
tgo,2011,143.46442344
tgo,2012,137.0015325
tgo,2013,150.62203349
tgo,2014,157.12839478
tgo,2015,142.42974056
tgo,2016,148.68353826
vut,2000,0.67879826
vut,2001,0.64400199
vut,2002,0.90875268
vut,2003,1.06189236
vut,2004,1.2157141
vut,2005,1.27889636
vut,2006,1.3318505
vut,2007,1.51311775
vut,2008,1.66264212
vut,2009,1.72569703
vut,2010,2.09420653
vut,2011,2.35278602
vut,2012,2.35768417
vut,2013,2.415552
vut,2014,2.49011652
vut,2015,2.38816999
vut,2016,2.50003114
