country,year,sha11_fs_6_2_constant_2010_us_per_capita
tgo,2000,0.03561025
tgo,2001,0.03610968
tgo,2002,0.0351662
tgo,2003,0.04409487
tgo,2004,0.05473965
tgo,2005,0.06293923
tgo,2006,0.07698791
tgo,2007,0.08924415
tgo,2008,0.09714455
tgo,2009,0.11635771
tgo,2010,0.14070702
tgo,2011,0.16941979
tgo,2012,0.16261439
tgo,2013,0.15610327
tgo,2014,0.08236339
tgo,2015,1.18861428
tgo,2016,0.95894185
uzb,2000,0.15812894
uzb,2001,0.16254875
uzb,2002,0.16690811
uzb,2003,0.1717719
uzb,2004,0.18215817
uzb,2005,0.19232251
uzb,2006,0.20383978
uzb,2007,0.21991631
uzb,2008,0.23604537
uzb,2009,0.25118243
uzb,2010,0.2682498
uzb,2011,0.28583657
uzb,2012,0.30440562
uzb,2013,0.32401306
uzb,2014,0.34124251
uzb,2015,0.36930265
uzb,2016,0.40654173
svn,2000,33.21822774
svn,2001,27.08327132
svn,2002,27.55483979
svn,2003,27.21277282
svn,2004,38.381141
svn,2005,38.00220773
svn,2006,42.66703385
svn,2007,42.33727619
svn,2008,46.36920111
svn,2009,39.04315538
svn,2010,39.46097009
svn,2011,44.57021591
svn,2012,43.56414737
svn,2013,44.61320882
svn,2014,34.67851906
svn,2015,33.76830527
svn,2016,34.6610525
sle,2014,5.67568056
sle,2015,4.41442152
sle,2016,4.59142794
rwa,2000,0.41415424
rwa,2001,0.52611797
rwa,2002,0.67629518
rwa,2003,1.20521763
rwa,2004,0.92918214
rwa,2005,0.72656667
rwa,2006,0.72468991
rwa,2007,0.72647575
rwa,2008,0.83476565
rwa,2009,0.87273745
rwa,2010,0.91152914
rwa,2011,0.95205578
rwa,2012,0.99883386
rwa,2013,0.99880093
rwa,2014,1.04920149
rwa,2015,1.13796622
rwa,2016,1.12818919
qat,2009,36.4724631
qat,2010,33.1891502
qat,2011,34.62788522
qat,2012,25.21605683
qat,2013,29.43181644
qat,2014,20.16256864
qat,2015,19.97742414
qat,2016,19.72137231
nga,2000,0.78616863
nga,2001,0.81779494
nga,2002,0.91388935
nga,2003,0.97567611
nga,2004,1.39525105
nga,2005,1.26724812
nga,2006,1.31763193
nga,2007,1.37732798
nga,2008,1.43787919
nga,2009,1.51707729
nga,2010,1.6434384
nga,2011,1.59675222
nga,2012,1.38657775
nga,2013,1.36160718
nga,2014,1.62540761
nga,2015,0.83455577
nga,2016,0.73308096
pak,2000,0.52947343
pak,2001,0.5281573
pak,2002,0.53309559
pak,2003,0.54676787
pak,2004,0.57568713
pak,2005,0.61450595
pak,2006,0.63707882
pak,2007,0.6657831
pak,2008,0.66631406
pak,2009,0.58325891
pak,2010,0.56962263
pak,2011,0.5004369
pak,2012,0.49188909
pak,2013,0.50004638
pak,2014,0.50115099
pak,2015,0.52109101
pak,2016,0.55975367
nam,2015,16.25311526
nam,2016,40.18174566
nld,2000,128.89497015
nld,2001,142.96497659
nld,2002,157.61196978
nld,2003,168.37013288
nld,2004,169.02984491
nld,2005,74.56836323
nld,2006,65.61496793
nld,2007,69.46631291
nld,2008,63.86394688
nld,2009,70.77264778
nld,2010,69.1845392
nld,2011,66.1709836
nld,2012,59.34473872
nld,2013,56.24097433
nld,2014,50.77759305
nld,2015,75.28773491
nld,2016,78.03232078
mus,2000,1.20015539
mus,2001,1.2296295
mus,2002,1.24142088
mus,2003,1.30788399
mus,2004,1.35662598
mus,2005,1.36921138
mus,2006,1.42390624
mus,2007,1.50067315
mus,2008,1.57650913
mus,2009,1.61838999
mus,2010,1.67944452
mus,2011,1.74049266
mus,2012,1.79321358
mus,2013,1.84755996
mus,2014,1.91158699
mus,2015,4.16573919
mus,2016,7.06061221
mwi,2003,0.51616605
mwi,2006,1.34303134
mwi,2007,0.67043254
mwi,2008,0.79409346
mwi,2009,0.66410382
mwi,2013,0.01467849
mwi,2014,0.03320108
mwi,2015,0.01164281
mwi,2016,0.01263253
ken,2000,1.64020865
ken,2001,1.69446043
ken,2002,1.63184711
ken,2003,1.49648158
ken,2004,1.36449659
ken,2005,1.269713
ken,2006,1.11892368
ken,2007,1.37811566
ken,2008,1.4780985
ken,2009,1.56166959
ken,2010,1.7491247
ken,2011,1.06652665
ken,2012,0.53088228
ken,2013,0.10425645
ken,2014,0.73600665
ken,2015,1.22482758
ken,2016,1.62004648
cok,2000,0.0
cok,2001,0.0
cok,2002,0.0
cok,2003,0.0
cok,2004,0.0
cok,2005,0.0
cok,2006,0.0
cok,2007,0.0
cok,2008,0.0
cok,2009,0.0
cok,2010,0.0
cok,2011,0.0
cok,2012,0.0
cok,2013,0.0
cok,2014,0.0
cok,2015,0.0
cok,2016,0.0
ita,2012,10.23154829
ita,2013,10.35812432
ita,2014,11.89869129
ita,2015,12.33999604
ita,2016,12.69088203
chn,2000,13.57466057
chn,2001,9.65496237
chn,2002,9.15848719
chn,2003,8.79424984
chn,2004,9.36601045
chn,2005,8.20328129
chn,2006,7.67339409
chn,2007,10.24952102
chn,2008,8.34457242
chn,2009,8.68801481
chn,2010,9.40124552
chn,2011,7.5786338
chn,2012,7.34440984
chn,2013,6.71477554
chn,2014,6.17510491
chn,2015,3.76940059
chn,2016,5.38656216
khm,2000,0.0
khm,2001,0.0
khm,2002,0.0
khm,2003,0.0
khm,2004,0.0
khm,2005,0.0
khm,2006,0.0
khm,2007,0.0
khm,2008,0.0
khm,2009,0.0
khm,2010,0.0
khm,2011,0.0
khm,2012,0.0
khm,2013,0.0
khm,2014,0.0
khm,2015,0.0
khm,2016,0.0
aus,2000,112.59193489
aus,2001,121.85458239
aus,2002,116.36737985
aus,2003,175.87098498
aus,2004,184.57579163
aus,2005,165.08627772
aus,2006,165.80066773
aus,2007,160.21882695
aus,2008,151.65434111
aus,2009,152.95191867
aus,2010,137.48282387
aus,2011,146.82276729
aus,2012,131.75111083
aus,2013,129.22170696
aus,2014,132.5434484
aus,2015,134.41962134
aus,2016,134.07085777
tjk,2000,0.0
tjk,2001,0.0
tjk,2002,0.0
tjk,2003,0.11135509
tjk,2004,0.18567229
tjk,2005,0.16604343
tjk,2006,0.13428611
tjk,2007,0.05164988
tjk,2008,0.03943245
tjk,2009,0.0
tjk,2010,0.0
tjk,2011,0.28360427
tjk,2012,0.31542791
tjk,2013,0.08443783
tjk,2014,0.07829283
tjk,2015,0.11474269
tjk,2016,0.11164565
mys,2000,9.8040932
mys,2001,11.16728323
mys,2002,10.87790205
mys,2003,9.56816529
mys,2004,8.47538936
mys,2005,9.38087399
mys,2006,8.44322846
mys,2007,9.57384631
mys,2008,6.89877462
mys,2009,6.39308327
mys,2010,6.79775027
mys,2011,5.22670559
mys,2012,6.28830204
mys,2013,6.40254436
mys,2014,5.68507975
mys,2015,6.34677012
mys,2016,6.29708769
isl,2000,0.0
isl,2001,0.0
isl,2002,0.0
isl,2003,0.0
isl,2004,0.0
isl,2005,0.0
isl,2006,0.0
isl,2007,0.0
isl,2008,0.0
isl,2009,0.0
isl,2010,0.0
isl,2011,0.0
isl,2012,0.0
isl,2013,0.0
isl,2014,0.0
isl,2015,0.0
isl,2016,0.0
cze,2000,9.27824716
cze,2001,17.16114476
cze,2002,18.57221808
cze,2003,20.1515664
cze,2004,15.69692831
cze,2005,21.9083218
cze,2006,13.64070305
cze,2007,15.39707492
cze,2008,19.35704189
cze,2009,10.08223304
cze,2010,7.33129145
cze,2011,7.18238793
cze,2012,7.06427279
cze,2013,8.01340712
cze,2014,13.02732386
cze,2015,6.3977065
cze,2016,7.33385449
ind,2000,1.23440531
ind,2001,1.27336424
ind,2002,1.74314773
ind,2003,1.85047077
ind,2004,1.96336596
ind,2005,0.90988606
ind,2006,0.97855782
ind,2007,1.05802483
ind,2008,1.08293142
ind,2009,1.15792689
ind,2010,1.25899868
ind,2011,1.32489127
ind,2012,1.37945864
ind,2013,1.70635408
ind,2014,1.80611117
ind,2015,1.9389358
ind,2016,2.08494306
uga,2000,0.08958061
uga,2001,0.16332812
uga,2002,0.22485612
uga,2003,0.26851858
uga,2004,0.29975421
uga,2005,0.33358879
uga,2006,0.34505218
uga,2007,0.35076868
uga,2008,0.32875629
uga,2009,0.3000541
uga,2010,0.12447789
uga,2011,0.00635913
uga,2012,0.13310726
uga,2013,0.07442449
uga,2014,0.04811201
uga,2015,0.0659834
uga,2016,0.06298933
tur,2000,35.8758591
tur,2001,35.01202472
tur,2002,39.62107963
tur,2003,41.56841933
tur,2004,36.2567456
tur,2005,38.67727379
tur,2006,39.88966017
tur,2007,41.18674326
tur,2008,45.29015962
tur,2009,27.56239127
tur,2010,27.66081636
tur,2011,27.25346502
tur,2012,26.42499514
tur,2013,26.76098104
tur,2014,27.02419911
tur,2015,28.2866708
tur,2016,31.01106271
bgd,2000,0.08932545
bgd,2001,0.08363851
bgd,2002,0.08935338
bgd,2003,0.0981867
bgd,2004,0.1008698
bgd,2005,0.1067383
bgd,2006,0.11478254
bgd,2007,0.12402156
bgd,2008,0.12616895
bgd,2009,0.13471306
bgd,2010,0.14076777
bgd,2011,0.14123971
bgd,2012,0.14227934
bgd,2013,0.15285432
bgd,2014,0.15692671
bgd,2015,0.15912726
bgd,2016,0.16220002
btn,2000,0.0
btn,2001,0.01580665
btn,2002,0.00256362
btn,2003,0.00982406
btn,2004,0.00232328
btn,2005,0.00050092
btn,2006,0.00440471
btn,2007,0.00696964
btn,2008,0.06050062
btn,2009,0.10391739
btn,2010,0.12243046
btn,2011,0.11322386
btn,2012,0.13767439
btn,2013,0.1542225
btn,2014,0.11478244
btn,2015,0.31296073
btn,2016,0.4203724
tun,2000,5.44468265
tun,2001,5.87549925
tun,2002,6.3606251
tun,2003,6.84512925
tun,2004,7.20830226
tun,2005,2.7132131
tun,2006,1.67322987
tun,2007,1.0111948
tun,2008,0.5666356
tun,2009,0.30560011
tun,2010,0.14503119
tun,2011,0.05166217
tun,2012,4.21488464
tun,2013,3.86562594
tun,2014,1.99949653
tun,2015,0.68079283
tun,2016,0.707771
tha,2000,4.52747577
tha,2001,4.6212905
tha,2002,4.26957541
tha,2003,4.12613248
tha,2004,3.62066048
tha,2005,3.34819424
tha,2006,3.59706659
tha,2007,3.13066509
tha,2008,2.83871622
tha,2009,3.89718173
tha,2010,3.85750386
tha,2011,3.67060347
tha,2012,3.55435353
tha,2013,3.6717807
tha,2014,4.2894116
tha,2015,4.76276809
tha,2016,4.90438317
swe,2000,20.13339999
swe,2001,21.42368302
swe,2002,21.0248875
swe,2003,22.06535085
swe,2004,22.79247332
swe,2005,23.31375636
swe,2006,24.35541988
swe,2007,25.95828848
swe,2008,25.91731322
swe,2009,23.26647215
swe,2010,24.04817727
swe,2011,25.06312762
swe,2012,24.91014264
swe,2013,25.29054227
swe,2014,24.83850342
swe,2015,27.84573819
swe,2016,31.08539465
zaf,2000,3.91709026
zaf,2001,3.86727066
zaf,2002,3.62400375
zaf,2003,3.7132368
zaf,2004,3.63177855
zaf,2005,3.54320648
zaf,2006,3.43311034
zaf,2007,3.28012003
zaf,2008,3.16153467
zaf,2009,3.27217139
zaf,2010,3.29855694
zaf,2011,3.29751913
zaf,2012,3.35734789
zaf,2013,3.38864164
zaf,2014,3.42375883
zaf,2015,3.50973644
zaf,2016,3.48393128
swz,2000,6.98803776
swz,2001,7.01368909
swz,2002,7.20946088
swz,2003,7.48363885
swz,2004,7.70775717
swz,2005,8.05292715
swz,2006,8.35908536
swz,2007,8.55113398
swz,2008,8.6343865
swz,2009,8.85891795
swz,2010,9.00106962
swz,2011,9.01001906
swz,2012,8.84645539
swz,2013,9.10214343
swz,2014,9.09542528
swz,2015,9.10777554
swz,2016,7.70721623
sen,2000,0.4263848
sen,2001,0.43489695
sen,2002,0.42669853
sen,2003,0.44345781
sen,2004,0.45727008
sen,2005,0.80675113
sen,2006,0.5808428
sen,2007,0.52808255
sen,2008,0.54020699
sen,2009,0.11644934
sen,2010,0.11768212
sen,2011,0.11631364
sen,2012,0.11798631
sen,2013,0.51924443
sen,2014,0.21394935
sen,2015,0.21371265
sen,2016,0.21160354
wsm,2000,0.0
wsm,2001,0.77973412
wsm,2002,0.91404955
wsm,2003,0.96028683
wsm,2004,0.96025732
wsm,2005,1.04936816
wsm,2006,1.10132377
wsm,2007,1.09042781
wsm,2008,1.16782542
wsm,2009,1.1163158
wsm,2010,1.106655
wsm,2011,1.11442905
wsm,2012,1.11695448
wsm,2013,1.1081368
wsm,2014,1.11327112
wsm,2015,1.0716548
svk,2000,4.16549478
svk,2001,4.33866666
svk,2002,4.67895726
svk,2003,4.818323
svk,2004,17.41017602
svk,2005,17.21007787
svk,2006,34.21916412
svk,2007,42.73157276
svk,2008,41.73397122
svk,2009,43.55446693
svk,2010,50.37119673
svk,2011,27.06846446
svk,2012,47.53587009
svk,2013,20.27557771
svk,2014,12.90076181
svk,2015,14.87254257
svk,2016,20.81551685
sgp,2000,154.70460914
sgp,2001,149.23321053
sgp,2002,151.28653325
sgp,2003,153.60555829
sgp,2004,163.62494459
sgp,2005,171.14002194
sgp,2006,181.42120175
sgp,2007,192.90538188
sgp,2008,191.55492339
sgp,2009,186.0121109
sgp,2010,203.48312982
sgp,2011,214.7522411
sgp,2012,228.58426313
sgp,2013,268.62853237
sgp,2014,286.69624271
sgp,2015,288.52024097
sgp,2016,290.85361809
rou,2000,2.71213576
rou,2001,2.94326061
rou,2002,4.52094399
rou,2003,4.89888934
rou,2004,2.83636399
rou,2005,3.88043803
rou,2006,1.0754868
rou,2007,1.98411681
rou,2008,2.31763207
rou,2009,1.58368325
rou,2010,1.2358129
rou,2011,1.52586659
rou,2012,0.62285676
rou,2013,1.176064
rou,2014,0.85610722
rou,2015,0.6568115
rou,2016,1.07132819
pol,2000,2.06069113
pol,2001,2.28084443
pol,2002,11.7123085
pol,2003,11.79177484
pol,2004,8.7093178
pol,2005,11.42737282
pol,2006,14.02201004
pol,2007,15.12721994
pol,2008,21.46760522
pol,2009,17.99073127
pol,2010,25.00808923
pol,2011,26.86888834
pol,2012,34.00549887
pol,2013,5.04475473
pol,2014,5.57055955
pol,2015,6.26251424
pol,2016,8.92831715
phl,2000,2.49683641
phl,2001,2.44935797
phl,2002,2.45980365
phl,2003,2.5454004
phl,2004,2.73765545
phl,2005,2.41759418
phl,2006,2.37483549
phl,2007,2.52104084
phl,2008,2.66644426
phl,2009,2.80919805
phl,2010,2.74031795
phl,2011,2.90873322
phl,2012,3.4174933
phl,2013,3.46532479
phl,2014,1.85945355
phl,2015,1.96494692
phl,2016,2.07353658
npl,2000,0.25435499
npl,2001,0.29522739
npl,2002,0.27731042
npl,2003,0.31759208
npl,2004,0.31332361
npl,2005,0.63708469
npl,2006,0.34697422
npl,2007,0.44038655
npl,2008,0.58692609
npl,2009,0.5712923
npl,2010,0.83826777
npl,2011,1.04443623
npl,2012,1.39211374
npl,2013,0.70913059
npl,2014,0.84194973
npl,2015,0.9897968
npl,2016,0.81587308
mli,2000,0.11102585
mli,2001,0.12440385
mli,2002,0.12445919
mli,2003,0.13166627
mli,2004,0.12954639
mli,2005,0.13362507
mli,2006,0.13532594
mli,2007,0.13545955
mli,2008,0.13728212
mli,2009,0.13909758
mli,2010,0.14207047
mli,2011,0.14227693
mli,2012,0.13698254
mli,2013,0.13613167
mli,2014,0.13489876
mli,2015,0.12064572
mli,2016,0.06640734
mng,2000,1.36921812
mng,2001,1.10525789
mng,2002,1.16808436
mng,2003,0.84510148
mng,2004,0.92202641
mng,2005,0.7792997
mng,2006,0.68410192
mng,2007,0.71024717
mng,2008,0.54829514
mng,2009,0.41556595
mng,2010,0.54119173
mng,2011,0.71499177
mng,2012,0.68018074
mng,2013,0.85377768
mng,2014,1.21378148
mng,2015,3.03537573
mng,2016,3.01558829
ltu,2000,6.82590851
ltu,2001,6.79958776
ltu,2002,5.00038615
ltu,2003,5.04180278
ltu,2004,20.89590035
ltu,2005,35.58966137
ltu,2006,34.73388936
ltu,2007,38.76196498
ltu,2008,3.92089631
ltu,2009,4.56815878
ltu,2010,4.70783173
ltu,2011,5.3130564
ltu,2012,5.89354902
ltu,2013,5.49014396
ltu,2014,6.93493788
ltu,2015,8.86510125
ltu,2016,4.18442444
kwt,2016,0.0
jor,2000,28.57514061
jor,2001,26.94904202
jor,2002,21.33727096
jor,2003,11.51384146
jor,2004,7.6616795
jor,2005,7.27558606
jor,2006,5.33162741
jor,2007,5.16702732
jor,2008,3.62960203
jor,2009,3.58230989
jor,2010,2.54927109
jor,2011,2.62161472
jor,2012,1.90208302
jor,2013,6.5593022
jor,2014,4.47615062
jor,2015,5.57083882
jor,2016,5.50488635
isr,2000,11.44011986
isr,2001,11.70073187
isr,2002,13.54386057
isr,2003,15.37257032
isr,2004,16.5232711
isr,2005,18.38353927
isr,2006,25.54922636
isr,2007,26.35819489
isr,2008,27.64995044
isr,2009,23.10785325
isr,2010,22.25785796
isr,2011,22.29125657
isr,2012,22.87380883
isr,2013,18.9432156
isr,2014,22.0472126
isr,2015,27.27950075
isr,2016,26.97654966
irl,2000,47.30974389
irl,2001,56.27754726
irl,2002,59.23753586
irl,2003,48.41385866
irl,2004,57.41803568
irl,2005,53.97322792
irl,2006,59.47269556
irl,2007,70.26485904
irl,2008,73.50079362
irl,2009,92.38316909
irl,2010,91.84627946
irl,2011,143.00445952
irl,2012,138.9035161
irl,2013,136.77194685
irl,2014,140.45984167
irl,2015,133.30942352
irl,2016,136.47800751
hun,2000,12.86506989
hun,2001,16.82730783
hun,2002,10.47855778
hun,2003,15.45856705
hun,2004,16.85222209
hun,2005,14.90831005
hun,2006,13.81619524
hun,2007,13.11661878
hun,2008,14.0587129
hun,2009,10.24208543
hun,2010,11.70420845
hun,2011,10.0116651
hun,2012,13.27933426
hun,2013,10.4657076
hun,2014,9.6761267
hun,2015,10.51968199
hun,2016,10.63845432
irq,2003,0.02101396
irq,2004,0.03278424
irq,2005,0.03298479
irq,2006,0.03937938
irq,2007,0.03923417
irq,2008,0.04060492
irq,2009,0.04186588
irq,2010,0.02714465
irq,2011,0.0282161
irq,2012,0.02992259
irq,2013,0.03484068
irq,2014,0.02899389
irq,2015,0.03279012
irq,2016,0.03533179
gha,2000,0.96843836
gha,2001,0.98398394
gha,2002,1.00266863
gha,2003,1.0283802
gha,2004,1.05781296
gha,2005,2.3862288
gha,2006,1.96561772
gha,2007,2.12078039
gha,2008,2.44515872
gha,2009,3.94913137
gha,2010,3.24339577
gha,2011,2.42697096
gha,2012,2.01997782
gha,2013,2.18576587
gha,2014,3.57647612
gha,2015,3.31299217
gha,2016,7.09626242
gmb,2000,0.39389415
gmb,2001,0.35686863
gmb,2002,0.31794492
gmb,2003,0.26832737
gmb,2004,0.48099572
gmb,2005,0.4596367
gmb,2006,0.44626894
gmb,2007,0.42360977
gmb,2008,0.4107117
gmb,2009,0.38606369
gmb,2010,0.3658197
gmb,2011,0.34846647
gmb,2012,0.32950741
gmb,2013,0.22479874
gmb,2014,0.10221406
gmb,2015,1.453e-05
gmb,2016,1.347e-05
fji,2000,0.0
fji,2001,0.0
fji,2002,0.0
fji,2003,0.0
fji,2004,0.0
fji,2005,0.0
fji,2006,0.0
fji,2007,0.0
fji,2008,0.0
fji,2009,0.0
fji,2010,0.0
fji,2011,0.0
fji,2012,0.0
fji,2013,0.0
fji,2014,0.0
fji,2015,0.0
cyp,2010,78.349951
cyp,2011,72.98576158
cyp,2012,69.53833136
cyp,2013,71.4521232
cyp,2014,73.25463656
cyp,2015,80.14645862
cyp,2016,82.04303197
bgr,2000,0.17580643
bgr,2001,0.57321029
bgr,2002,0.78168593
bgr,2003,1.20169501
bgr,2004,2.02021949
bgr,2005,2.25834407
bgr,2006,3.0848954
bgr,2007,3.15979854
bgr,2008,4.60367556
bgr,2009,3.84520846
bgr,2010,3.32167506
bgr,2011,2.73251481
bgr,2012,2.9905333
bgr,2013,3.44572343
bgr,2014,3.59929768
bgr,2015,3.251402
bgr,2016,3.36397944
hrv,2000,8.87611239
hrv,2001,8.84363437
hrv,2002,7.66860679
hrv,2003,8.600931
hrv,2004,8.83621332
hrv,2005,8.92151245
hrv,2006,11.10369423
hrv,2007,2.71139828
hrv,2008,12.21082909
hrv,2009,26.44411621
hrv,2010,22.98508565
hrv,2011,8.19670221
hrv,2012,10.27136251
hrv,2013,15.83900223
hrv,2014,6.04049833
hrv,2015,14.86934696
hrv,2016,26.26133256
blr,2000,8.02565
blr,2001,7.84503102
blr,2002,7.80730331
blr,2003,7.49236075
blr,2004,8.93145709
blr,2005,9.5121108
blr,2006,10.41077074
blr,2007,11.43059422
blr,2008,12.60632322
blr,2009,12.71579825
blr,2010,7.42836329
blr,2011,7.86310678
blr,2012,9.53211553
blr,2013,10.15445705
blr,2014,6.24073379
blr,2015,7.4649994
blr,2016,7.28075153
bih,2009,0.07552471
bih,2010,0.0795954
bih,2011,0.08086783
bih,2012,0.05240479
bih,2013,0.04856968
bih,2014,0.08999512
bih,2015,0.08839816
bih,2016,0.04953748
aut,2000,60.00441562
aut,2001,60.67315065
aut,2002,61.91289021
aut,2003,63.2811282
aut,2004,63.98859688
aut,2005,64.26029942
aut,2006,75.26415476
aut,2007,78.57289806
aut,2008,62.40716634
aut,2009,114.02993497
aut,2010,115.71606639
aut,2011,100.82748399
aut,2012,96.63291348
aut,2013,99.46734011
aut,2014,83.74865079
aut,2015,74.7553929
aut,2016,90.28648502
arm,2000,1.42310454
arm,2001,1.56751359
arm,2002,1.80953921
arm,2003,2.07483663
arm,2004,1.96013357
arm,2005,0.17881106
arm,2006,0.05740987
arm,2007,0.0
arm,2008,0.00101708
arm,2009,0.0
arm,2010,0.59811328
arm,2011,0.64031133
arm,2012,0.68448454
arm,2013,0.70423906
arm,2014,0.72644102
arm,2015,1.18515687
arm,2016,1.17654217
alb,2016,0.0
ukr,2000,3.63272646
ukr,2001,4.00375816
ukr,2002,4.25487356
ukr,2003,4.69876567
ukr,2004,4.67753091
ukr,2005,4.1711511
ukr,2006,4.02622601
ukr,2007,5.43881811
ukr,2008,4.47820432
ukr,2009,4.60313518
ukr,2010,4.58734568
ukr,2011,4.3289115
ukr,2012,4.36095753
ukr,2013,4.38236089
ukr,2014,4.11641874
ukr,2015,3.73288746
ukr,2016,2.99820623
lka,2000,2.1589268
lka,2001,2.12646825
lka,2002,1.93850699
lka,2003,1.97233053
lka,2004,2.04490484
lka,2005,2.07149455
lka,2006,2.24959514
lka,2007,2.53114528
lka,2008,2.78382096
lka,2009,2.90159427
lka,2010,3.12604505
lka,2011,3.50706331
lka,2012,3.26030827
lka,2013,3.45322486
lka,2014,4.233064
lka,2015,5.13197564
lka,2016,5.45354173
ton,2000,0.40312083
ton,2001,0.40212937
ton,2002,0.41195822
ton,2003,0.42574414
ton,2004,0.4204503
ton,2005,0.20196285
ton,2006,0.0
ton,2007,0.0
ton,2008,0.0
ton,2009,1.56370435
ton,2010,3.18920649
ton,2011,2.0876868
ton,2012,0.86739161
ton,2013,0.83300617
ton,2014,0.84318495
ton,2015,0.8689582
ton,2016,0.88598512
che,2000,39.5143454
che,2001,41.08631365
che,2002,43.21830432
che,2003,44.2461363
che,2004,47.87718562
che,2005,38.19448095
che,2006,44.76279279
che,2007,43.28745366
che,2008,45.00496567
che,2009,43.08775759
che,2010,46.1830407
che,2011,46.01801929
che,2012,43.2016139
che,2013,43.68961322
che,2014,50.16527371
che,2015,55.04282307
che,2016,57.56979838
prt,2000,15.21390259
prt,2001,15.44583977
prt,2002,14.42623087
prt,2003,15.09581553
prt,2004,15.66292225
prt,2005,16.1962212
prt,2006,16.21028712
prt,2007,16.25230244
prt,2008,18.05976477
prt,2009,18.24518102
prt,2010,19.72868267
prt,2011,19.38412426
prt,2012,18.50950184
prt,2013,16.02446366
prt,2014,16.08176606
prt,2015,16.88000388
prt,2016,17.3355734
omn,2000,14.91420973
omn,2001,15.4464105
omn,2002,15.01788736
omn,2003,14.30506286
omn,2004,14.13700327
omn,2005,14.10525211
omn,2006,14.45046579
omn,2007,14.64169437
omn,2008,15.28970099
omn,2009,15.52670621
omn,2010,15.42450073
omn,2011,14.6655588
omn,2012,14.79454573
omn,2013,14.39390366
omn,2014,13.62939841
omn,2015,13.74885897
omn,2016,13.2825515
stp,2000,0.90355966
stp,2001,0.87832612
stp,2002,0.69705075
stp,2003,0.66035934
stp,2004,0.63822749
stp,2005,0.77359101
stp,2006,1.11733442
stp,2007,0.9725424
stp,2008,0.89467781
stp,2009,1.00716423
stp,2010,0.90342875
stp,2011,1.06241513
stp,2012,1.10800039
stp,2013,1.14829118
stp,2014,1.21663774
stp,2015,0.478899
stp,2016,0.48814269
nor,2000,23.74618792
nor,2001,16.21560929
nor,2002,21.91121761
nor,2003,18.20468107
nor,2004,16.95965317
nor,2005,17.3714528
nor,2006,14.7122733
nor,2007,16.81779108
nor,2008,11.22515074
nor,2009,20.74678258
nor,2010,17.43645548
nor,2011,28.38076852
nor,2012,34.79710756
nor,2013,30.39670799
nor,2014,27.84901057
nor,2015,31.35214644
nor,2016,33.35735941
lbr,2011,0.4335146
irn,2000,1.82773996
irn,2001,1.80869124
irn,2002,9.59881313
irn,2003,12.51646567
irn,2004,13.35613462
irn,2005,12.80833982
irn,2006,13.80966389
irn,2007,14.47803892
irn,2008,15.29333898
irn,2009,21.89824262
irn,2010,23.03795497
irn,2011,23.92697226
irn,2012,22.18306433
irn,2013,16.13899637
irn,2014,11.92196069
irn,2015,11.59247025
irn,2016,12.89464798
kir,2000,0.0
kir,2001,0.0
kir,2002,0.0
kir,2003,0.0
kir,2004,0.0
kir,2005,0.0
kir,2006,0.0
kir,2007,0.0
kir,2008,0.0
kir,2009,0.0
kir,2010,0.0
kir,2011,0.0
kir,2012,0.0
kir,2013,0.0
kir,2014,0.0
kir,2015,0.0
kir,2016,0.0
idn,2000,7.81230484
idn,2001,7.98512022
idn,2002,8.22925895
idn,2003,8.50386681
idn,2004,8.80913621
idn,2005,9.18324834
idn,2006,9.55672221
idn,2007,10.02563289
idn,2008,10.62708591
idn,2009,10.97888689
idn,2010,11.52577668
idn,2011,11.39797537
idn,2012,12.17285829
idn,2013,15.40929622
idn,2014,20.3893798
idn,2015,16.78656954
idn,2016,16.04786348
dji,2000,0.0
dji,2001,0.0
dji,2002,0.0
dji,2003,0.0
dji,2004,0.0
dji,2005,0.0
dji,2006,0.0
dji,2007,0.0
dji,2008,0.0
dji,2009,0.0
dji,2010,0.0
dji,2011,0.0
dji,2012,0.0
dji,2013,0.0
dji,2014,0.0
dji,2015,0.0
dji,2016,0.0
afg,2016,0.0
bhr,2016,0.0
zmb,2000,6.65935377
zmb,2001,4.61719557
zmb,2002,3.31402448
zmb,2003,4.00940756
zmb,2004,4.6023673
zmb,2005,4.69119326
zmb,2006,4.52277087
zmb,2007,4.34286268
zmb,2008,4.10655201
zmb,2009,3.88653692
zmb,2010,3.65702159
zmb,2011,3.22767393
zmb,2012,2.82783789
zmb,2013,2.28647494
zmb,2014,2.37890764
zmb,2015,2.64604759
zmb,2016,4.69453294
yem,2000,0.79113504
yem,2001,0.80757869
yem,2002,0.81918906
yem,2003,0.83024323
yem,2004,0.51714801
yem,2005,0.31018767
yem,2006,0.19419016
yem,2007,0.13993589
yem,2008,0.09048202
yem,2009,0.07715322
yem,2010,0.04859435
yem,2011,0.03203769
yem,2012,0.02356467
yem,2013,0.01681234
yem,2014,0.01223042
yem,2015,0.00753306
tls,2011,0.0
tls,2012,0.01824816
tls,2013,0.0
tls,2014,0.0
tls,2015,0.0
tls,2016,0.0
syc,2009,1.0464057
syc,2010,23.22586778
syc,2011,0.09831478
syc,2012,20.43014814
syc,2013,4.40916666
syc,2014,0.44875588
sdn,2000,1.2677836199999999
sdn,2001,1.2697917
sdn,2002,1.26989421
sdn,2003,1.43415204
sdn,2004,1.56154372
sdn,2005,1.5266094
sdn,2006,1.94166473
sdn,2007,2.42772228
sdn,2008,2.75440844
sdn,2009,2.33959824
sdn,2010,2.27003126
sdn,2012,2.59322305
sdn,2013,1.75736697
sdn,2014,2.775467
sdn,2015,3.24208076
sdn,2016,3.27752101
srb,2000,10.96474846
srb,2001,11.54777528
srb,2002,12.37363281
srb,2003,12.93934529
srb,2004,13.4406002
srb,2005,13.82700231
srb,2006,14.46171882
srb,2007,15.42112793
srb,2008,11.05973602
srb,2009,11.38581315
srb,2010,7.44795302
srb,2011,7.2820458
srb,2012,7.6102568
srb,2013,7.25296851
srb,2014,4.90867617
srb,2015,4.80249016
srb,2016,4.96336003
ner,2000,1.09438661
ner,2001,1.13201971
ner,2002,1.16418486
ner,2003,1.17885465
ner,2004,1.1470833
ner,2005,1.1526782
ner,2006,1.14826094
ner,2007,1.11745681
ner,2008,1.12093048
ner,2009,1.20241935
ner,2010,1.07220626
ner,2011,1.05479478
ner,2012,0.14875304
ner,2013,0.15007029
ner,2014,0.54202797
ner,2015,0.01650987
ner,2016,0.13061488
rus,2000,18.231081
rus,2001,17.09154434
rus,2002,17.77542504
rus,2003,9.41588425
rus,2004,7.51383287
rus,2005,8.25712307
rus,2006,7.79484919
rus,2007,7.26846861
rus,2008,7.10282204
rus,2009,3.22531541
rus,2010,3.40626596
rus,2011,2.97098876
rus,2012,2.71823184
rus,2013,2.38004701
rus,2014,2.19133221
rus,2015,2.20938032
rus,2016,2.05388176
mmr,2000,0.0
mmr,2001,0.0
mmr,2002,0.0
mmr,2003,0.0
mmr,2004,0.0
mmr,2005,0.0
mmr,2006,0.0
mmr,2007,0.0
mmr,2008,0.0
mmr,2009,0.0
mmr,2010,0.0
mmr,2011,0.0
mmr,2012,0.0
mmr,2013,0.0
mmr,2014,0.0
mmr,2015,0.0
mmr,2016,0.0
mar,2000,3.17867265
mar,2001,2.69694096
mar,2002,2.6628672
mar,2003,2.61889767
mar,2004,2.57194558
mar,2005,2.52659144
mar,2006,2.95822369
mar,2007,3.20349071
mar,2008,3.1113682
mar,2009,3.15040824
mar,2010,3.85196962
mar,2011,3.51839484
mar,2012,3.81702233
mar,2013,3.28763729
mar,2014,3.33359409
mar,2015,3.29158237
mar,2016,3.31073172
mrt,2005,0.50167383
mrt,2006,0.64124102
mrt,2007,0.56282526
mrt,2008,0.84776255
mrt,2009,0.59109067
mrt,2010,0.48702023
mrt,2011,0.80318568
mrt,2012,0.88608552
mrt,2013,0.74783885
mrt,2014,1.68942178
mrt,2015,1.40193187
mrt,2016,1.33498353
mdv,2000,0.0
mdv,2001,0.0
mdv,2002,0.0
mdv,2003,0.0
mdv,2004,0.0
mdv,2005,0.0
mdv,2006,0.0
mdv,2007,0.0
mdv,2008,0.0
mdv,2009,0.0
mdv,2010,0.0
mdv,2011,0.0
mdv,2012,0.0
mdv,2013,1.47138056
mdv,2014,0.45432769
mdv,2015,8.1854208
mdv,2016,10.1387851
kaz,2000,0.80469513
kaz,2001,0.91438674
kaz,2002,0.99962289
kaz,2003,1.08350349
kaz,2004,1.17566524
kaz,2005,1.27681449
kaz,2006,1.39996019
kaz,2007,1.51008172
kaz,2008,1.54433889
kaz,2009,1.5451925
kaz,2010,8.03594876
kaz,2011,8.05535396
kaz,2012,10.46034331
kaz,2013,11.04210034
kaz,2014,12.64794593
kaz,2015,14.20057694
kaz,2016,11.80621882
lux,2000,74.08739789
lux,2001,81.54885957
lux,2002,89.22743539
lux,2003,93.23457227
lux,2004,101.50358948
lux,2005,99.89989498
lux,2006,96.32878982
lux,2007,97.32077693
lux,2008,103.70225294
lux,2009,105.91251828
lux,2010,104.74031618
lux,2011,91.13622105
lux,2012,45.80814395
lux,2013,42.13314214
lux,2014,44.03571991
lux,2015,46.4229318
lux,2016,56.64078624
mdg,2000,1.14556839
mdg,2001,1.17718506
mdg,2002,1.00010596
mdg,2003,1.06530365
mdg,2004,1.00566967
mdg,2005,0.93507295
mdg,2006,0.9055701
mdg,2007,0.831915
mdg,2008,0.92790353
mdg,2009,0.85943517
mdg,2010,0.9772901
mdg,2011,0.84402871
mdg,2012,0.82757886
mdg,2013,0.91740689
mdg,2014,0.82822549
mdg,2015,0.83133259
mdg,2016,0.61502133
lbn,2016,0.0
gin,2000,0.04161971
gin,2001,0.04477124
gin,2002,0.05013423
gin,2003,0.04435295
gin,2004,0.0395311
gin,2005,0.0309198
gin,2006,0.02606984
gin,2007,0.02477033
gin,2008,0.02316564
gin,2009,0.02381747
gin,2010,0.0231647
gin,2011,0.02715456
gin,2012,0.02365066
gin,2013,0.0252674
gin,2014,0.11883219
gin,2015,0.06604099
gin,2016,0.04385671
deu,2000,42.44914431
deu,2001,42.14842565
deu,2002,39.2978377
deu,2003,35.97794782
deu,2004,34.62020442
deu,2005,35.02899249
deu,2006,37.56768994
deu,2007,40.53912513
deu,2008,42.28084101
deu,2009,38.86095049
deu,2010,35.31161195
deu,2011,38.20667407
deu,2012,38.05950027
deu,2013,36.3392119
deu,2014,38.16171613
deu,2015,38.33629457
deu,2016,37.70508867
grc,2000,11.56726295
grc,2001,13.49867353
grc,2002,13.76318273
grc,2003,14.7446861
grc,2004,14.84533216
grc,2005,16.98724847
grc,2006,18.50746991
grc,2007,18.62008063
grc,2008,18.17550887
grc,2009,22.83379277
grc,2010,20.60612116
grc,2011,19.84475559
grc,2012,14.75082122
grc,2013,12.02856895
grc,2014,10.57644586
grc,2015,13.18597151
grc,2016,14.18585127
gab,2000,1.87971809
gab,2001,1.94290605
gab,2002,2.13438748
gab,2003,2.08145902
gab,2004,1.92444814
gab,2005,1.70664694
gab,2006,1.70967296
gab,2007,1.74055525
gab,2008,1.56992373
gab,2009,1.98884439
gab,2010,1.65890149
gab,2011,5.09190647
gab,2012,2.15883882
gab,2013,1.90925293
gab,2014,2.00494669
gab,2015,2.62316686
gab,2016,3.06965184
fra,2000,26.47228494
fra,2001,26.9626827
fra,2002,27.81903123
fra,2003,28.33817437
fra,2004,28.67578453
fra,2005,28.48730695
fra,2006,29.2854725
fra,2007,29.22923338
fra,2008,29.68646799
fra,2009,30.41507869
fra,2010,30.25377989
fra,2011,30.55034314
fra,2012,29.92364522
fra,2013,30.9788799
fra,2014,30.38934099
fra,2015,29.98085118
fra,2016,30.00763036
civ,2000,9.27197683
civ,2001,8.8354689
civ,2002,8.60733811
civ,2003,8.28065889
civ,2004,8.50218181
civ,2005,8.42754528
civ,2006,8.41408819
civ,2007,8.76758824
civ,2008,8.67966473
civ,2009,8.66050738
civ,2010,8.79913582
civ,2011,7.10178031
civ,2012,7.1007774
civ,2013,6.00801321
civ,2014,5.89695211
civ,2015,5.60621598
civ,2016,5.5926305
est,2000,19.60879204
est,2001,13.91632554
est,2002,17.78104395
est,2003,17.0492956
est,2004,21.96042614
est,2005,20.86163938
est,2006,9.71860494
est,2007,13.00905495
est,2008,22.31686972
est,2009,17.26378407
est,2010,16.77875084
est,2011,15.92307477
est,2012,16.05531258
est,2013,16.20420922
est,2014,16.62925687
est,2015,15.85539638
est,2016,16.91547782
gnq,2000,5.30504342
gnq,2001,8.15408226
gnq,2002,9.36328931
gnq,2003,10.28137062
gnq,2004,12.85025174
gnq,2005,13.30471123
gnq,2006,13.43884998
gnq,2007,14.79929216
gnq,2008,16.64878966
gnq,2009,16.11752706
gnq,2010,14.03218404
gnq,2011,14.29771826
gnq,2012,14.82508406
gnq,2013,13.62025265
gnq,2014,12.97834619
gnq,2015,11.33237787
gnq,2016,9.84860919
cog,2000,0.40982444
cog,2001,0.41385193
cog,2002,0.42120503
cog,2003,0.41307219
cog,2004,0.41523173
cog,2005,0.43386303
cog,2006,0.44602932
cog,2007,0.47891143
cog,2008,0.50424043
cog,2009,0.44866885
cog,2010,0.46533502
cog,2011,0.23054685
cog,2012,0.28647701
cog,2013,0.45547429
cog,2014,1.52133963
cog,2015,2.3187228
cog,2016,4.56408169
cpv,2000,0.19077498
cpv,2001,0.19866363
cpv,2002,0.20519233
cpv,2003,0.21638649
cpv,2004,0.22113766
cpv,2005,0.23660208
cpv,2006,0.26255058
cpv,2007,0.26079475
cpv,2008,0.26759994
cpv,2009,0.33110978
cpv,2010,1.89514856
cpv,2011,2.57805395
cpv,2012,3.39219539
cpv,2013,3.92362285
cpv,2014,2.81918723
cpv,2015,2.30742794
cpv,2016,2.36600409
caf,2000,0.06699015
caf,2001,0.06635739
caf,2002,0.0646018
caf,2003,0.05895416
caf,2004,0.05833647
caf,2005,0.05876248
caf,2006,0.05973907
caf,2007,0.06138091
caf,2008,0.0618017
caf,2009,0.08324187
caf,2010,0.08487453
caf,2011,0.08803682
caf,2012,0.09103774
caf,2013,0.05727385
caf,2014,0.05749547
caf,2015,0.05984816
caf,2016,0.06189903
tcd,2000,0.0
tcd,2001,0.0
tcd,2002,0.0
tcd,2003,0.0
tcd,2004,0.0
tcd,2005,0.0
tcd,2006,0.0
tcd,2007,0.0
tcd,2008,0.0
tcd,2009,0.0
tcd,2010,0.0
tcd,2011,0.0
tcd,2012,0.0
tcd,2013,0.0
tcd,2014,0.0
tcd,2015,0.0
bdi,2000,0.13243544
bdi,2001,0.13145458
bdi,2002,0.13083955
bdi,2003,0.12999224
bdi,2004,0.13058018
bdi,2005,0.13186532
bdi,2006,0.13443908
bdi,2007,0.13445218
bdi,2008,0.13630654
bdi,2009,0.13689053
bdi,2010,0.13934348
bdi,2011,0.15017065
bdi,2012,0.14916105
bdi,2013,0.12168239
bdi,2014,0.08532883
bdi,2015,0.07412373
cmr,2000,1.71447515
cmr,2001,1.75867996
cmr,2002,1.80688386
cmr,2003,1.83382345
cmr,2004,1.84309743
cmr,2005,1.86973624
cmr,2006,1.8889938
cmr,2007,1.89918642
cmr,2008,1.84845477
cmr,2009,1.8703755
cmr,2010,1.89254248
cmr,2011,0.13062709
cmr,2012,1.34499353
cmr,2013,1.38694938
cmr,2014,1.43496874
cmr,2015,1.47965715
cmr,2016,1.49746027
ben,2000,0.01964006
ben,2001,0.0200717
ben,2002,0.02037357
ben,2003,0.02044509
ben,2004,0.02071774
ben,2005,0.02046101
ben,2006,0.0206596
ben,2007,0.02127941
ben,2008,0.02170095
ben,2009,0.02159053
ben,2010,0.02143598
ben,2011,0.02146041
ben,2012,0.02187286
ben,2013,0.03187769
ben,2014,0.03355854
ben,2015,0.02709298
ben,2016,0.02841751
ago,2000,4.35191111
ago,2001,4.39011705
ago,2002,4.82265529
ago,2003,4.86757026
ago,2004,5.1775368
ago,2005,6.0401163
ago,2006,6.93528373
ago,2007,8.24438652
ago,2008,10.82782456
ago,2009,10.70026611
ago,2010,10.68153722
ago,2011,10.70646697
ago,2012,10.86684672
ago,2013,11.2076869
ago,2014,11.33276018
ago,2015,11.27936909
ago,2016,10.81713049
bwa,2000,5.18780793
bwa,2001,11.10776052
bwa,2002,9.93367579
bwa,2003,8.35702454
bwa,2004,6.21887141
bwa,2005,4.55028283
bwa,2006,3.67367542
bwa,2007,3.08883998
bwa,2008,2.71291009
bwa,2009,0.49453279
bwa,2010,0.51138901
bwa,2011,0.43962961
bwa,2012,0.49234872
bwa,2013,0.4789551
bwa,2014,0.60772069
bwa,2015,0.58584314
bwa,2016,0.60056018
bfa,2000,0.43953891
bfa,2001,0.4553806
bfa,2002,0.46173029
bfa,2003,0.48356922
bfa,2004,0.38991166
bfa,2005,0.34426113
bfa,2006,0.22648587
bfa,2007,0.29009564
bfa,2008,0.36814241
bfa,2009,0.88893715
bfa,2010,0.77184601
bfa,2011,0.83913765
bfa,2012,0.8576624
bfa,2013,1.21921587
bfa,2014,1.3850791
bfa,2015,1.33374695
bfa,2016,1.4633836
vnm,2000,0.00225224
vnm,2001,0.0023915
vnm,2002,0.00237718
vnm,2003,0.00257408
vnm,2004,0.00286111
vnm,2005,0.00321718
vnm,2006,0.00361435
vnm,2007,0.00388284
vnm,2008,0.00381765
vnm,2009,0.00410531
vnm,2010,0.0048951
vnm,2011,0.00506278
vnm,2012,0.00567611
vnm,2013,4.02108115
vnm,2014,2.14957198
vnm,2015,2.29670918
vnm,2016,2.44988403
dza,2000,1.68704639
dza,2001,1.66074597
dza,2002,1.66072157
dza,2003,1.58938517
dza,2004,1.51066091
dza,2005,1.57779509
dza,2006,1.58113298
dza,2007,1.60957966
dza,2008,1.62107088
dza,2009,1.61942678
dza,2010,1.6477014
dza,2011,1.66186338
dza,2012,1.68404158
dza,2013,1.69662998
dza,2014,1.72737694
dza,2015,1.75723031
dza,2016,1.78238145
sau,2000,45.40917623
sau,2001,43.70106146
sau,2002,41.32559992
sau,2003,44.63888307
sau,2004,47.06283953
sau,2005,48.27473408
sau,2006,48.264863
sau,2007,47.83977018
sau,2008,49.48102912
sau,2009,47.15497082
sau,2010,48.023125
sau,2011,51.30924276
sau,2012,52.49792363
sau,2013,52.33556388
sau,2014,52.78111349
sau,2015,53.08818701
sau,2016,52.77306395
egy,2000,1.92533553
egy,2001,1.80104346
egy,2002,1.6850422
egy,2003,1.57210269
egy,2004,1.44408628
egy,2005,1.38104174
egy,2006,1.34108588
egy,2007,1.33322346
egy,2008,1.33420455
egy,2009,1.68149744
egy,2010,2.49974537
egy,2011,4.0780203
egy,2012,6.38554704
egy,2013,7.57407496
egy,2014,7.86573599
egy,2015,7.76216784
egy,2016,7.93412111
zwe,2010,0.21922292
zwe,2011,0.34667803
zwe,2012,0.46282457
zwe,2013,0.47278537
zwe,2014,0.36814952
zwe,2015,0.18629038
zwe,2016,0.21889616
eth,2000,0.49141357
eth,2001,0.47267442
eth,2002,0.44856645
eth,2003,0.36357424
eth,2004,0.31400449
eth,2005,0.26323022
eth,2006,0.27439644
eth,2007,0.26666087
eth,2008,0.23022652
eth,2009,0.61239869
eth,2010,0.90490551
eth,2011,1.00261167
eth,2012,0.92646727
eth,2013,1.03491314
eth,2014,1.06748947
eth,2015,1.12917704
eth,2016,1.15928312
ury,2000,8.90761964
ury,2001,8.51629242
ury,2002,7.64386696
ury,2003,7.4502786
ury,2004,7.67587988
ury,2005,7.68100843
ury,2006,7.64478167
ury,2007,7.37564609
ury,2008,7.18079141
ury,2009,6.98818029
ury,2010,6.96821368
ury,2011,6.6727825
ury,2012,6.74670932
ury,2013,6.86897384
ury,2014,6.97777785
ury,2015,6.64483711
ury,2016,6.75195103
usa,2000,266.35946908
usa,2001,250.77107611
usa,2002,249.63029638
usa,2003,264.74595303
usa,2004,273.05539966
usa,2005,279.39965756
usa,2006,300.65828918
usa,2007,325.8509286
usa,2008,302.85773322
usa,2009,316.20694373
usa,2010,336.1985172
usa,2011,324.31192766
usa,2012,366.05307589
usa,2013,371.56080051
usa,2014,368.28277307
usa,2015,369.6029843
usa,2016,394.63660502
gbr,2013,19.60365117
gbr,2014,19.36310991
gbr,2015,19.29609669
gbr,2016,19.5275421
are,2000,21.40851952
are,2001,18.92725748
are,2002,29.37468943
are,2003,29.86333906
are,2004,29.94842005
are,2005,28.1091828
are,2006,26.95217673
are,2007,24.14344562
are,2008,21.81706081
are,2009,18.6202288
are,2010,17.28447015
are,2011,17.65532068
are,2012,18.1444782
are,2013,18.87475798
are,2014,19.32291345
are,2015,20.77373293
are,2016,21.13834475
tto,2000,0.0
tto,2001,0.0
tto,2002,0.0
tto,2003,0.0
tto,2004,0.0
tto,2005,0.0
tto,2006,0.0
tto,2007,0.0
tto,2008,0.0
tto,2009,0.0
tto,2010,0.0
tto,2011,0.0
tto,2012,0.0
tto,2013,0.0
tto,2014,0.0
tto,2015,0.00107812
tto,2016,0.0
tza,2014,0.00037998
tza,2015,0.00512897
tza,2016,0.10665098
sur,2000,77.25865486
sur,2001,96.92721337
sur,2002,121.33764263
sur,2003,123.78982434
sur,2004,132.97660067
sur,2005,137.23175761
sur,2006,115.8423728
sur,2007,111.37127132
sur,2008,125.11686704
sur,2009,116.68206122
sur,2010,118.76732222
sur,2011,130.21673909
sur,2012,129.37485756
sur,2013,131.85220546
sur,2014,137.1293898
sur,2015,69.63008197
sur,2016,4.8840468
per,2000,0.0
per,2001,0.0
per,2002,0.73931347
per,2003,0.57734586
per,2004,0.88093548
per,2005,0.67910514
per,2006,4.23242671
per,2007,3.89112113
per,2008,0.94430505
per,2009,2.91448682
per,2010,0.53564576
per,2011,0.44279093
per,2012,0.57105124
per,2013,0.69835586
per,2014,0.92170614
per,2015,1.09776897
per,2016,1.36339239
mda,2009,1.23342088
mda,2010,1.20235189
mda,2011,1.69380161
mda,2012,1.70708348
mda,2013,1.07405659
mda,2014,1.43547802
mda,2015,1.53407819
mda,2016,1.83929546
mex,2000,0.0
mex,2001,0.0
mex,2002,0.0
mex,2003,0.0
mex,2004,0.0
mex,2005,0.0
mex,2006,0.0
mex,2007,0.0
mex,2008,0.0
mex,2009,0.0
mex,2010,0.0
mex,2011,0.0
mex,2012,0.0
mex,2013,0.0
mex,2014,0.0
mex,2015,0.0
mex,2016,0.0
nic,2000,1.11127299
nic,2001,1.03976725
nic,2002,0.19510047
nic,2003,1.66165932
nic,2004,0.60159743
nic,2005,0.59452943
nic,2006,0.54217719
nic,2007,0.60989651
nic,2008,0.63111598
nic,2009,0.60257116
nic,2010,0.62134922
nic,2011,0.65262225
nic,2012,0.68682206
nic,2013,0.71234435
nic,2014,0.73796336
nic,2015,0.76511802
nic,2016,0.79225199
mkd,2000,2.61368711
mkd,2001,2.4346553
mkd,2002,2.55604983
mkd,2003,0.97288743
mkd,2004,1.19038096
mkd,2005,0.87719962
mkd,2006,9.46188836
mkd,2007,0.66393031
mkd,2008,1.12968519
mkd,2009,1.94295864
mkd,2010,2.91105687
mkd,2011,2.67415707
mkd,2012,2.98236954
mkd,2013,1.20336099
mkd,2014,1.00787918
mkd,2015,1.37113992
mkd,2016,0.97366228
kor,2000,0.89094471
kor,2001,1.01571818
kor,2002,1.01551706
kor,2003,1.13392015
kor,2004,1.08011186
kor,2005,1.2730043
kor,2006,1.52038881
kor,2007,1.54970498
kor,2008,1.68800118
kor,2009,1.61247345
kor,2010,1.64766732
kor,2011,2.02459128
kor,2012,2.0120895
kor,2013,2.1381905
kor,2014,2.40449281
kor,2015,2.69423199
kor,2016,3.00634098
gtm,2000,0.34442335
gtm,2001,1.23295444
gtm,2002,1.14140652
gtm,2003,1.33790195
gtm,2004,1.26947163
gtm,2005,1.28592568
gtm,2006,1.28924931
gtm,2007,1.90908409
gtm,2008,1.3420625
gtm,2009,1.35853946
gtm,2010,1.4165042
gtm,2011,1.44957048
gtm,2012,1.37292297
gtm,2013,1.3411983
gtm,2014,1.43155437
gtm,2015,1.42865053
gtm,2016,1.4848795
ecu,2000,0.61763153
ecu,2001,0.63120519
ecu,2002,0.6460464
ecu,2003,0.6527792
ecu,2004,0.69487745
ecu,2005,0.71961666
ecu,2006,0.73881533
ecu,2007,0.74235028
ecu,2008,0.77631485
ecu,2009,0.7677561
ecu,2010,0.78186262
ecu,2011,0.82990056
ecu,2012,0.86295261
ecu,2013,0.89164452
ecu,2014,0.91136667
ecu,2015,0.89863719
ecu,2016,0.87148064
cri,2000,5.11860325
cri,2001,1.69983195
cri,2002,4.14043079
cri,2003,5.12700788
cri,2004,1.20343663
cri,2005,1.22235216
cri,2006,1.29830255
cri,2007,1.26836298
cri,2008,1.29133642
cri,2009,1.28009092
cri,2010,1.23094125
cri,2011,1.59385128
cri,2012,1.50971849
cri,2013,1.43534793
cri,2014,1.54952737
cri,2015,1.46097489
cri,2016,1.42917717
dom,2004,4.306e-05
dom,2007,3.12113809
dom,2008,1.07973059
dom,2009,0.47909051
dom,2010,1.67765279
dom,2011,2.10523282
dom,2012,3.45858754
dom,2013,2.61317282
dom,2014,1.55288949
dom,2015,3.24727272
dom,2016,3.46952639
cod,2000,0.4907653
cod,2001,0.46737783
cod,2002,0.46723065
cod,2003,0.4783754
cod,2004,0.49478101
cod,2005,0.50866542
cod,2006,0.51875935
cod,2007,0.53352449
cod,2008,0.5483964
cod,2009,0.55766118
cod,2010,0.58911716
cod,2011,0.30945531
cod,2012,0.5157942
cod,2013,0.6423983
cod,2014,0.64029324
cod,2015,0.63117545
cod,2016,0.58762205
can,2000,51.60574528
can,2001,56.22973849
can,2002,64.43585654
can,2003,61.66777532
can,2004,66.11826908
can,2005,66.13469491
can,2006,19.7020923
can,2007,19.56781888
can,2008,14.14891364
can,2009,20.19286835
can,2010,29.82798162
can,2011,27.47652058
can,2012,28.96999295
can,2013,34.17480865
can,2014,35.08760878
can,2015,37.37798702
can,2016,37.50217765
bol,2000,0.2982133
bol,2001,0.22038116
bol,2002,0.21765641
bol,2003,0.19257931
bol,2004,0.16418251
bol,2005,0.16260625
bol,2006,0.18079295
bol,2007,0.13019022
bol,2008,0.16278911
bol,2009,0.16253779
bol,2010,0.07333512
bol,2011,0.06006427
bol,2012,0.06517848
bol,2013,0.06507721
bol,2014,0.07767735
bol,2015,0.10539315
bol,2016,0.13830852
brb,2000,2.02890135
brb,2001,2.02280605
brb,2002,1.97398261
brb,2003,1.81765464
brb,2004,1.97003572
brb,2005,2.09233794
brb,2006,2.26439357
brb,2007,2.08292643
brb,2008,2.07054292
brb,2009,2.05491067
brb,2010,2.04188191
brb,2011,2.11789609
brb,2012,2.42128604
brb,2013,2.34178892
brb,2014,2.34442824
brb,2015,2.35837606
brb,2016,2.37058917
arg,2000,3.8186505
arg,2001,3.87064346
arg,2002,3.43235109
arg,2003,3.62633504
arg,2004,4.10580812
arg,2005,4.1976699
arg,2006,4.22863979
arg,2007,3.96111879
arg,2008,3.59985307
arg,2009,3.46087812
arg,2010,3.84758008
arg,2011,4.0342648
arg,2012,2.99383074
arg,2013,3.65126391
arg,2014,3.49298046
arg,2015,3.49326483
arg,2016,3.39599412
