country,year,sha11_fs_3_current_ncu_per_capita
bhs,2010,24.94235545
bhs,2011,16.36804085
bhs,2012,18.81523174
bhs,2013,31.80998834
bhs,2014,52.33286844
bhs,2015,54.28629039
bhs,2016,61.34467528
atg,2000,0.0
atg,2001,0.0
atg,2002,0.0
atg,2003,0.0
atg,2004,0.0
atg,2005,0.0
atg,2006,0.0
atg,2007,0.0
atg,2008,151.38735699
atg,2009,138.91708787
atg,2010,190.15222742
atg,2011,146.12113603
atg,2012,153.91327506
atg,2013,149.74310905
atg,2014,157.86940753
atg,2015,166.17933639
atg,2016,177.12996682
arg,2000,221.88758944
arg,2001,208.44437818
arg,2002,210.56406361
arg,2003,225.50863356
arg,2004,253.76412201
arg,2005,319.31769327
arg,2006,399.52003026
arg,2007,518.71108178
arg,2008,712.92204753
arg,2009,994.0736021
arg,2010,1305.38366286
arg,2011,1723.58025286
arg,2012,2255.84204064
arg,2013,2840.40598332
arg,2014,3968.66325675
arg,2015,5362.03794921
arg,2016,5747.41720324
brb,2000,2.66817863
brb,2001,2.40131518
brb,2002,1.58392209
brb,2003,1.34725459
brb,2004,1.33681927
brb,2005,1.38096011
brb,2006,1.4543392
brb,2007,2.53485425
brb,2008,2.52416892
brb,2009,1.79552555
brb,2010,2.50385415
brb,2011,2.1382675
brb,2012,1.70463626
brb,2013,1.4158841
brb,2014,1.41150731
brb,2015,1.40737535
brb,2016,1.40352847
blz,2000,0.0
blz,2001,0.0
blz,2002,0.0
blz,2003,0.0
blz,2004,0.0
blz,2005,0.0
blz,2006,0.0
blz,2007,0.0
blz,2008,0.0
blz,2009,0.0
blz,2010,0.0
blz,2011,0.0
blz,2012,0.0
blz,2013,0.0
blz,2014,0.0
blz,2015,0.0
blz,2016,0.0
bra,2000,0.0
bra,2001,0.0
bra,2002,0.0
bra,2003,0.0
bra,2004,0.0
bra,2005,0.0
bra,2006,0.0
bra,2007,0.0
bra,2008,0.0
bra,2009,0.0
bra,2010,0.0
bra,2011,0.0
bra,2012,0.0
bra,2013,0.0
bra,2014,0.0
bra,2015,0.0
bra,2016,0.0
bol,2000,86.98644124
bol,2001,97.5197792
bol,2002,99.76691749
bol,2003,109.01039611
bol,2004,110.16114486
bol,2005,127.44238027
bol,2006,132.0185311
bol,2007,142.71292521
bol,2008,152.83168164
bol,2009,172.6564387
bol,2010,192.31501616
bol,2011,212.50188011
bol,2012,235.87544953
bol,2013,279.93025632
bol,2014,317.80346632
bol,2015,376.76360837
bol,2016,396.38050952
can,2000,42.48866622
can,2001,45.25889216
can,2002,47.29776348
can,2003,53.97886278
can,2004,56.84942545
can,2005,59.75143072
can,2006,63.11482664
can,2007,65.11445875
can,2008,70.10913604
can,2009,71.12844098
can,2010,73.42685995
can,2011,73.13621256
can,2012,77.20101929
can,2013,80.60669691
can,2014,81.66465982
can,2015,83.5326094
can,2016,84.6604869
chl,2000,26889.69023567
chl,2001,29748.38724912
chl,2002,33182.77513449
chl,2003,36996.19900374
chl,2004,40187.362063
chl,2005,47282.34185484
chl,2006,52036.93772568
chl,2007,59316.49078715
chl,2008,65853.42812981
chl,2009,71000.39323942
chl,2010,76329.6050915
chl,2011,84264.55532873
chl,2012,94514.55844586
chl,2013,102349.70178633
chl,2014,109297.72216077
chl,2015,117311.57025226
chl,2016,125698.4880976
cod,2000,0.0
cod,2001,0.0
cod,2002,0.0
cod,2003,0.0
cod,2004,0.0
cod,2005,0.0
cod,2006,0.0
cod,2007,0.0
cod,2008,0.0
cod,2009,0.0
cod,2010,0.0
cod,2015,121.95104398
cod,2016,95.00199581
col,2000,147785.77905049
col,2001,173430.65127701
col,2002,180869.18709478
col,2003,215765.87717018
col,2004,213560.05570938
col,2005,238545.25660552
col,2006,285708.71002624
col,2007,311194.6472048
col,2008,360668.20763608
col,2009,427088.08949455
col,2010,436709.28874887
col,2011,446250.93112125
col,2012,455727.09676599
col,2013,369674.29237293
col,2014,291459.00861759
col,2015,312237.38016393
col,2016,337888.58702818
dma,2000,0.0
dma,2001,0.0
dma,2002,0.0
dma,2003,0.0
dma,2004,0.0
dma,2005,0.0
dma,2006,0.0
dma,2007,0.0
dma,2008,0.0
dma,2009,0.0
dma,2010,0.0
dma,2011,0.0
dma,2012,0.0
dma,2013,0.0
dma,2014,0.0
dma,2015,0.0
dma,2016,0.0
cri,2000,49682.82061295
cri,2001,55649.073933
cri,2002,67223.88203506
cri,2003,76953.81393765
cri,2004,84992.85364632
cri,2005,95930.90594609
cri,2006,113722.51249402
cri,2007,135372.70036729
cri,2008,166211.81844856
cri,2009,196945.09190173
cri,2010,228642.74349254
cri,2011,253816.30581436
cri,2012,254837.61362702
cri,2013,275503.69763796
cri,2014,288999.38949675
cri,2015,318324.52519649
cri,2016,319771.12373854
ecu,2000,6.0972732
ecu,2001,9.49212834
ecu,2002,11.32185746
ecu,2003,11.51276099
ecu,2004,10.88111333
ecu,2005,8.51823919
ecu,2006,11.16880067
ecu,2007,27.73582792
ecu,2008,30.31653368
ecu,2009,41.58931066
ecu,2010,63.47637614
ecu,2011,97.18425905
ecu,2012,115.43700103
ecu,2013,114.80347376
ecu,2014,143.18329645
ecu,2015,111.71759712
ecu,2016,105.78961284
dom,2000,122.21723673
dom,2001,132.69900884
dom,2002,129.02663354
dom,2003,152.23422572
dom,2004,118.4225241
dom,2005,116.48089984
dom,2006,112.04376579
dom,2007,354.99523218
dom,2008,1227.51781764
dom,2009,1543.34290428
dom,2010,2032.73696616
dom,2011,2255.08983409
dom,2012,2558.94908394
dom,2013,2787.78084008
dom,2014,3097.20191846
dom,2015,3365.94546139
dom,2016,3835.27106504
slv,2000,39.87984238
slv,2001,38.94369791
slv,2002,43.76881112
slv,2003,44.71212176
slv,2004,47.9938008
slv,2005,55.73099577
slv,2006,66.04498522
slv,2007,59.1767041
slv,2008,60.22616562
slv,2009,59.14676153
slv,2010,62.77753103
slv,2011,68.63074399
slv,2012,69.60020549
slv,2013,71.83106996
slv,2014,75.62262495
slv,2015,81.10919357
slv,2016,84.3220554
grd,2000,0.0
grd,2001,0.0
grd,2002,0.0
grd,2003,0.0
grd,2004,0.0
grd,2005,0.0
grd,2006,0.0
grd,2007,0.0
grd,2008,0.0
grd,2009,0.0
grd,2010,0.0
grd,2011,0.0
grd,2012,0.0
grd,2013,0.0
grd,2014,0.0
grd,2015,0.0
grd,2016,0.0
gtm,2000,111.7989984
gtm,2001,123.28711385
gtm,2002,142.92561119
gtm,2003,155.49288535
gtm,2004,167.8894554
gtm,2005,146.82703528
gtm,2006,161.21003962
gtm,2007,164.69871106
gtm,2008,188.87954783
gtm,2009,207.89058926
gtm,2010,221.73358583
gtm,2011,231.2164045
gtm,2012,253.3878197
gtm,2013,291.83210554
gtm,2014,316.84311277
gtm,2015,254.95130066
gtm,2016,338.96503139
guy,2000,515.06635462
guy,2001,541.03418618
guy,2002,614.45648531
guy,2003,567.92714572
guy,2004,649.23661482
guy,2005,675.1484128
guy,2006,756.40240608
guy,2007,903.90161913
guy,2008,1016.99820719
guy,2009,907.88032072
guy,2010,814.40642095
guy,2011,858.36336938
guy,2012,906.92891032
guy,2013,849.51344249
guy,2014,872.42088937
guy,2015,892.63175427
guy,2016,1007.36709931
hti,2000,2.68636156
hti,2001,2.55856768
hti,2002,5.03479188
hti,2003,7.43287211
hti,2004,9.75549375
hti,2005,12.00450774
hti,2006,14.18180943
hti,2007,18.45542337
hti,2008,22.59753568
hti,2009,26.61590437
hti,2010,30.5188041
hti,2011,34.31323863
hti,2012,38.00514961
hti,2013,41.60137947
hti,2014,45.99499001
hti,2015,52.46309269
hti,2016,53.17252414
hnd,2000,72.49838795
hnd,2001,82.1746582
hnd,2002,102.72240603
hnd,2003,148.85223835
hnd,2004,181.00670544
hnd,2005,233.26999782
hnd,2006,257.37906168
hnd,2007,310.97673941
hnd,2008,332.16032343
hnd,2009,355.08998067
hnd,2010,336.28545999
hnd,2011,387.23118923
hnd,2012,475.51943732
hnd,2013,474.43691304
hnd,2014,506.85554764
hnd,2015,471.3849578
hnd,2016,549.51421984
jam,2000,0.0
jam,2001,0.0
jam,2002,0.0
jam,2003,0.0
jam,2004,355.1041364
jam,2005,364.34212746
jam,2006,430.02899345
jam,2007,502.61811796
jam,2008,498.90291536
jam,2009,454.69426358
jam,2010,593.49498262
jam,2011,802.97070889
jam,2012,782.4731643
jam,2013,936.9498006
jam,2014,1042.94523542
jam,2015,1220.08374844
jam,2016,1370.18867859
kor,2000,161431.1018338
kor,2001,234804.39422967
kor,2002,246381.43378441
kor,2003,280217.87247819
kor,2004,309316.95784986
kor,2005,338787.77762903
kor,2006,395462.53911368
kor,2007,456699.28545375
kor,2008,491594.17112291
kor,2009,554579.31626788
kor,2010,634597.05468309
kor,2011,682015.43947336
kor,2012,713343.54925362
kor,2013,757351.95864784
kor,2014,801462.49425576
kor,2015,862192.04556031
kor,2016,959777.91024287
mkd,2000,4698.06649539
mkd,2001,4582.74143188
mkd,2002,4856.68603289
mkd,2003,5432.38470731
mkd,2004,5302.26095952
mkd,2005,5495.87627265
mkd,2006,5704.39789738
mkd,2007,5949.76997838
mkd,2008,6981.79046115
mkd,2009,6759.0001996
mkd,2010,7027.44285977
mkd,2011,7222.60315781
mkd,2012,7440.08300724
mkd,2013,8482.76204282
mkd,2014,8290.75400903
mkd,2015,8840.922076
mkd,2016,9494.49501875
nic,2000,100.26267229
nic,2001,124.68754595
nic,2002,120.84921614
nic,2003,141.77011146
nic,2004,176.09271178
nic,2005,178.08915909
nic,2006,192.83657091
nic,2007,260.77007576
nic,2008,287.06734786
nic,2009,385.77053783
nic,2010,481.72419617
nic,2011,541.85563602
nic,2012,696.77126913
nic,2013,714.56202223
nic,2014,843.21525268
nic,2015,1064.16507485
nic,2016,1344.23635821
mex,2000,726.5556045
mex,2001,794.24668754
mex,2002,847.44702305
mex,2003,982.42012647
mex,2004,1166.81649679
mex,2005,1102.95154594
mex,2006,1161.68669214
mex,2007,1272.34100665
mex,2008,1313.47965615
mex,2009,1391.43928045
mex,2010,1511.6615367
mex,2011,1656.52404508
mex,2012,1821.79720795
mex,2013,1960.47761173
mex,2014,1849.2221241
mex,2015,2016.87049003
mex,2016,2061.34615062
mda,2000,0.0
mda,2001,0.0
mda,2002,0.0
mda,2003,0.27637197
mda,2004,90.24279024
mda,2005,122.80790438
mda,2006,155.29452336
mda,2007,234.95083926
mda,2008,339.10067532
mda,2009,398.63969624
mda,2010,420.31582389
mda,2011,464.0534149
mda,2012,513.04418182
mda,2013,561.79465807
mda,2014,685.23113957
mda,2015,805.66250342
mda,2016,915.1125116
pan,2000,74.96831221
pan,2001,78.3186889
pan,2002,83.65126466
pan,2003,83.47319279
pan,2004,84.91277522
pan,2005,83.21060272
pan,2006,89.4482599
pan,2007,116.05946713
pan,2008,131.72886708
pan,2009,144.67539899
pan,2010,161.02589933
pan,2011,173.75046807
pan,2012,172.58220967
pan,2013,213.84267319
pan,2014,224.25397069
pan,2015,231.89553062
pan,2016,276.89490338
nzl,2004,231.7417885
nzl,2005,264.92453489
nzl,2006,301.07572606
nzl,2007,339.23713092
nzl,2008,388.70352299
nzl,2009,430.90268446
nzl,2010,385.80688329
nzl,2011,362.12490367
nzl,2012,358.34648501
nzl,2013,378.96840462
nzl,2014,417.37688046
nzl,2015,462.13592191
nzl,2016,490.33380943
per,2000,89.18639408
per,2001,94.39956913
per,2002,102.2662025
per,2003,109.28553004
per,2004,111.45201471
per,2005,114.92749553
per,2006,116.45841583
per,2007,118.85520725
per,2008,145.61732308
per,2009,158.8364249
per,2010,180.97996961
per,2011,192.15171954
per,2012,203.97703952
per,2013,237.97335471
per,2014,269.69930897
per,2015,295.29338277
per,2016,317.38705128
pry,2000,71832.83987403
pry,2001,60288.45357103
pry,2002,45864.737953
pry,2003,57628.26016209
pry,2004,61738.87379561
pry,2005,72190.89264453
pry,2006,79973.44299972
pry,2007,89698.85501996
pry,2008,109829.58491476
pry,2009,137698.93890112
pry,2010,151893.82048099
pry,2011,195575.34953763
pry,2012,244812.32128087
pry,2013,234088.13723209
pry,2014,315923.14901846
pry,2015,322802.08691018
pry,2016,363325.31005242
kna,2000,3.2272006
kna,2001,2.10295716
kna,2002,2.7663858
kna,2003,1.9062064
kna,2004,2.23560068
kna,2005,3.87893687
kna,2006,2.73714692
kna,2007,3.14621457
kna,2008,5.52435826
kna,2009,3.46358527
kna,2010,1.96052094
kna,2011,2.65488597
kna,2012,2.62368086
kna,2013,1.68536177
kna,2014,1.66491747
kna,2015,1.18171603
kna,2016,1.34198665
png,2000,0.0
png,2001,0.0
png,2002,0.0
png,2003,0.0
png,2004,0.0
png,2005,0.0
png,2006,0.0
png,2007,0.0
png,2008,0.0
png,2009,0.0
png,2010,0.0
png,2011,0.0
png,2012,0.0
png,2013,0.0
png,2014,0.0
png,2015,0.0
png,2016,0.0
sur,2000,39.35358248
sur,2001,38.04686874
sur,2002,69.22192421
sur,2003,78.65250729
sur,2004,108.73560476
sur,2005,125.92733464
sur,2006,169.65888711
sur,2007,180.14891798
sur,2008,174.8097063
sur,2009,207.92313488
sur,2010,202.97472041
sur,2011,219.29716134
sur,2012,272.86917961
sur,2013,300.37959478
sur,2014,288.98243191
sur,2015,495.7248495
sur,2016,508.62513611
lca,2000,19.15986085
lca,2001,18.9769222
lca,2002,18.86195803
lca,2003,18.78526834
lca,2004,18.57438783
lca,2005,18.5670548
lca,2006,18.21094633
lca,2007,22.56519894
lca,2008,17.80247701
lca,2009,17.6779995
lca,2010,17.67103952
lca,2011,26.37325694
lca,2012,31.67638059
lca,2013,28.65981441
lca,2014,28.53964664
lca,2015,28.41321964
lca,2016,28.32368059
vct,2000,0.02760589
vct,2001,0.02933483
vct,2002,0.03158194
vct,2003,0.03092552
vct,2004,0.03130897
vct,2005,0.03211156
vct,2006,0.03266622
vct,2007,0.03639082
vct,2008,0.04022361
vct,2009,0.04232744
vct,2010,0.04454018
vct,2011,0.04177244
vct,2012,0.02970877
vct,2013,0.2037596
vct,2014,0.07520323
vct,2015,0.03426066
vct,2016,0.04845599
tza,2000,354.79946453
tza,2001,387.09027209
tza,2002,475.12651548
tza,2003,604.29504134
tza,2004,949.69974367
tza,2005,1273.8468854
tza,2006,1576.96768801
tza,2007,1389.9114141
tza,2008,1212.39485591
tza,2009,1044.47673128
tza,2010,885.94898703
tza,2011,1320.5341366
tza,2012,1727.62474142
tza,2013,2351.54190908
tza,2014,2814.85350633
tza,2015,4164.52877681
tza,2016,5472.33458144
tto,2000,0.07893317
tto,2001,0.08725538
tto,2002,0.10096515
tto,2003,0.10490151
tto,2004,0.11458891
tto,2005,0.16585347
tto,2006,0.16636918
tto,2007,0.08352657
tto,2008,0.08218283
tto,2009,0.19398873
tto,2010,0.08531511
tto,2011,0.08497529
tto,2012,0.08486063
tto,2013,0.07756807
tto,2014,0.16839068
tto,2015,0.05820121
tto,2016,0.08340598
are,2016,0.0
usa,2000,576.03188093
usa,2001,588.04584161
usa,2002,592.01638074
usa,2003,606.90673382
usa,2004,644.49884351
usa,2005,685.50944692
usa,2006,741.29331155
usa,2007,780.2468353
usa,2008,798.62377294
usa,2009,771.35716217
usa,2010,783.61971224
usa,2011,808.66973701
usa,2012,840.65312654
usa,2013,891.71947796
usa,2014,934.25980968
usa,2015,973.18094747
usa,2016,1014.34449272
ven,2000,22.13298247
ven,2001,23.80906954
ven,2002,26.40827748
ven,2003,32.43323942
ven,2004,53.17689198
ven,2005,65.85981917
ven,2006,85.06133521
ven,2007,121.5515042
ven,2008,137.76708096
ven,2009,112.67231983
ven,2010,194.81168428
ven,2011,326.03517755
ven,2012,402.25470114
ven,2013,549.24247561
ven,2014,750.91499076
ven,2015,1182.88048448
ven,2016,1320.16642455
ury,2000,1403.65971639
ury,2001,1575.48129879
ury,2002,1674.50659115
ury,2003,2149.25607766
ury,2004,2067.77755626
ury,2005,1714.87233027
ury,2006,2449.2705817
ury,2007,2531.43190714
ury,2008,3134.30767347
ury,2009,3875.70169786
ury,2010,4634.57409269
ury,2011,7517.6688256
ury,2012,9390.0777119
ury,2013,11319.81907304
ury,2014,13118.70055265
ury,2015,14139.08342348
ury,2016,16614.95363248
eth,2000,0.0
eth,2001,0.0
eth,2002,0.0
eth,2003,0.0
eth,2004,0.0
eth,2005,0.0
eth,2006,0.0
eth,2007,0.0
eth,2008,0.0
eth,2009,0.0
eth,2010,0.0
eth,2011,0.0
eth,2012,0.0
eth,2013,0.0
eth,2014,0.0
eth,2015,0.0
eth,2016,0.0
egy,2000,24.31837456
egy,2001,27.19476647
egy,2002,27.40042384
egy,2003,28.10145211
egy,2004,30.67049293
egy,2005,31.85802252
egy,2006,33.29109126
egy,2007,35.98313862
egy,2008,38.89869097
egy,2009,39.38639585
egy,2010,39.68725492
egy,2011,43.94769719
egy,2012,45.3348405
egy,2013,49.01598735
egy,2014,53.45673489
egy,2015,61.95471586
egy,2016,65.77696871
zwe,2010,0.0
zwe,2011,0.0
zwe,2012,0.0
zwe,2013,0.0
zwe,2014,0.0
zwe,2015,0.0
zwe,2016,0.0
sau,2016,0.0
dza,2000,1202.00098385
dza,2001,1322.83510402
dza,2002,1367.59455071
dza,2003,1516.86005046
dza,2004,1608.68072723
dza,2005,1795.74626797
dza,2006,2138.19580842
dza,2007,2573.48377651
dza,2008,3413.87028854
dza,2009,3914.68684828
dza,2010,4484.45799312
dza,2011,5131.84711624
dza,2012,5867.89165655
dza,2013,6707.52722264
dza,2014,7670.02273625
dza,2015,8234.62099573
dza,2016,7706.70569167
vnm,2000,52981.28266201
vnm,2001,53183.92527604
vnm,2002,68366.2503946
vnm,2003,65394.36298514
vnm,2004,91161.82577229
vnm,2005,110699.68630693
vnm,2006,118985.258621
vnm,2007,130966.60237871
vnm,2008,173362.57750326
vnm,2009,177101.89055594
vnm,2010,271545.86720675
vnm,2011,309191.6175768
vnm,2012,442151.20956965
vnm,2013,614796.28045397
vnm,2014,404836.52086125
vnm,2015,482437.55872978
vnm,2016,600701.88795973
bfa,2000,10.41255995
bfa,2001,11.33618366
bfa,2002,12.8986407
bfa,2003,12.70027241
bfa,2004,13.72607497
bfa,2005,14.67747187
bfa,2006,21.45887351
bfa,2007,29.4197658
bfa,2008,43.01146502
bfa,2009,46.65722019
bfa,2010,42.63557437
bfa,2011,19.84134857
bfa,2012,21.67891928
bfa,2013,11.77391622
bfa,2014,9.90398998
bfa,2015,48.09331804
bfa,2016,48.57175632
ago,2000,0.0
ago,2001,0.0
ago,2002,0.0
ago,2003,0.0
ago,2004,0.0
ago,2005,0.0
ago,2006,0.0
ago,2007,0.0
ago,2008,0.0
ago,2009,0.0
ago,2010,0.0
ago,2011,0.0
ago,2012,0.0
ago,2013,0.0
ago,2014,0.0
ago,2015,0.0
ago,2016,0.0
ben,2000,128.25454011
ben,2001,131.99550895
ben,2002,137.27800929
ben,2003,127.12695555
ben,2004,126.72376341
ben,2005,138.1283482
ben,2006,130.98835689
ben,2007,164.64851276
ben,2008,164.46226767
ben,2009,195.99110646
ben,2010,162.5734255
ben,2011,176.66106879
ben,2012,187.43951842
ben,2013,207.27936256
ben,2014,228.79040834
ben,2015,310.0625052
ben,2016,266.70979233
bwa,2000,0.0
bwa,2001,0.0
bwa,2002,0.0
bwa,2003,0.0
bwa,2004,0.0
bwa,2005,0.0
bwa,2006,0.0
bwa,2007,0.0
bwa,2008,0.0
bwa,2009,0.0
bwa,2010,0.0
bwa,2011,0.0
bwa,2012,0.0
bwa,2013,0.0
bwa,2014,0.0
bwa,2015,0.0
bwa,2016,0.0
cpv,2000,1825.34895961
cpv,2001,2089.16288797
cpv,2002,2048.1922381
cpv,2003,2075.42372329
cpv,2004,2054.89411201
cpv,2005,2050.29005388
cpv,2006,2377.31257605
cpv,2007,2454.57797294
cpv,2008,2467.15732231
cpv,2009,2450.88668774
cpv,2010,2478.592073
cpv,2011,2872.19402165
cpv,2012,3037.75445442
cpv,2013,2910.61245212
cpv,2014,2640.23616017
cpv,2015,2764.64534614
cpv,2016,2688.56688717
bdi,2000,372.9817384
bdi,2001,435.5869351
bdi,2002,423.51258172
bdi,2003,687.95567079
bdi,2004,883.88589272
bdi,2005,833.04163395
bdi,2006,961.27153147
bdi,2007,1111.99866454
bdi,2008,1794.26769524
bdi,2009,1832.48241171
bdi,2010,1836.67486794
bdi,2011,2222.69942151
bdi,2012,2577.11881593
bdi,2013,32.72019938
bdi,2014,4261.95485417
bdi,2015,2760.52227483
bdi,2016,273.71663738
caf,2000,0.0
caf,2001,0.0
caf,2002,0.0
caf,2003,0.0
caf,2004,0.0
caf,2005,0.0
caf,2006,0.0
caf,2007,0.0
caf,2008,0.0
caf,2009,0.0
caf,2010,0.0
caf,2011,0.0
caf,2012,0.0
caf,2013,0.0
caf,2014,0.0
caf,2015,0.0
caf,2016,0.0
tcd,2000,0.0
tcd,2001,0.0
tcd,2002,0.0
tcd,2003,0.0
tcd,2004,0.0
tcd,2005,0.0
tcd,2006,0.0
tcd,2007,0.0
tcd,2008,0.0
tcd,2009,0.0
tcd,2010,0.0
tcd,2011,0.0
tcd,2012,0.0
tcd,2013,0.0
tcd,2014,0.0
tcd,2015,0.0
tcd,2016,0.0
cog,2000,0.0
cog,2001,0.0
cog,2002,0.0
cog,2003,0.0
cog,2004,0.0
cog,2005,0.0
cog,2006,0.0
cog,2007,0.0
cog,2008,0.0
cog,2009,0.0
cog,2010,0.0
cog,2011,0.0
cog,2012,0.0
cog,2013,0.0
cog,2014,0.0
cog,2015,0.0
cog,2016,0.0
com,2000,264.58753209
com,2001,389.72685818
com,2002,453.4866237
com,2003,423.92271828
com,2004,393.51122673
com,2005,405.26637454
com,2006,436.97229577
com,2007,473.79508104
com,2008,574.40366229
com,2009,527.92755557
com,2010,528.05372946
com,2011,551.06946385
com,2012,650.5604152
com,2013,673.56788871
com,2014,662.86440568
com,2015,748.30643026
com,2016,857.35691755
est,2000,149.15254237
est,2001,160.83634901
est,2002,175.64021944
est,2003,194.72039594
est,2004,222.77436864
est,2005,255.1364869
est,2006,288.1388354
est,2007,370.30723324
est,2008,435.92764711
est,2009,432.86567745
est,2010,424.96381132
est,2011,445.54999022
est,2012,491.47875405
est,2013,530.91259183
est,2014,587.65453303
est,2015,620.63930274
est,2016,665.07389372
gnq,2000,0.0
gnq,2001,0.0
gnq,2002,0.0
gnq,2003,0.0
gnq,2004,0.0
gnq,2005,0.0
gnq,2006,0.0
gnq,2007,0.0
gnq,2008,0.0
gnq,2009,0.0
gnq,2010,0.0
gnq,2011,0.0
gnq,2012,0.0
gnq,2013,0.0
gnq,2014,0.0
gnq,2015,0.0
gnq,2016,0.0
civ,2000,147.52627516
civ,2001,137.98740431
civ,2002,162.60803159
civ,2003,159.78889681
civ,2004,164.44807082
civ,2005,167.41589515
civ,2006,180.34341586
civ,2007,189.96025066
civ,2008,203.36139807
civ,2009,207.23578779
civ,2010,218.93621803
civ,2011,191.66213894
civ,2012,191.4065077
civ,2013,244.11881248
civ,2014,232.38554281
civ,2015,244.2930887
civ,2016,134.51568874
gab,2000,4874.16783221
gab,2001,6241.95838979
gab,2002,5659.32923715
gab,2003,4648.80845903
gab,2004,4824.18431613
gab,2005,5682.00615042
gab,2006,5975.88385256
gab,2007,5972.09242729
gab,2008,6583.5248511
gab,2009,10095.4380934
gab,2010,15791.78967205
gab,2011,25253.5944068
gab,2012,11173.25628472
gab,2013,16394.77769404
gab,2014,15164.21804878
gab,2015,16667.83583914
gab,2016,17463.75869144
fra,2000,979.60713764
fra,2001,1013.50867011
fra,2002,1063.81938709
fra,2003,1073.27599463
fra,2004,1109.36268226
fra,2005,1132.14820129
fra,2006,1143.73079253
fra,2007,1166.42163473
fra,2008,1183.49117153
fra,2009,1207.89905322
fra,2010,1213.20458438
fra,2011,1224.9989959
fra,2012,1221.59005664
fra,2013,1292.73216911
fra,2014,1278.9534465
fra,2015,1271.4251776
fra,2016,1252.12783974
grc,2000,255.7623793
grc,2001,309.98554908
grc,2002,326.68171282
grc,2003,362.5030575
grc,2004,373.84479445
grc,2005,440.65987038
grc,2006,494.42439042
grc,2007,516.58172049
grc,2008,523.55419799
grc,2009,661.93499715
grc,2010,600.03836576
grc,2011,583.99452253
grc,2012,442.07293148
grc,2013,345.06841615
grc,2014,293.3153299
grc,2015,307.3304907
grc,2016,325.21160546
deu,2000,1719.6083783
deu,2001,1770.56667227
deu,2002,1827.97713677
deu,2003,1862.04485085
deu,2004,1805.77950494
deu,2005,1802.07842467
deu,2006,1827.91927436
deu,2007,1920.73353033
deu,2008,2007.27732597
deu,2009,2087.52538769
deu,2010,2085.34588477
deu,2011,2180.5347444
deu,2012,2257.16096151
deu,2013,2403.26623652
deu,2014,2506.26913959
deu,2015,2610.62105862
deu,2016,2675.56032755
gin,2000,685.80880909
gin,2001,874.6256288
gin,2002,1625.82670416
gin,2003,1244.58398392
gin,2004,796.41516695
gin,2005,1289.59025578
gin,2006,1565.42303919
gin,2007,1794.68758564
gin,2008,2213.29298915
gin,2009,1890.37030729
gin,2010,3275.80829685
gin,2011,5073.41483508
gin,2012,5497.18279514
gin,2013,5111.82109033
gin,2014,4525.21728749
gin,2015,4809.35455518
gin,2016,4708.40842942
lbn,2000,69543.90940623
lbn,2001,70687.49015956
lbn,2002,68758.5739013
lbn,2003,66765.23672211
lbn,2004,65286.28962169
lbn,2005,64587.29845001
lbn,2006,97195.6003818
lbn,2007,111427.43988911
lbn,2008,107388.6740173
lbn,2009,98490.23082094
lbn,2010,130347.56477865
lbn,2011,175896.5809641
lbn,2012,242424.36154555
lbn,2013,212456.4434383
lbn,2014,190711.65294464
lbn,2015,177397.51588252
lbn,2016,187819.0833173
mdg,2000,0.0
mdg,2001,0.0
mdg,2002,0.0
mdg,2003,0.0
mdg,2004,0.0
mdg,2005,0.0
mdg,2006,0.0
mdg,2007,0.0
mdg,2008,0.0
mdg,2009,0.0
mdg,2010,0.0
mdg,2011,0.0
mdg,2012,0.0
mdg,2013,0.0
mdg,2014,0.0
mdg,2015,0.0
lux,2000,1440.68637373
lux,2001,1591.88715011
lux,2002,1770.37001189
lux,2003,1903.71026571
lux,2004,2132.51050884
lux,2005,2188.55589285
lux,2006,2258.27362541
lux,2007,2325.83252594
lux,2008,2557.88533174
lux,2009,2658.07885805
lux,2010,2727.40339535
lux,2011,2512.42771178
lux,2012,2633.40783038
lux,2013,2657.11428779
lux,2014,2716.84616504
lux,2015,2643.56131186
lux,2016,2583.0009718
mdv,2000,0.0
mdv,2001,0.0
mdv,2002,0.0
mdv,2003,0.0
mdv,2004,0.0
mdv,2005,0.0
mdv,2006,0.0
mdv,2007,0.0
mhl,2000,143.34785943
mhl,2001,125.57281107
mhl,2002,121.43740174
mhl,2003,47.36234554
mhl,2004,47.41556247
mhl,2005,56.82451253
mhl,2006,68.55101962
mhl,2007,74.18915549
mhl,2008,72.52288483
mhl,2009,74.617737
mhl,2010,57.28183119
mhl,2011,71.37147425
mhl,2012,68.70098551
mhl,2013,87.60873601
mhl,2014,83.1391546
mhl,2015,99.35751217
mhl,2016,114.1831116
mrt,2007,415.67740777
mrt,2008,397.94091986
mrt,2009,1046.12056967
mrt,2010,801.76354735
mrt,2011,988.5917854
mrt,2012,1093.66543445
mrt,2013,1210.00036744
mrt,2014,1588.75420776
mrt,2015,1535.68300624
mrt,2016,1365.67852281
mmr,2000,1.3081548
mmr,2001,1.00583353
mmr,2002,4.56086119
mmr,2003,2.54068807
mmr,2004,3.93146299
mmr,2005,5.28024335
mmr,2006,13.94164091
mmr,2007,14.15451598
mmr,2008,15.89336988
mmr,2009,19.80293847
mmr,2010,75.35563054
mmr,2011,74.75923856
mmr,2012,50.9320567
mmr,2013,67.73947476
mmr,2014,112.80884005
mmr,2015,235.25351048
mmr,2016,235.49250262
mar,2000,0.0
mar,2001,0.0
mar,2002,0.0
mar,2003,0.0
mar,2004,0.0
mar,2005,0.0
mar,2006,154.26306732
mar,2007,160.79610372
mar,2008,193.28797122
mar,2009,223.38302621
mar,2010,243.58577397
mar,2011,267.56892662
mar,2012,291.16749974
mar,2013,313.40938352
mar,2014,318.27046745
mar,2015,321.46356604
mar,2016,435.02710253
rus,2000,19.52915354
rus,2001,24.4762427
rus,2002,34.82216405
rus,2003,37.97082395
rus,2004,44.36820047
rus,2005,240.77730825
rus,2006,787.54319101
rus,2007,874.09623387
rus,2008,1686.38961054
rus,2009,1954.34059856
rus,2010,1781.65635188
rus,2011,3820.7508226
rus,2012,4289.02133213
rus,2013,4786.85417539
rus,2014,5148.51074953
rus,2015,6302.0886652
rus,2016,6931.13426501
ner,2000,52.01043476
ner,2001,57.51215182
ner,2002,62.78443375
ner,2003,59.82916787
ner,2004,57.13409876
ner,2005,55.80664876
ner,2006,54.16504553
ner,2007,54.81193575
ner,2008,56.6435991
ner,2009,55.57858223
ner,2010,59.69803434
ner,2011,65.52578543
ner,2012,71.63380245
ner,2013,114.91747695
ner,2014,202.12871249
ner,2015,163.97665659
ner,2016,146.71734244
srb,2000,2161.19323235
srb,2001,4643.14415639
srb,2002,7452.30084929
srb,2003,8569.17670171
srb,2004,10079.69866657
srb,2005,12503.93975362
srb,2006,14581.53519089
srb,2007,18277.82900275
srb,2008,21448.21802491
srb,2009,22491.8087231
srb,2010,24685.36654898
srb,2011,26362.35554638
srb,2012,28637.31061328
srb,2013,30107.19828225
srb,2014,28540.88097836
srb,2015,25055.33486834
srb,2016,25931.59851309
smr,2000,1564.97197097
smr,2001,1660.18940206
smr,2002,1591.8027435
smr,2003,1508.54456903
smr,2004,1772.56593709
smr,2005,1827.95574932
smr,2006,1933.33071284
smr,2007,2093.93163659
smr,2008,2274.94209548
smr,2009,2342.35708069
smr,2010,2375.73821794
smr,2011,2438.63271362
smr,2012,2498.72012471
smr,2013,2398.52238832
smr,2014,2303.32381419
smr,2015,2213.58685983
smr,2016,2129.32566334
sdn,2000,0.52109069
sdn,2001,0.9912326
sdn,2002,1.85846612
sdn,2003,2.12665169
sdn,2004,2.2361107
sdn,2005,2.29684904
sdn,2006,3.48339852
sdn,2007,4.88499568
sdn,2008,6.46629624
sdn,2009,6.33272155
sdn,2010,7.22969428
sdn,2011,7.9590952
sdn,2012,6.21558229
sdn,2013,8.58617921
sdn,2014,10.67626607
sdn,2015,13.41602781
sdn,2016,14.04070385
tls,2002,0.0
tls,2003,0.0
tls,2004,0.0
tls,2005,0.0
tls,2006,0.0
tls,2007,0.0
tls,2008,0.0
tls,2009,0.0
tls,2010,0.0
tls,2011,0.0
tls,2012,0.0
tls,2013,0.0
tls,2014,0.0
tls,2015,0.0
tls,2016,0.0
tuv,2000,0.0
tuv,2001,0.0
tuv,2002,0.0
tuv,2003,0.0
tuv,2004,0.0
tuv,2005,0.0
tuv,2006,0.0
tuv,2007,0.0
tuv,2008,0.0
tuv,2009,0.0
tuv,2010,0.0
tuv,2011,0.0
tuv,2012,0.0
tuv,2013,0.0
tuv,2014,0.0
tuv,2015,0.0
tuv,2016,0.0
zmb,2000,0.0
zmb,2001,0.0
zmb,2002,0.0
zmb,2003,0.0
zmb,2004,0.0
zmb,2005,0.0
zmb,2006,0.0
zmb,2007,0.0
zmb,2008,0.0
zmb,2009,0.0
zmb,2010,0.0
zmb,2011,0.0
zmb,2012,0.0
zmb,2013,0.0
zmb,2014,0.0
zmb,2015,0.0
zmb,2016,0.0
afg,2002,0.0
afg,2003,0.0
afg,2004,0.0
afg,2005,0.0
afg,2006,0.0
afg,2007,0.0
afg,2008,0.0
afg,2009,0.0
afg,2010,0.0
afg,2011,0.0
afg,2012,0.0
afg,2013,0.0
afg,2014,0.0
afg,2015,0.0
afg,2016,0.0
bhr,2000,0.0
bhr,2001,0.04157414
bhr,2002,0.04216838
bhr,2003,0.04109355
bhr,2004,0.04699656
bhr,2005,0.04386123
bhr,2006,0.06886377
bhr,2007,0.10908484
bhr,2008,0.17405503
bhr,2009,0.16370907
bhr,2010,0.19502572
bhr,2011,0.2065293
bhr,2012,0.23919084
bhr,2013,0.23642801
bhr,2014,0.09428336
bhr,2015,0.145788
bhr,2016,0.14103571
dji,2000,605.41852706
dji,2001,556.29931205
dji,2002,629.42286668
dji,2003,720.03849042
dji,2004,777.1004565
dji,2005,798.86767651
dji,2006,865.50283245
dji,2007,948.09558688
dji,2008,1163.15243549
dji,2009,1266.45200543
dji,2010,1157.86672591
dji,2011,1917.64999994
dji,2012,1797.54794737
dji,2013,1872.31398285
dji,2014,1883.46732888
dji,2015,1895.69451081
dji,2016,0.0
idn,2000,2916.3645242
idn,2001,6025.21011406
idn,2002,5246.61021756
idn,2003,7026.45039694
idn,2004,7949.16618992
idn,2005,16543.15139524
idn,2006,29216.8054289
idn,2007,33815.22846512
idn,2008,32771.50558433
idn,2009,40529.35016029
idn,2010,47468.3503873
idn,2011,59742.15148489
idn,2012,70073.51119124
idn,2013,92371.79344773
idn,2014,172217.49776025
idn,2015,119046.77257078
idn,2016,137753.26339855
jpn,2000,117378.94062311
jpn,2001,120309.32347561
jpn,2002,119786.40507161
jpn,2003,120343.35548856
jpn,2004,122772.42941739
jpn,2005,127335.92413089
jpn,2006,126793.59847782
jpn,2007,131034.40058384
jpn,2008,132207.34074602
jpn,2009,136675.77891372
jpn,2010,142118.24083198
jpn,2011,161805.57984182
jpn,2012,173708.45145029
jpn,2013,178191.3956911
jpn,2014,181139.09411191
jpn,2015,188863.4751308
jpn,2016,190297.88350423
kir,2000,0.0
kir,2001,0.0
kir,2002,0.0
kir,2003,0.0
kir,2004,0.0
kir,2005,0.0
kir,2006,0.0
kir,2007,0.0
kir,2008,0.0
kir,2009,0.0
kir,2010,0.0
kir,2011,0.0
kir,2012,0.0
kir,2013,0.0
kir,2014,0.0
kir,2015,0.0
kir,2016,0.0
irn,2000,78041.90700596
irn,2001,97287.95193544
irn,2002,129265.24781884
irn,2003,160657.17391494
irn,2004,205043.61715728
irn,2005,274401.83269357
irn,2006,328121.92360632
irn,2007,416857.97869845
irn,2008,523217.16543752
irn,2009,616413.45731113
irn,2010,734243.20492381
irn,2011,860413.44779545
irn,2012,1120878.58783725
irn,2013,1512789.50090035
irn,2014,2521050.22674416
irn,2015,2857375.48211106
irn,2016,3529782.49752771
lva,2000,0.0
lva,2001,0.0
lva,2002,0.0
lva,2003,0.0
lva,2004,0.0
lva,2005,0.0
lva,2006,0.0
lva,2007,0.0
lva,2008,0.0
lva,2009,0.0
lva,2010,0.0
lva,2011,0.0
lva,2012,0.0
lva,2013,0.0
lva,2014,0.0
lva,2015,0.0
lva,2016,0.0
nor,2000,2956.72525519
nor,2001,3217.63047832
nor,2002,3589.82206958
nor,2003,3808.89992211
nor,2004,4080.22505635
nor,2005,3804.78106087
nor,2006,3685.35210882
nor,2007,3822.26752603
nor,2008,3879.45592083
nor,2009,4004.8850691
nor,2010,4239.99513963
nor,2011,4048.82867961
nor,2012,4176.75071922
nor,2013,4219.13178677
nor,2014,4484.26329082
nor,2015,4820.09750134
nor,2016,4860.93958974
mne,2016,293.72503044
stp,2000,0.0
stp,2001,0.0
stp,2002,0.0
stp,2003,0.0
stp,2004,0.0
stp,2005,0.0
stp,2006,0.0
stp,2007,0.0
stp,2008,0.0
stp,2009,0.0
stp,2010,0.0
stp,2011,0.0
stp,2012,0.0
stp,2013,0.0
stp,2014,2997.58699403
stp,2015,4352.79827361
stp,2016,4415.08961913
prt,2000,8.89528777
prt,2001,9.4593106
prt,2002,10.21754517
prt,2003,10.00249699
prt,2004,10.54917144
prt,2005,10.8751374
prt,2006,12.12044763
prt,2007,12.85676417
prt,2008,14.71714308
prt,2009,17.2191384
prt,2010,16.55661301
prt,2011,16.99581404
prt,2012,17.33125613
prt,2013,17.32678483
prt,2014,19.07262483
prt,2015,19.210932
prt,2016,19.97915162
omn,2016,0.0
slb,2000,0.0
slb,2001,0.0
slb,2002,0.0
slb,2003,0.0
slb,2004,0.0
slb,2005,0.0
slb,2006,0.0
slb,2007,0.0
slb,2008,0.0
slb,2009,0.0
slb,2010,0.0
slb,2011,0.0
slb,2012,0.0
slb,2013,0.0
slb,2014,0.0
slb,2015,0.0
slb,2016,0.0
che,2000,143.90509578
che,2001,153.38583617
che,2002,159.04839992
che,2003,167.49037751
che,2004,171.50660199
che,2005,176.66648416
che,2006,164.76456765
che,2007,158.74835974
che,2008,140.77840846
che,2009,184.11146612
che,2010,153.48443051
che,2011,130.36626822
che,2012,119.42682166
che,2013,116.9290937
che,2014,114.25579366
che,2015,122.72893803
che,2016,122.97159908
ton,2000,0.0
ton,2001,0.0
ton,2002,0.0
ton,2003,0.0
ton,2004,0.0
ton,2005,0.0
ton,2006,0.0
ton,2007,0.0
ton,2008,0.0
ton,2009,0.0
ton,2010,0.0
ton,2011,0.0
ton,2012,0.0
ton,2013,0.0
ton,2014,0.0
ton,2015,0.0
ton,2016,0.0
lka,2000,15.4473894
lka,2001,17.04738167
lka,2002,25.50158453
lka,2003,24.92246572
lka,2004,30.78543968
lka,2005,39.27251516
lka,2006,38.54359684
lka,2007,46.70892613
lka,2008,53.91300949
lka,2009,50.5053134
lka,2010,51.38688288
lka,2011,55.01954736
lka,2012,61.78837189
lka,2013,68.52880951
lka,2014,72.48989554
lka,2015,79.02852365
lka,2016,96.35313945
ukr,2000,0.0
ukr,2001,0.0
ukr,2002,0.0
ukr,2003,0.0
ukr,2004,0.0
ukr,2005,0.0
ukr,2006,0.0
ukr,2007,0.0
ukr,2008,0.0
ukr,2009,0.0
ukr,2010,0.0
ukr,2011,0.0
ukr,2012,0.0
ukr,2013,0.0
ukr,2014,0.0
ukr,2015,0.0
ukr,2016,0.0
alb,2000,180.1266508
alb,2001,220.3940036
alb,2002,265.76219715
alb,2003,269.84848948
alb,2004,427.66565507
alb,2005,537.88038955
alb,2006,470.3419505
alb,2007,769.6566065
alb,2008,855.98888373
alb,2009,1784.01996871
alb,2010,1751.5205618
alb,2011,2158.57399171
alb,2012,2270.66830272
alb,2013,2375.42386411
alb,2014,2666.41559175
alb,2015,2622.14061119
alb,2016,2579.62595582
and,2000,815.10934394
and,2001,844.9532974
and,2002,813.71611301
and,2003,780.2465087
and,2004,750.22296836
and,2005,726.53961733
and,2006,708.72072206
and,2007,695.42711319
and,2008,686.85086035
and,2009,683.14745092
and,2010,684.43676065
and,2011,691.33502884
and,2012,703.6187842
and,2013,705.55032926
and,2014,744.73322141
and,2015,781.91093906
and,2016,750.5078868
aut,2000,1040.12414778
aut,2001,1071.3686247
aut,2002,1107.49263639
aut,2003,1141.2171502
aut,2004,1186.93006119
aut,2005,1240.92142237
aut,2006,1291.37711344
aut,2007,1371.97188065
aut,2008,1437.10967536
aut,2009,1409.80230085
aut,2010,1417.71468395
aut,2011,1469.76340072
aut,2012,1529.56180281
aut,2013,1557.45897688
aut,2014,1626.02930266
aut,2015,1678.11174033
aut,2016,1702.18128736
bel,2000,991.67103705
bel,2001,1045.77826387
bel,2002,1084.67681712
bel,2003,1267.74434029
bel,2004,1221.78269435
bel,2005,1203.83614325
bel,2006,1223.30832032
bel,2007,1288.91543919
bel,2008,1367.45470176
bel,2009,1449.9110971
bel,2010,1417.53460276
bel,2011,1472.30215276
bel,2012,1521.78756109
bel,2013,1535.46547433
bel,2014,1576.85122142
bel,2015,1659.99573718
bel,2016,1680.65112934
bgr,2000,9.56820736
bgr,2001,33.10228349
bgr,2002,46.84479175
bgr,2003,63.77994282
bgr,2004,72.901045
bgr,2005,89.16867408
bgr,2006,113.63023898
bgr,2007,130.23834517
bgr,2008,134.65011635
bgr,2009,158.98615852
bgr,2010,152.90586499
bgr,2011,193.0110592
bgr,2012,216.28245567
bgr,2013,241.85968142
bgr,2014,259.495781
bgr,2015,284.63115746
bgr,2016,300.85221248
bih,2000,109.22756227
bih,2001,124.95567704
bih,2002,140.84466919
bih,2003,184.13275379
bih,2004,183.66048748
bih,2005,187.93782629
bih,2006,216.1537444
bih,2007,260.2284682
bih,2008,308.63983923
bih,2009,350.73272321
bih,2010,365.95192686
bih,2011,389.87996119
bih,2012,406.69520049
bih,2013,423.1646337
bih,2014,438.86609886
bih,2015,457.59615641
bih,2016,475.94499892
cyp,2015,4.68118365
cyp,2016,4.88141843
cub,2000,0.0
cub,2001,0.0
cub,2002,0.0
cub,2003,0.0
cub,2004,0.0
cub,2005,0.0
cub,2006,0.0
cub,2007,0.0
cub,2008,0.0
cub,2009,0.0
cub,2010,0.0
cub,2011,0.0
cub,2012,0.0
cub,2013,0.0
cub,2014,0.0
cub,2015,0.0
cub,2016,0.0
hrv,2000,2428.01242948
hrv,2001,2478.15672188
hrv,2002,2237.92800715
hrv,2003,2608.95030608
hrv,2004,2852.60728499
hrv,2005,2921.84187376
hrv,2006,3094.68581054
hrv,2007,3333.55177119
hrv,2008,3636.37930085
hrv,2009,3508.49134727
hrv,2010,3399.70947274
hrv,2011,4000.23609684
hrv,2012,3933.42629926
hrv,2013,3072.78337281
hrv,2014,3349.04620229
hrv,2015,3771.76258939
hrv,2016,3892.45907302
fji,2000,0.0
fji,2001,0.0
fji,2002,0.0
fji,2003,0.0
fji,2004,0.0
fji,2005,0.0
fji,2006,0.0
fji,2007,0.0
fji,2008,0.0
fji,2009,0.0
fji,2010,0.0
fji,2011,0.0
fji,2012,0.0
fji,2013,0.0
fji,2014,0.0
fji,2015,0.0
fji,2016,0.0
eri,2000,0.0
eri,2001,0.0
eri,2002,0.0
eri,2003,0.0
eri,2004,0.0
eri,2005,0.0
eri,2006,0.0
eri,2007,0.0
eri,2008,0.0
eri,2009,0.0
eri,2010,0.0
eri,2011,0.0
eri,2012,0.0
eri,2013,0.0
eri,2014,0.0
eri,2015,0.0
eri,2016,0.0
gmb,2000,0.0
gmb,2001,0.0
gmb,2002,0.0
gmb,2003,0.0
gmb,2004,0.0
gmb,2005,0.0
gmb,2006,0.0
gmb,2007,0.0
gmb,2008,0.0
gmb,2009,0.0
gmb,2010,0.0
gmb,2011,0.0
gmb,2012,0.0
gmb,2013,0.0
gmb,2014,0.0
gmb,2015,0.0
gmb,2016,0.0
fin,2000,214.70741409
fin,2001,224.98731527
fin,2002,217.96024498
fin,2003,221.72494483
fin,2004,216.66481404
fin,2005,214.69135084
fin,2006,206.08643027
fin,2007,217.05644645
fin,2008,234.0636615
fin,2009,235.33546767
fin,2010,241.68687369
fin,2011,234.41127005
fin,2012,243.06589606
fin,2013,256.82365625
fin,2014,259.21609284
fin,2015,268.86604193
fin,2016,264.74022688
geo,2000,3.38835241
geo,2001,4.49470716
geo,2002,3.89199287
geo,2003,8.08022219
geo,2004,0.0
geo,2005,0.0
geo,2006,0.0
geo,2007,0.0
geo,2008,0.0
geo,2009,0.0
geo,2010,0.0
geo,2011,0.0
geo,2012,0.0
geo,2013,0.0
geo,2014,0.0
geo,2015,0.0
geo,2016,0.0
gha,2000,0.0
gha,2001,0.0
gha,2002,0.0
gha,2003,0.0
gha,2004,0.0
gha,2005,1.62705345
gha,2006,1.1676165
gha,2007,1.61231974
gha,2008,2.42245899
gha,2009,3.48061363
gha,2010,4.56386771
gha,2011,6.65756541
gha,2012,5.07596282
gha,2013,6.96341958
gha,2014,4.77847748
gha,2015,6.39746022
gha,2016,6.83629953
gnb,2000,181.63101869
gnb,2001,157.1264481
gnb,2002,121.56120936
gnb,2003,142.99786641
gnb,2004,180.45413742
gnb,2005,170.21871386
gnb,2006,160.65762571
gnb,2007,204.05834177
gnb,2008,215.66563593
gnb,2009,196.43022417
gnb,2010,191.60260242
gnb,2011,204.35371524
gnb,2012,146.61262384
gnb,2013,139.82207236
gnb,2014,257.65837253
gnb,2015,279.54688273
gnb,2016,274.9460536
hun,2000,28382.67472154
hun,2001,33414.34966137
hun,2002,39536.16929382
hun,2003,49330.42318012
hun,2004,57809.75264175
hun,2005,66197.24055486
hun,2006,66805.47301236
hun,2007,64680.66199035
hun,2008,66306.31696283
hun,2009,53419.23976347
hun,2010,41407.15419841
hun,2011,43259.69027554
hun,2012,39332.05999541
hun,2013,46221.68664922
hun,2014,47717.50074678
hun,2015,40680.84168878
hun,2016,42830.04125949
irq,2003,0.0
irq,2004,0.0
irq,2005,0.0
irq,2006,0.0
irq,2007,0.0
irq,2008,0.0
irq,2009,0.0
irq,2010,0.0
irq,2011,0.0
irq,2012,1.80006627
irq,2013,2.09543713
irq,2014,1.74255444
irq,2015,1.2736861
irq,2016,0.0
isr,2000,1525.65627441
isr,2001,1643.27771956
isr,2002,1662.38612936
isr,2003,1620.38968417
isr,2004,1642.82143672
isr,2005,1710.64872419
isr,2006,1859.00928927
isr,2007,1943.75448255
isr,2008,2053.70691562
isr,2009,2063.04576497
isr,2010,2193.52140242
isr,2011,2300.76892242
isr,2012,2353.26054132
isr,2013,2419.35122978
isr,2014,2492.02620871
isr,2015,2576.83413588
isr,2016,2675.47121351
irl,2000,4.99876868
irl,2001,6.07944676
irl,2002,6.99644605
irl,2003,7.71493026
irl,2004,8.41115873
irl,2005,9.50267034
irl,2006,9.78405729
irl,2007,10.69182738
irl,2008,11.57541278
irl,2009,11.57391228
irl,2010,11.22762846
irl,2011,10.96550096
irl,2012,9.79019181
irl,2013,12.1949447
irl,2014,11.34921942
irl,2015,12.84925027
irl,2016,13.51653285
jor,2000,5.2908705
jor,2001,5.9690204
jor,2002,7.37590326
jor,2003,7.22653941
jor,2004,7.76790932
jor,2005,9.45028894
jor,2006,9.09974534
jor,2007,11.78713849
jor,2008,28.96843704
jor,2009,43.54126216
jor,2010,39.95884378
jor,2011,45.14885459
jor,2012,9.50882776
jor,2013,12.00456792
jor,2014,12.94086049
jor,2015,10.04443352
jor,2016,9.64682725
kwt,2000,0.0
kwt,2001,0.0
kwt,2002,0.0
kwt,2003,0.0
kwt,2004,0.0
kwt,2005,0.0
kwt,2006,0.0
kwt,2007,0.0
kwt,2008,0.0
kwt,2009,0.0
kwt,2010,0.0
kwt,2011,0.0
kwt,2012,0.0
kwt,2013,0.0
kwt,2014,0.0
kwt,2015,0.0
kwt,2016,0.0
lao,2000,1184.15759023
lao,2001,1415.44071475
lao,2002,2079.03082128
lao,2003,2855.19394027
lao,2004,3756.83741408
lao,2005,3864.24111566
lao,2006,4404.7656666
lao,2007,3762.0121227
lao,2008,2702.43030068
lao,2009,3441.75233833
lao,2010,4662.91293612
lao,2011,2547.9225525
lao,2012,4135.81421095
lao,2013,5020.05330895
lao,2014,6547.39102718
lao,2015,7444.05317898
lao,2016,10705.4436541
ltu,2000,112.20030164
ltu,2001,115.64811012
ltu,2002,121.48610231
ltu,2003,129.6870503
ltu,2004,123.9366334
ltu,2005,139.23224635
ltu,2006,175.97751863
ltu,2007,221.55562046
ltu,2008,288.91987538
ltu,2009,250.27055955
ltu,2010,191.8338519
ltu,2011,239.635957
ltu,2012,257.07254843
ltu,2013,274.02507071
ltu,2014,297.24730256
ltu,2015,324.3683723
ltu,2016,357.10067099
mng,2000,2766.03760862
mng,2001,4843.38327731
mng,2002,6894.69515567
mng,2003,5970.70272364
mng,2004,6587.79422902
mng,2005,7509.93550139
mng,2006,8551.01582191
mng,2007,8453.14269562
mng,2008,15718.96176498
mng,2009,18448.4278653
mng,2010,25031.43073234
mng,2011,28839.11281129
mng,2012,34739.89845795
mng,2013,35938.6329919
mng,2014,50882.02842668
mng,2015,49251.5754898
mng,2016,52427.17097962
mli,2000,53.61201857
mli,2001,31.87742634
mli,2002,36.34355017
mli,2003,32.4861176
mli,2004,48.41870169
mli,2005,59.24014398
mli,2006,72.43583982
mli,2007,88.53260162
mli,2008,108.21514517
mli,2009,132.36295791
mli,2010,162.06476112000001
mli,2011,198.65640046
mli,2012,243.73229381
mli,2013,299.19009908
mli,2014,712.86865575
mli,2015,1118.16663578
mli,2016,1619.59661494
fsm,2000,34.19102316
fsm,2001,33.37647553
fsm,2002,31.48088949
fsm,2003,41.40915219
fsm,2004,46.16924852
fsm,2005,60.62375231
fsm,2006,62.23269369
fsm,2007,59.78416034
fsm,2008,59.21820862
fsm,2009,57.13736052
fsm,2010,56.59357628
fsm,2011,64.19395369
fsm,2012,67.51012048
fsm,2013,70.05872596
fsm,2014,70.54178724
fsm,2015,75.12469239
fsm,2016,82.26608346
npl,2000,0.0
npl,2001,0.0
npl,2002,0.0
npl,2003,0.0
npl,2004,0.0
npl,2005,0.0
npl,2006,0.0
npl,2007,0.0
npl,2008,0.0
npl,2009,0.0
npl,2010,0.0
npl,2011,0.0
npl,2012,0.0
npl,2013,0.0
npl,2014,0.0
npl,2015,0.0
npl,2016,0.0
phl,2000,102.18846476
phl,2001,112.35192505
phl,2002,120.30455037
phl,2003,135.44807822
phl,2004,144.59132144
phl,2005,167.82477369
phl,2006,157.18770785
phl,2007,140.37284241
phl,2008,150.67212063
phl,2009,179.65066674
phl,2010,200.28540023
phl,2011,220.38606943
phl,2012,247.9733787
phl,2013,242.25642254
phl,2014,296.89050942
phl,2015,245.57764381
phl,2016,242.01289792
pol,2000,576.40969165
pol,2001,665.36233984
pol,2002,734.77593707
pol,2003,743.6118374
pol,2004,769.76990085
pol,2005,845.68775196
pol,2006,912.71261781
pol,2007,1040.00282703
pol,2008,1225.89528875
pol,2009,1398.75838196
pol,2010,1449.60322713
pol,2011,1516.90427511
pol,2012,1539.40253127
pol,2013,1629.28480723
pol,2014,1671.57019586
pol,2015,1765.31832902
pol,2016,1848.70689336
rou,2000,101.73221273
rou,2001,148.90421558
rou,2002,206.27409283
rou,2003,327.72771253
rou,2004,375.79830372
rou,2005,470.80181533
rou,2006,555.44403635
rou,2007,668.74137319
rou,2008,837.06406537
rou,2009,828.09031779
rou,2010,750.75050784
rou,2011,713.34708133
rou,2012,733.32100329
rou,2013,733.01476227
rou,2014,847.37409106
rou,2015,953.67655547
rou,2016,1075.42694552
sgp,2000,24.89396928
sgp,2001,19.51662433
sgp,2002,19.69811251
sgp,2003,63.06199028
sgp,2004,61.8792963
sgp,2005,80.9411268
sgp,2006,90.05201976
sgp,2007,81.68889862
sgp,2008,113.39530817
sgp,2009,63.58329632
sgp,2010,76.75370209
sgp,2011,93.62070747
sgp,2012,113.11648712
sgp,2013,131.72123414
sgp,2014,162.73990021
sgp,2015,201.3827394
sgp,2016,262.61314716
svk,2000,166.99461995
svk,2001,182.78748303
svk,2002,204.91498402
svk,2003,222.31803262
svk,2004,259.83345859
svk,2005,254.28861587
svk,2006,301.04131973
svk,2007,352.48620946
svk,2008,415.43278419
svk,2009,404.51597666
svk,2010,389.92208821
svk,2011,424.92933503
svk,2012,423.37695244
svk,2013,457.11591602
svk,2014,510.00049209
svk,2015,506.92867097
svk,2016,546.9051963
wsm,2000,0.0
wsm,2001,0.0
wsm,2002,0.0
wsm,2003,0.0
wsm,2004,0.0
wsm,2005,0.0
wsm,2006,0.0
wsm,2007,0.0
wsm,2008,0.0
wsm,2009,0.0
wsm,2010,0.0
wsm,2011,0.0
wsm,2012,0.0
wsm,2013,0.0
wsm,2014,0.0
wsm,2015,0.0
wsm,2016,0.0
sen,2000,480.04335494
sen,2001,550.83148182
sen,2002,548.21043702
sen,2003,614.54974221
sen,2004,694.34196966
sen,2005,462.06533558
sen,2006,544.63607154
sen,2007,440.72050187
sen,2008,491.58072255
sen,2009,486.37930758
sen,2010,508.87444821
sen,2011,566.1347469
sen,2012,579.87114911
sen,2013,1075.17689673
sen,2014,1310.96896592
sen,2015,1360.84646269
sen,2016,1481.63203929
swz,2000,0.0
swz,2001,0.0
swz,2002,0.0
swz,2003,0.0
swz,2004,0.0
swz,2005,0.0
swz,2006,0.0
swz,2007,0.0
swz,2008,0.0
swz,2009,0.0
swz,2010,0.0
swz,2011,0.0
swz,2012,0.0
swz,2013,0.0
swz,2014,0.0
swz,2015,0.0
swz,2016,0.0
zaf,2000,0.0
zaf,2001,0.0
zaf,2002,0.0
zaf,2003,0.0
zaf,2004,0.0
zaf,2005,0.0
zaf,2006,0.0
zaf,2007,0.0
zaf,2008,0.0
zaf,2009,0.0
zaf,2010,0.0
zaf,2011,0.0
zaf,2012,0.0
zaf,2013,0.0
zaf,2014,0.0
zaf,2015,0.0
zaf,2016,0.0
tha,2000,96.17884908
tha,2001,121.01177209
tha,2002,119.2920643
tha,2003,137.79190789
tha,2004,155.82542082
tha,2005,204.69963762
tha,2006,223.99859116
tha,2007,230.56889795
tha,2008,249.77639447
tha,2009,285.87359859
tha,2010,298.30450199
tha,2011,314.18864439
tha,2012,370.12422281
tha,2013,372.5516309
tha,2014,411.75152198
tha,2015,436.85519442
tha,2016,471.02216612
tun,2000,25.96153063
tun,2001,30.0182826
tun,2002,34.73938108
tun,2003,40.21877952
tun,2004,46.55316178
tun,2005,50.23567476
tun,2006,58.50629778
tun,2007,68.08941328
tun,2008,79.1610786
tun,2009,91.99727504
tun,2010,107.02643793
tun,2011,124.38165074
tun,2012,144.09577935
tun,2013,169.55429169
tun,2014,164.64721712
tun,2015,163.29211957
tun,2016,165.91764031
btn,2000,0.0
btn,2001,0.0
btn,2002,0.0
btn,2003,0.0
btn,2004,0.0
btn,2005,0.0
btn,2006,0.0
btn,2007,0.0
btn,2008,0.0
btn,2009,0.0
btn,2010,0.0
btn,2011,0.0
btn,2012,0.0
btn,2013,0.0
btn,2014,0.0
btn,2015,0.0
btn,2016,0.0
bgd,2000,0.0
bgd,2001,0.0
bgd,2002,0.0
bgd,2003,0.0
bgd,2004,0.0
bgd,2005,0.0
bgd,2006,0.0
bgd,2007,0.0
bgd,2008,0.0
bgd,2009,0.0
bgd,2010,0.0
bgd,2011,0.0
bgd,2012,0.0
bgd,2013,0.0
bgd,2014,0.0
bgd,2015,0.0
bgd,2016,0.0
tur,2000,28.21152097
tur,2001,46.43763127
tur,2002,72.21337827
tur,2003,93.55815802
tur,2004,121.57761206
tur,2005,117.32218558
tur,2006,164.53104671
tur,2007,164.58438944
tur,2008,220.42708612
tur,2009,214.98178035
tur,2010,248.50696658
tur,2011,324.27188024
tur,2012,362.54317042
tur,2013,427.4638085
tur,2014,465.13320650000003
tur,2015,524.93833258
tur,2016,576.60302051
uga,2000,0.0
uga,2001,0.0
uga,2002,0.0
uga,2003,0.0
uga,2004,0.0
uga,2005,0.0
uga,2006,0.0
uga,2007,0.0
uga,2008,0.0
uga,2009,0.0
uga,2010,0.0
uga,2011,0.0
uga,2012,0.0
uga,2013,0.0
uga,2014,0.0
uga,2015,0.0
uga,2016,0.0
ind,2000,5.82177691
ind,2001,6.27081588
ind,2002,7.47353736
ind,2003,7.5031248
ind,2004,7.60663935
ind,2005,8.34501537
ind,2006,8.5773076
ind,2007,9.66280717
ind,2008,11.88008158
ind,2009,16.74410004
ind,2010,22.1255013
ind,2011,27.43929485
ind,2012,39.58999581
ind,2013,63.50421898
ind,2014,51.2621337
ind,2015,68.43424029
ind,2016,75.60387207
cze,2000,8222.22279797
cze,2001,9121.93079324
cze,2002,10146.15888817
cze,2003,11142.26085537
cze,2004,12114.81819456
cze,2005,12808.17167973
cze,2006,12771.32835243
cze,2007,13394.14002698
cze,2008,14462.33242179
cze,2009,16588.39480722
cze,2010,15523.25863309
cze,2011,16246.10191675
cze,2012,16327.43635454
cze,2013,16547.48694606
cze,2014,16859.11645066
cze,2015,16941.1766786
cze,2016,17307.58294703
isl,2000,0.0
isl,2001,0.0
isl,2002,0.0
isl,2003,0.0
isl,2004,0.0
isl,2005,0.0
isl,2006,0.0
isl,2007,0.0
isl,2008,0.0
isl,2009,0.0
isl,2010,0.0
isl,2011,0.0
isl,2012,0.0
isl,2013,0.0
isl,2014,0.0
isl,2015,0.0
isl,2016,0.0
mys,2000,3.62027858
mys,2001,3.98894346
mys,2002,4.28384271
mys,2003,4.70521274
mys,2004,5.53038441
mys,2005,6.10052623
mys,2006,5.76193011
mys,2007,6.32293548
mys,2008,5.0514644
mys,2009,5.0630234
mys,2010,6.03044455
mys,2011,6.83369392
mys,2012,7.34711861
mys,2013,8.77912017
mys,2014,10.25064926
mys,2015,8.48284426
mys,2016,9.94636408
moz,2000,0.41392743
moz,2001,0.6294886
moz,2002,0.66011544
moz,2003,0.71171701
moz,2004,0.75511432
moz,2005,0.9564084
moz,2006,1.05785075
moz,2007,1.24990308
moz,2008,1.43007891
moz,2009,1.59887346
moz,2010,1.75676569
moz,2011,1.90427271
moz,2012,2.04193654
moz,2013,2.44517625
moz,2014,3.26167843
moz,2015,2.92138259
moz,2016,3.0373865
tjk,2000,0.0
tjk,2001,0.0
tjk,2002,0.0
tjk,2003,0.0
tjk,2004,0.0
tjk,2005,0.0
tjk,2006,0.0
tjk,2007,0.0
tjk,2008,0.0
tjk,2009,0.0
tjk,2010,0.0
tjk,2011,0.0
tjk,2012,0.0
tjk,2013,0.0
tjk,2014,0.0
tjk,2015,0.0
tjk,2016,0.0
esp,2000,55.448231
esp,2001,59.16556633
esp,2002,62.9945775
esp,2003,76.95774283
esp,2004,83.05059215
esp,2005,88.08793483
esp,2006,93.35909356
esp,2007,95.37813679
esp,2008,97.66235209
esp,2009,96.46254603
esp,2010,99.34706157
esp,2011,98.37668765
esp,2012,95.1529788
esp,2013,96.49997036
esp,2014,97.31823258
esp,2015,101.66947742
esp,2016,103.06369071
aus,2000,0.0
aus,2001,0.0
aus,2002,0.0
aus,2003,0.0
aus,2004,0.0
aus,2005,0.0
aus,2006,0.0
aus,2007,0.0
aus,2008,0.0
aus,2009,0.0
aus,2010,0.0
aus,2011,0.0
aus,2012,0.0
aus,2013,0.0
aus,2014,0.0
aus,2015,0.0
brn,2000,0.0
brn,2001,0.0
brn,2002,0.0
brn,2003,0.0
brn,2004,0.0
brn,2005,0.0
brn,2006,0.0
brn,2007,0.0
brn,2008,0.0
brn,2009,0.0
brn,2010,0.0
brn,2011,0.0
brn,2012,0.0
brn,2013,0.0
brn,2014,0.0
brn,2015,0.0
brn,2016,0.0
khm,2000,0.0
khm,2001,0.0
khm,2002,0.0
khm,2003,0.0
khm,2004,0.0
khm,2005,0.0
khm,2006,0.0
khm,2007,73.48267597
khm,2008,88.32529124
khm,2009,84.45581499
khm,2010,145.57536163
khm,2011,141.49237379
khm,2012,0.0
khm,2013,0.0
khm,2014,0.0
khm,2015,343.63240275
khm,2016,591.8399327
chn,2000,9.70231452
chn,2001,18.90873662
chn,2002,30.46261796
chn,2003,46.99747045
chn,2004,62.95704011
chn,2005,78.64513055
chn,2006,94.75813332
chn,2007,116.04240186
chn,2008,169.91743804
chn,2009,225.78434127
chn,2010,271.24663209
chn,2011,333.53141067
chn,2012,417.05361446
chn,2013,500.59421557
chn,2014,597.19627838
chn,2015,633.82228579
chn,2016,719.60222216
ita,2000,1.68647324
ita,2001,3.7218649
ita,2002,1.35117334
ita,2003,1.33028753
ita,2004,1.44358119
ita,2005,2.0216069
ita,2006,1.96334355
ita,2007,2.21559095
ita,2008,2.8302108
ita,2009,4.23724605
ita,2010,3.59857215
ita,2011,6.24950623
ita,2012,6.80201017
ita,2013,8.47780976
ita,2014,7.3047139
ita,2015,7.48409277
ita,2016,6.52759257
cok,2000,0.0
cok,2001,0.0
cok,2002,0.0
cok,2003,0.0
cok,2004,0.0
cok,2005,0.0
cok,2006,0.0
cok,2007,0.0
cok,2008,0.0
cok,2009,0.0
cok,2010,0.0
cok,2011,0.0
cok,2012,0.0
cok,2013,0.0
cok,2014,0.0
cok,2015,0.0
cok,2016,0.0
ken,2000,60.23816577
ken,2001,65.59351594
ken,2002,69.70647855
ken,2003,70.15840708
ken,2004,70.53187962
ken,2005,70.8282017
ken,2006,71.05059008
ken,2007,109.95466446
ken,2008,146.6949946
ken,2009,181.37517713
ken,2010,214.10280019
ken,2011,231.89361366
ken,2012,248.62561381
ken,2013,264.37087343
ken,2014,280.98525195
ken,2015,296.66527447
ken,2016,304.39300487
kgz,2000,28.24791016
kgz,2001,26.8005215
kgz,2002,33.46232693
kgz,2003,57.25949665
kgz,2004,62.5256926
kgz,2005,67.58114663
kgz,2006,86.6049119
kgz,2007,116.9619941
kgz,2008,129.98133514
kgz,2009,163.64647792
kgz,2010,166.71778239
kgz,2011,212.6538676
kgz,2012,268.31802318
kgz,2013,274.63981894
kgz,2014,319.8508771
kgz,2015,251.80082317
kgz,2016,269.92427802
mwi,2000,0.0
mwi,2001,0.0
mwi,2002,0.0
mwi,2003,0.0
mwi,2004,0.0
mwi,2005,0.0
mwi,2006,0.0
mwi,2007,0.0
mwi,2008,0.0
mwi,2009,0.0
mwi,2010,0.0
mwi,2011,0.0
mwi,2012,0.0
mwi,2013,0.0
mwi,2014,0.0
mwi,2015,0.0
mwi,2016,0.0
mus,2000,0.0
mus,2001,0.0
mus,2002,0.0
mus,2003,0.0
mus,2004,0.0
mus,2005,0.0
mus,2006,0.0
mus,2007,0.0
mus,2008,0.0
mus,2009,0.0
mus,2010,0.0
mus,2011,0.0
mus,2012,0.0
mus,2013,0.0
mus,2014,0.0
mus,2015,0.0
mus,2016,0.0
nam,2000,0.0
nam,2001,0.0
nam,2002,0.0
nam,2003,0.0
nam,2004,0.0
nam,2005,0.0
nam,2006,0.0
nam,2007,0.0
nam,2008,0.0
nam,2009,0.0
nam,2010,0.0
nam,2011,0.0
nam,2012,0.0
nam,2013,0.0
nam,2014,0.0
nam,2015,0.0
nam,2016,0.0
mco,2000,1167.25853656
mco,2001,1224.13395396
mco,2002,1273.61040485
mco,2003,1524.00905869
mco,2004,1608.28969022
mco,2005,1634.15411328
mco,2006,1650.74744652
mco,2007,1667.33720145
mco,2008,1820.59796726
mco,2009,1894.26875951
mco,2010,1973.30032162
mco,2011,1964.44382217
mco,2012,2047.08678506
mco,2013,2159.08377446
mco,2014,2246.68677226
mco,2015,2302.01477537
mco,2016,1976.04457259
nld,2000,956.13376233
nld,2001,1055.12854221
nld,2002,1156.91209599
nld,2003,1279.4594877
nld,2004,1306.36756987
nld,2005,1496.63277091
nld,2006,1501.69172987
nld,2007,1545.39906484
nld,2008,1685.50313157
nld,2009,1740.08044388
nld,2010,1815.81038492
nld,2011,1885.87637119
nld,2012,1945.14752648
nld,2013,2055.90148075
nld,2014,2130.49989796
nld,2015,1936.58777885
nld,2016,1962.91673728
nga,2006,66.93076212
nga,2007,89.99158459
nga,2008,134.15124799
nga,2009,124.01424563
nga,2010,130.53970872
nga,2011,144.87219798
nga,2012,203.62918743
nga,2013,185.40143878
nga,2014,167.27454397
nga,2015,204.63435875
nga,2016,200.60445302
pak,2000,6.52908128
pak,2001,7.02778568
pak,2002,7.27621007
pak,2003,7.80295375
pak,2004,8.84293375
pak,2005,9.9827475
pak,2006,11.47083963
pak,2007,13.7308
pak,2008,13.41932431
pak,2009,16.18980425
pak,2010,17.78844256
pak,2011,21.73847333
pak,2012,25.51267995
pak,2013,29.36505309
pak,2014,33.0537522
pak,2015,35.34364235
pak,2016,37.80987874
plw,2011,34.41919511
plw,2012,118.7326332
plw,2013,180.4042543
plw,2014,223.11652603
plw,2015,246.10456595
plw,2016,251.5601544
rwa,2000,89.58716763
rwa,2001,133.71547851
rwa,2002,176.72267922
rwa,2003,426.92988897
rwa,2004,459.44192229
rwa,2005,489.02920945
rwa,2006,515.1622004
rwa,2007,956.43289618
rwa,2008,1372.9396451
rwa,2009,1766.14878664
rwa,2010,2138.66654642
rwa,2011,2492.13819849
rwa,2012,2827.03140754
rwa,2013,3144.40809055
rwa,2014,3445.13393213
rwa,2015,3730.08304085
rwa,2016,3829.44151785
qat,2011,0.0
qat,2012,0.0
qat,2013,0.0
qat,2014,0.0
qat,2016,0.0
tgo,2000,0.0
tgo,2001,0.0
tgo,2002,0.0
tgo,2003,0.0
tgo,2004,0.0
tgo,2005,0.0
tgo,2006,0.0
tgo,2007,0.0
tgo,2008,0.0
tgo,2009,0.0
tgo,2010,0.0
tgo,2011,0.0
tgo,2012,471.31838818
tgo,2013,881.89970279
tgo,2014,1205.06031209
tgo,2015,560.2057339
tgo,2016,856.85729468
svn,2000,498.16876435
svn,2001,553.88096741
svn,2002,642.70651856
svn,2003,701.90517477
svn,2004,740.05417362
svn,2005,784.43516482
svn,2006,821.05461745
svn,2007,859.67342677
svn,2008,1004.88609883
svn,2009,1021.90684286
svn,2010,1015.35745432
svn,2011,1026.80705972
svn,2012,999.40587941
svn,2013,987.01943558
svn,2014,1006.49851898
svn,2015,1061.99748506
svn,2016,1105.5204274
vut,2000,0.0
vut,2001,0.0
vut,2002,0.0
vut,2003,0.0
vut,2004,0.0
vut,2005,0.0
vut,2006,0.0
vut,2007,0.0
vut,2008,0.0
vut,2009,0.0
vut,2010,0.0
vut,2011,0.0
vut,2012,0.0
vut,2013,0.0
vut,2014,0.0
vut,2015,0.0
vut,2016,0.0
