country,year,sha11_fs_3_million_current_us
bhs,2010,9.0
bhs,2011,6.0
bhs,2012,7.0
bhs,2013,12.0
bhs,2014,20.0
bhs,2015,21.0
bhs,2016,24.0
atg,2000,0.0
atg,2001,0.0
atg,2002,0.0
atg,2003,0.0
atg,2004,0.0
atg,2005,0.0
atg,2006,0.0
atg,2007,0.0
atg,2008,5.18518519
atg,2009,4.81481481
atg,2010,6.66666667
atg,2011,5.18021075
atg,2012,5.51676482
atg,2013,5.42535922
atg,2014,5.78123617
atg,2015,6.15005105
atg,2016,6.6235455
arg,2000,8226.70204602
arg,2001,7814.63270935
arg,2002,2604.46334554
arg,2003,2978.35235209
arg,2004,3361.93711908
arg,2005,4304.86272227
arg,2006,5174.50805547
arg,2007,6697.4644524
arg,2008,9156.48494238
arg,2009,10931.65650974
arg,2010,13811.32310267
arg,2011,17468.74349216
arg,2012,20931.22493621
arg,2013,22132.78112354
arg,2014,21123.63212245
arg,2015,25214.23436101
arg,2016,17075.923816
brb,2000,0.36
brb,2001,0.325
brb,2002,0.215
brb,2003,0.18340042
brb,2004,0.18253666
brb,2005,0.18919775
brb,2006,0.2
brb,2007,0.35
brb,2008,0.35
brb,2009,0.25
brb,2010,0.35
brb,2011,0.3
brb,2012,0.24
brb,2013,0.2
brb,2014,0.2
brb,2015,0.2
brb,2016,0.2
blz,2000,0.0
blz,2001,0.0
blz,2002,0.0
blz,2003,0.0
blz,2004,0.0
blz,2005,0.0
blz,2006,0.0
blz,2007,0.0
blz,2008,0.0
blz,2009,0.0
blz,2010,0.0
blz,2011,0.0
blz,2012,0.0
blz,2013,0.0
blz,2014,0.0
blz,2015,0.0
blz,2016,0.0
bra,2000,0.0
bra,2001,0.0
bra,2002,0.0
bra,2003,0.0
bra,2004,0.0
bra,2005,0.0
bra,2006,0.0
bra,2007,0.0
bra,2008,0.0
bra,2009,0.0
bra,2010,0.0
bra,2011,0.0
bra,2012,0.0
bra,2013,0.0
bra,2014,0.0
bra,2015,0.0
bra,2016,0.0
bol,2000,117.31536865
bol,2001,125.40866722
bol,2002,120.40691167
bol,2003,125.3958055
bol,2004,124.47875764
bol,2005,144.17987015
bol,2006,152.97438318
bol,2007,171.61814005
bol,2008,202.69369706
bol,2009,240.01576579
bol,2010,271.8423092
bol,2011,308.73265293
bol,2012,349.51225344
bol,2013,421.32396054
bol,2014,485.77290044
bol,2015,584.75811208
bol,2016,624.56500937
can,2000,879.34361764
can,2001,906.62471485
can,2002,943.98203551
can,2003,1218.53649972
can,2004,1396.06416201
can,2005,1592.1042316
can,2006,1816.36213452
can,2007,2001.74751117
can,2008,2194.82306193
can,2009,2102.54212008
can,2010,2435.43788701
can,2011,2552.74872642
can,2012,2696.5596064
can,2013,2759.60116411
can,2014,2628.72692918
can,2015,2347.72707017
can,2016,2318.02839482
chl,2000,760.60087975
chl,2001,723.63392629
chl,2002,752.51556757
chl,2003,845.42249574
chl,2004,1053.18011796
chl,2005,1363.90733653
chl,2006,1601.49356466
chl,2007,1872.33701713
chl,2008,2100.14895733
chl,2009,2130.47324412
chl,2010,2542.08352289
chl,2011,2988.45797991
chl,2012,3363.04112886
chl,2013,3608.7802894
chl,2014,3375.3905877
chl,2015,3185.58519854
chl,2016,3325.50893527
cod,2000,0.0
cod,2001,0.0
cod,2002,0.0
cod,2003,0.0
cod,2004,0.0
cod,2005,0.0
cod,2006,0.0
cod,2007,0.0
cod,2008,0.0
cod,2009,0.0
cod,2010,0.0
cod,2015,10.034998
cod,2016,7.403812
col,2000,2859.86849089
col,2001,3091.2466036
col,2002,3002.57908836
col,2003,3160.56089742
col,2004,3471.09862392
col,2005,4449.08247741
col,2006,5304.323645
col,2007,6644.46110626
col,2008,8230.15008376
col,2009,8987.21506957
col,2010,10562.08795366
col,2011,11205.32801981
col,2012,11890.03678576
col,2013,9365.16503375
col,2014,6958.49479338
col,2015,5492.14309314
col,2016,5382.70467225
dma,2000,0.0
dma,2001,0.0
dma,2002,0.0
dma,2003,0.0
dma,2004,0.0
dma,2005,0.0
dma,2006,0.0
dma,2007,0.0
dma,2008,0.0
dma,2009,0.0
dma,2010,0.0
dma,2011,0.0
dma,2012,0.0
dma,2013,0.0
dma,2014,0.0
dma,2015,0.0
dma,2016,0.0
cri,2000,632.82127842
cri,2001,676.30840092
cri,2002,759.11907002
cri,2003,796.43664975
cri,2004,812.60531345
cri,2005,852.88937523
cri,2006,958.35152997
cri,2007,1144.96110446
cri,2008,1399.06289239
cri,2009,1541.88023425
cri,2010,1976.39326176
cri,2011,2309.19100757
cri,2012,2358.40504289
cri,2013,2594.47164871
cri,2014,2554.13772729
cri,2015,2862.99140553
cri,2016,2851.30111522
ecu,2000,77.0
ecu,2001,122.0
ecu,2002,148.0
ecu,2003,153.0
ecu,2004,147.0
ecu,2005,117.0
ecu,2006,156.0
ecu,2007,394.0
ecu,2008,438.0
ecu,2009,611.0
ecu,2010,948.0
ecu,2011,1475.0
ecu,2012,1780.0
ecu,2013,1798.0
ecu,2014,2277.06
ecu,2015,1803.61
ecu,2016,1733.37
dom,2000,63.7526005
dom,2001,68.082002
dom,2002,61.23647052
dom,2003,44.28052659
dom,2004,25.60641224
dom,2005,35.2663882
dom,2006,31.57544087
dom,2007,101.28524206
dom,2008,339.26936041
dom,2009,417.42754062
dom,2010,539.31506305
dom,2011,591.44855034
dom,2012,660.62200061
dom,2013,685.56021178
dom,2014,739.94461383
dom,2015,786.60742696
dom,2016,886.34528566
slv,2000,234.0
slv,2001,230.0
slv,2002,260.0
slv,2003,267.0
slv,2004,288.0
slv,2005,336.0
slv,2006,400.0
slv,2007,360.0
slv,2008,368.0
slv,2009,363.0
slv,2010,387.0
slv,2011,425.0
slv,2012,433.0
slv,2013,449.0
slv,2014,475.0
slv,2015,512.0
slv,2016,535.0
grd,2000,0.0
grd,2001,0.0
grd,2002,0.0
grd,2003,0.0
grd,2004,0.0
grd,2005,0.0
grd,2006,0.0
grd,2007,0.0
grd,2008,0.0
grd,2009,0.0
grd,2010,0.0
grd,2011,0.0
grd,2012,0.0
grd,2013,0.0
grd,2014,0.0
grd,2015,0.0
grd,2016,0.0
gtm,2000,167.78496607
gtm,2001,187.08085133
gtm,2002,223.09335981
gtm,2003,244.77684474
gtm,2004,270.36681514
gtm,2005,251.88171702
gtm,2006,284.07695161
gtm,2007,294.06099321
gtm,2008,349.93467767
gtm,2009,364.66148472
gtm,2010,402.59953926
gtm,2011,443.96269485
gtm,2012,493.96151285
gtm,2013,579.30302472
gtm,2014,652.498416
gtm,2015,541.3034688
gtm,2016,739.59521848
guy,2000,2.12684317
guy,2001,2.17274284
guy,2002,2.4230981
guy,2003,2.20241217
guy,2004,2.46082473
guy,2005,2.53658537
guy,2006,2.83233289
guy,2007,3.34080127
guy,2008,3.72728761
guy,2009,3.31944104
guy,2010,2.98572206
guy,2011,3.15169042
guy,2012,3.34216858
guy,2013,3.13543471
guy,2014,3.22597572
guy,2015,3.3220339
guy,2016,3.77239709
hti,2000,1.08481432
hti,2001,0.91041161
hti,2002,1.52069426
hti,2003,1.57485646
hti,2004,2.31961845
hti,2005,2.74923588
hti,2006,3.30235151
hti,2007,4.78485225
hti,2008,5.60785591
hti,2009,6.36549199
hti,2010,7.66824849
hti,2011,8.59045945
hti,2012,9.32170555
hti,2013,9.98500875
hti,2014,10.75461504
hti,2015,11.08213343
hti,2016,9.10669735
hnd,2000,31.87197305
hnd,2001,35.53700452
hnd,2002,42.8908863
hnd,2003,60.33715618
hnd,2004,71.61008747
hnd,2005,91.3322427
hnd,2006,102.72445617
hnd,2007,126.85828601
hnd,2008,138.33146731
hnd,2009,150.99975399
hnd,2010,145.84652578
hnd,2011,170.95605966
hnd,2012,207.39146004
hnd,2013,201.80885107
hnd,2014,212.74914544
hnd,2015,192.47966808
hnd,2016,219.29695499
jam,2000,0.0
jam,2001,0.0
jam,2002,0.0
jam,2003,0.0
jam,2004,15.83405777
jam,2005,16.05633463
jam,2006,18.05491866
jam,2007,20.16124316
jam,2008,19.1323892
jam,2009,14.50608986
jam,2010,19.17516144
jam,2011,26.45168207
jam,2012,25.04762278
jam,2013,26.65574483
jam,2014,26.90776283
jam,2015,29.97495496
jam,2016,31.56000552
kor,2000,6763.84794124
kor,2001,8677.93903311
kor,2002,9453.75933195
kor,2003,11349.91784704
kor,2004,13097.90312372
kor,2005,16113.24567016
kor,2006,20252.06020774
kor,2007,24112.56514552
kor,2008,21955.30085895
kor,2009,21445.72326634
kor,2010,27201.06997862
kor,2011,30611.62729938
kor,2012,31632.52008458
kor,2013,34703.99822899
kor,2014,38351.0338908
kor,2015,38563.55364498
kor,2016,42009.27033358
mkd,2000,145.06616137
mkd,2001,137.55867035
mkd,2002,153.72043303
mkd,2003,205.55543271
mkd,2004,220.87353082
mkd,2005,229.58930219
mkd,2006,241.29164531
mkd,2007,274.90202044
mkd,2008,344.77734225
mkd,2009,317.12809163
mkd,2010,313.28579794
mkd,2011,338.25147849
mkd,2012,322.22363753
mkd,2013,379.61857044
mkd,2014,370.81849614
mkd,2015,330.93007138
mkd,2016,354.85956469
nic,2000,39.73387239
nic,2001,47.56227747
nic,2002,43.85557055
nic,2003,49.19017177
nic,2004,58.66759681
nic,2005,57.25100903
nic,2006,59.81787672
nic,2007,78.05510037
nic,2008,82.90360252
nic,2009,107.47569746
nic,2010,129.42226685
nic,2011,140.33901273
nic,2012,173.90998919
nic,2013,171.84991819
nic,2014,195.3508788
nic,2015,237.45555457
nic,2016,288.84272652
mex,2000,7816.03777442
mex,2001,8762.32933381
mex,2002,9158.68206329
mex,2003,9619.34604034
mex,2004,11061.89760502
mex,2005,10978.23428279
mex,2006,11734.10503492
mex,2007,13020.81525009
mex,2008,13413.86073
mex,2009,11893.20373453
mex,2010,14035.01253208
mex,2011,15879.4426363
mex,2012,16714.78600975
mex,2013,18809.04903918
mex,2014,17281.48919209
mex,2015,16021.04129114
mex,2016,14086.16257791
mda,2000,0.0
mda,2001,0.0
mda,2002,0.0
mda,2003,0.07171089
mda,2004,26.40328312
mda,2005,35.09326666
mda,2006,42.45639506
mda,2007,69.30713459
mda,2008,116.58014894
mda,2009,128.01136362
mda,2010,121.09675791
mda,2011,140.7517031
mda,2012,150.78324951
mda,2013,158.87384831
mda,2014,173.68665256
mda,2015,152.20459029
mda,2016,163.19384366
pan,2000,227.18
pan,2001,241.98
pan,2002,263.44
pan,2003,267.88
pan,2004,277.6258
pan,2005,277.13
pan,2006,303.4
pan,2007,400.847
pan,2008,463.194
pan,2009,517.848953
pan,2010,586.653099
pan,2011,644.228858
pan,2012,651.141977
pan,2013,820.826975
pan,2014,875.484362
pan,2015,920.451103
pan,2016,1117.02699074
nzl,2004,626.77796035
nzl,2005,771.37071535
nzl,2006,817.2712275
nzl,2007,1055.38942069
nzl,2008,1168.8820132
nzl,2009,1163.73712659
nzl,2010,1214.84269733
nzl,2011,1264.01176795
nzl,2012,1297.10828302
nzl,2013,1403.95995434
nzl,2014,1581.2036007
nzl,2015,1487.15354173
nzl,2016,1590.89747829
per,2000,662.25060485
per,2001,706.92306099
per,2002,773.61894243
per,2003,846.3225252
per,2004,890.56447997
per,2005,962.78753341
per,2006,994.1887262
per,2007,1075.02866045
per,2008,1426.19223607
per,2009,1529.63073111
per,2010,1881.70136203
per,2011,2076.3345775
per,2012,2332.33555993
per,2013,2692.11613566
per,2014,2942.36079411
per,2015,2909.56197352
per,2016,2987.976604
pry,2000,109.25685482
pry,2001,79.38698344
pry,2002,44.19866725
pry,2003,50.30500308
pry,2004,58.94014832
pry,2005,67.72170717
pry,2006,83.4833788
pry,2007,106.33573607
pry,2008,152.21534831
pry,2009,169.93556789
pry,2010,199.1869027
pry,2011,293.67372189
pry,2012,352.93571267
pry,2013,350.30483069
pry,2014,463.92291639
pry,2015,411.74995695
pry,2016,430.90858003
kna,2000,0.0542337
kna,2001,0.03582037
kna,2002,0.04778778
kna,2003,0.03339815
kna,2004,0.03972
kna,2005,0.06983667
kna,2006,0.04988704
kna,2007,0.05801037
kna,2008,0.10298222
kna,2009,0.06527704
kna,2010,0.03735519
kna,2011,0.05113704
kna,2012,0.05110444
kna,2013,0.03318852
kna,2014,0.03313741
kna,2015,0.02376037
kna,2016,0.0272478
png,2000,0.0
png,2001,0.0
png,2002,0.0
png,2003,0.0
png,2004,0.0
png,2005,0.0
png,2006,0.0
png,2007,0.0
png,2008,0.0
png,2009,0.0
png,2010,0.0
png,2011,0.0
png,2012,0.0
png,2013,0.0
png,2014,0.0
png,2015,0.0
png,2016,0.0
sur,2000,14.05699213
sur,2001,8.34480727
sur,2002,14.24831582
sur,2003,14.76494217
sur,2004,19.63545902
sur,2005,23.00095418
sur,2006,31.183659
sur,2007,33.45093051
sur,2008,32.80614593
sur,2009,39.43487598
sur,2010,38.89595721
sur,2011,35.67195799
sur,2012,44.40962436
sur,2013,49.38422586
sur,2014,47.98229271
sur,2015,80.2650592
sur,2016,45.59589946
lca,2000,1.11374852
lca,2001,1.11376259
lca,2002,1.11609
lca,2003,1.11997074
lca,2004,1.11619
lca,2005,1.12580993
lca,2006,1.1156363
lca,2007,1.3981063
lca,2008,1.11575376
lca,2009,1.11975068
lca,2010,1.12950667
lca,2011,1.69796889
lca,2012,2.05116296
lca,2013,1.8645863
lca,2014,1.86481222
lca,2015,1.86481222
lca,2016,1.86742222
vct,2000,0.00110319
vct,2001,0.00117326
vct,2002,0.00126499
vct,2003,0.00124103
vct,2004,0.00125884
vct,2005,0.00129331
vct,2006,0.00131762
vct,2007,0.00146974
vct,2008,0.0016263
vct,2009,0.00171274
vct,2010,0.0018033
vct,2011,0.00169164
vct,2012,0.00120296
vct,2013,0.00825
vct,2014,0.00304593
vct,2015,0.00138889
vct,2016,0.00196773
tza,2000,15.15020236
tza,2001,15.51035541
tza,2002,17.74791257
tza,2003,21.61844097
tza,2004,33.3469572
tza,2005,44.46937734
tza,2006,51.18619809
tza,2007,46.80208049
tza,2008,43.85190202
tza,2009,35.33312418
tza,2010,29.26359277
tza,2011,40.33495179
tza,2012,53.95247692
tza,2013,74.5351611
tza,2014,88.93700522
tza,2015,112.67733731
tza,2016,139.68657359
tto,2000,0.01588718
tto,2001,0.01781135
tto,2002,0.02064707
tto,2003,0.02139744
tto,2004,0.02347693
tto,2005,0.03414541
tto,2006,0.03434621
tto,2007,0.01728151
tto,2008,0.01718772
tto,2009,0.04053482
tto,2010,0.01777223
tto,2011,0.01769678
tto,2012,0.01770685
tto,2013,0.01623266
tto,2014,0.03558755
tto,2015,0.01241234
tto,2016,0.01707101
are,2016,0.0
usa,2000,162431.07
usa,2001,167506.264
usa,2002,170208.763
usa,2003,176019.718
usa,2004,188541.256
usa,2005,202314.061
usa,2006,220777.427
usa,2007,234538.434
usa,2008,242281.742
usa,2009,236094.194
usa,2010,241857.478
usa,2011,251537.832
usa,2012,263406.403
usa,2013,281370.2
usa,2014,296831.886
usa,2015,311348.965
usa,2016,326801.108
ven,2000,797.09789305
ven,2001,820.82935465
ven,2002,577.97493432
ven,2003,522.10439085
ven,2004,740.21854202
ven,2005,844.12011006
ven,2006,1079.18025151
ven,2007,1567.76897997
ven,2008,1805.7755007
ven,2009,1500.23288309
ven,2010,2190.1114998
ven,2011,2239.54242238
ven,2012,2803.40194475
ven,2013,2753.29943065
ven,2014,3673.00672033
ven,2015,5864.35823176
ury,2000,385.29381337
ury,2001,393.55376828
ury,2002,262.14360256
ury,2003,253.38458555
ury,2004,239.46331387
ury,2005,232.97901024
ury,2006,338.90683279
ury,2007,360.20271501
ury,2008,501.32963958
ury,2009,577.50110289
ury,2010,779.63816424
ury,2011,1317.78634491
ury,2012,1570.41344226
ury,2013,1883.54348831
ury,2014,1929.79229782
ury,2015,1775.47293839
ury,2016,1897.11762249
eth,2000,0.0
eth,2001,0.0
eth,2002,0.0
eth,2003,0.0
eth,2004,0.0
eth,2005,0.0
eth,2006,0.0
eth,2007,0.0
eth,2008,0.0
eth,2009,0.0
eth,2010,0.0
eth,2011,0.0
eth,2012,0.0
eth,2013,0.0
eth,2014,0.0
eth,2015,0.0
eth,2016,0.0
egy,2000,489.62428536
egy,2001,487.54090108
egy,2002,442.03274284
egy,2003,355.33146752
egy,2004,373.12941023
egy,2005,423.26882613
egy,2006,453.85040236
egy,2007,507.85801773
egy,2008,579.65945697
egy,2009,585.80012102
egy,2010,593.74491123
egy,2011,636.2901845
egy,2012,657.35826557
egy,2013,640.72660318
egy,2014,693.45456991
egy,2015,755.40304989
egy,2016,627.81643422
zwe,2010,0.0
zwe,2011,0.0
zwe,2012,0.0
zwe,2013,0.0
zwe,2014,0.0
zwe,2015,0.0
zwe,2016,0.0
sau,2016,0.0
dza,2000,498.04535952
dza,2001,541.23159653
dza,2002,549.13663654
dza,2003,635.07476914
dza,2004,732.92082973
dza,2005,815.78327118
dza,2006,994.17976474
dza,2007,1273.88702252
dza,2008,1842.7500693
dza,2009,1911.11192387
dza,2010,2177.39980957
dza,2011,2590.59262371
dza,2012,2842.96862024
dza,2013,3240.04198512
dza,2014,3723.05362361
dza,2015,3260.72348702
dza,2016,2859.37612666
vnm,2000,300.23342126
vnm,2001,293.0587807
vnm,2002,366.70429837
vnm,2003,348.89593928
vnm,2004,483.58539496
vnm,2005,588.49937036
vnm,2006,633.04031205
vnm,2007,698.45268397
vnm,2008,922.07442966
vnm,2009,908.75613228
vnm,2010,1290.73510752
vnm,2011,1348.2885276
vnm,2012,1920.17517726
vnm,2013,2687.20877703
vnm,2014,1771.58886949
vnm,2015,2080.52991885
vnm,2016,2589.82529906
bfa,2000,0.16976463
bfa,2001,0.18471885
bfa,2002,0.22749923
bfa,2003,0.27652623
bfa,2004,0.33856466
bfa,2005,0.37348227
bfa,2006,0.56753523
bfa,2007,0.87485955
bfa,2008,1.41094064
bfa,2009,1.49610779
bfa,2010,1.34336414
bfa,2011,0.67622288
bfa,2012,0.70367671
bfa,2013,0.40687555
bfa,2014,0.35227765
bfa,2015,1.47265318
bfa,2016,1.52728081
ago,2000,0.0
ago,2001,0.0
ago,2002,0.0
ago,2003,0.0
ago,2004,0.0
ago,2005,0.0
ago,2006,0.0
ago,2007,0.0
ago,2008,0.0
ago,2009,0.0
ago,2010,0.0
ago,2011,0.0
ago,2012,0.0
ago,2013,0.0
ago,2014,0.0
ago,2015,0.0
ago,2016,0.0
ben,2000,1.23682406
ben,2001,1.27428091
ben,2002,1.43689256
ben,2003,1.64498408
ben,2004,1.8590534
ben,2005,2.09030928
ben,2006,2.05840135
ben,2007,2.90458011
ben,2008,3.1940548
ben,2009,3.71269319
ben,2010,3.01963342
ben,2011,3.5420119
ben,2012,3.57205119
ben,2013,4.19746593
ben,2014,4.76017367
ben,2015,5.54435523
ben,2016,4.8898961
bwa,2000,0.0
bwa,2001,0.0
bwa,2002,0.0
bwa,2003,0.0
bwa,2004,0.0
bwa,2005,0.0
bwa,2006,0.0
bwa,2007,0.0
bwa,2008,0.0
bwa,2009,0.0
bwa,2010,0.0
bwa,2011,0.0
bwa,2012,0.0
bwa,2013,0.0
bwa,2014,0.0
bwa,2015,0.0
bwa,2016,0.0
cpv,2000,6.85359539
cpv,2001,7.52349583
cpv,2002,7.89726169
cpv,2003,9.7660744
cpv,2004,10.8284222
cpv,2005,10.97622172
cpv,2006,12.99955822
cpv,2007,14.81113438
cpv,2008,16.10329641
cpv,2009,15.21826256
cpv,2010,14.95226461
cpv,2011,18.40722002
cpv,2012,18.08805507
cpv,2013,18.22296187
cpv,2014,16.73904225
cpv,2015,14.8242206
cpv,2016,14.55181663
bdi,2000,3.31266101
bdi,2001,3.43905823
bdi,2002,3.06757115
bdi,2003,4.41838643
bdi,2004,5.7666156
bdi,2005,5.717492
bdi,2006,7.17235528
bdi,2007,8.16068212
bdi,2008,12.42735424
bdi,2009,12.64531251
bdi,2010,13.08309714
bdi,2011,15.93959643
bdi,2012,16.65019504
bdi,2013,0.20199463
bdi,2014,27.25720944
bdi,2015,17.91166224
bdi,2016,1.74095219
caf,2000,0.0
caf,2001,0.0
caf,2002,0.0
caf,2003,0.0
caf,2004,0.0
caf,2005,0.0
caf,2006,0.0
caf,2007,0.0
caf,2008,0.0
caf,2009,0.0
caf,2010,0.0
caf,2011,0.0
caf,2012,0.0
caf,2013,0.0
caf,2014,0.0
caf,2015,0.0
caf,2016,0.0
tcd,2000,0.0
tcd,2001,0.0
tcd,2002,0.0
tcd,2003,0.0
tcd,2004,0.0
tcd,2005,0.0
tcd,2006,0.0
tcd,2007,0.0
tcd,2008,0.0
tcd,2009,0.0
tcd,2010,0.0
tcd,2011,0.0
tcd,2012,0.0
tcd,2013,0.0
tcd,2014,0.0
tcd,2015,0.0
tcd,2016,0.0
cog,2000,0.0
cog,2001,0.0
cog,2002,0.0
cog,2003,0.0
cog,2004,0.0
cog,2005,0.0
cog,2006,0.0
cog,2007,0.0
cog,2008,0.0
cog,2009,0.0
cog,2010,0.0
cog,2011,0.0
cog,2012,0.0
cog,2013,0.0
cog,2014,0.0
cog,2015,0.0
cog,2016,0.0
com,2000,0.26873723
com,2001,0.39405749
com,2002,0.49403248
com,2003,0.56718573
com,2004,0.5931546
com,2005,0.62657018
com,2006,0.69799337
com,2007,0.84572632
com,2008,1.12404441
com,2009,1.00363858
com,2010,0.98044641
com,2011,1.10022339
com,2012,1.22989183
com,2013,1.34793553
com,2014,1.35748129
com,2015,1.31147037
com,2016,1.533681
est,2000,192.71660332
est,2001,200.52781786
est,2002,228.88101672
est,2003,302.37327746
est,2004,378.09235638
est,2005,431.07464614
est,2006,488.50760645
est,2007,680.51851734
est,2008,853.64133671
est,2009,803.62928277
est,2010,750.86635878
est,2011,823.55721445
est,2012,836.85085585
est,2013,930.60960567
est,2014,1025.89252664
est,2015,905.06499686
est,2016,968.10411101
gnq,2000,0.0
gnq,2001,0.0
gnq,2002,0.0
gnq,2003,0.0
gnq,2004,0.0
gnq,2005,0.0
gnq,2006,0.0
gnq,2007,0.0
gnq,2008,0.0
gnq,2009,0.0
gnq,2010,0.0
gnq,2011,0.0
gnq,2012,0.0
gnq,2013,0.0
gnq,2014,0.0
gnq,2015,0.0
gnq,2016,0.0
civ,2000,3.45756773
civ,2001,3.20764369
civ,2002,4.05162545
civ,2003,4.86056969
civ,2004,5.60245769
civ,2005,5.81985589
civ,2006,6.44938567
civ,2007,7.56482666
civ,2008,8.85460285
civ,2009,8.74978498
civ,2010,9.01836762
civ,2011,8.48723797
civ,2012,8.03024896
civ,2013,10.85416078
civ,2014,10.59021369
civ,2015,9.54475391
civ,2016,5.37509097
gab,2000,8.42822362
gab,2001,10.74836871
gab,2002,10.51020184
gab,2003,10.62335345
gab,2004,12.45762939
gab,2005,15.11479067
gab,2006,16.51249425
gab,2007,18.55667566
gab,2008,22.58794392
gab,2009,33.92512042
gab,2010,52.29770454
gab,2011,90.82639978
gab,2012,38.44921299
gab,2013,60.30635535
gab,2014,57.53005803
gab,2015,54.39490545
gab,2016,58.30358954
fra,2000,54643.70836216
fra,2001,55304.26076724
fra,2002,61497.30114856
fra,2003,74937.57641355
fra,2004,85805.42680648
fra,2005,88380.08240064
fra,2006,90721.31599052
fra,2007,101605.69359929
fra,2008,110963.41279525
fra,2009,107979.90264544
fra,2010,103893.7023886
fra,2011,110653.11004998
fra,2012,102457.05782134
fra,2013,112597.31710037
fra,2014,111892.82336802
fra,2015,93709.69105837
fra,2016,92424.58307477
grc,2000,2570.0899718
grc,2001,3005.78965736
grc,2002,3347.60087036
grc,2003,4465.96857457
grc,2004,5078.44269369
grc,2005,6011.54056608
grc,2006,6825.64314218
grc,2007,7802.76963421
grc,2008,8482.80660636
grc,2009,10202.22465176
grc,2010,8836.55941037
grc,2011,9030.31187661
grc,2012,6297.10623492
grc,2013,5041.43215443
grc,2014,4252.18015446
grc,2015,3700.9556828
grc,2016,3879.27458561
deu,2000,130172.16678444
deu,2001,130330.82478009
deu,2002,141827.41174079
deu,2003,173454.96899668
deu,2004,185051.49838893
deu,2005,184889.07128289
deu,2006,189038.07481989
deu,2007,216393.07016607
deu,2008,241746.07243564
deu,2009,237804.63239901
deu,2010,225928.25593177
deu,2011,243172.0082574
deu,2012,232962.09401589
deu,2013,256944.41678318
deu,2014,268563.98370241
deu,2015,235095.52946291
deu,2016,243205.18563994
gin,2000,3.45817304
gin,2001,4.02263698
gin,2002,7.51868133
gin,2003,5.83742521
gin,2004,3.36826822
gin,2005,3.42529173
gin,2006,3.00434378
gin,2007,4.31670822
gin,2008,4.96516124
gin,2009,4.15650772
gin,2010,6.17519963
gin,2011,8.40879128
gin,2012,8.87744276
gin,2013,8.5370806
gin,2014,7.61642269
gin,2015,7.76866465
gin,2016,6.51416543
lbn,2000,149.25373134
lbn,2001,157.54560531
lbn,2002,160.68009831
lbn,2003,163.93308138
lbn,2004,167.30903366
lbn,2005,170.81260365
lbn,2006,261.59639749
lbn,2007,302.05269955
lbn,2008,292.85564587
lbn,2009,273.30016584
lbn,2010,375.01543446
lbn,2011,535.37528584
lbn,2012,790.61764564
lbn,2013,743.57669396
lbn,2014,708.8627529
lbn,2015,688.58231432
lbn,2016,748.36940468
mdg,2000,0.0
mdg,2001,0.0
mdg,2002,0.0
mdg,2003,0.0
mdg,2004,0.0
mdg,2005,0.0
mdg,2006,0.0
mdg,2007,0.0
mdg,2008,0.0
mdg,2009,0.0
mdg,2010,0.0
mdg,2011,0.0
mdg,2012,0.0
mdg,2013,0.0
mdg,2014,0.0
mdg,2015,0.0
lux,2000,575.53071321
lux,2001,625.35320391
lux,2002,739.85348838
lux,2003,963.20605318
lux,2004,1204.67984218
lux,2005,1255.31964689
lux,2006,1328.90485102
lux,2007,1515.84124153
lux,2008,1812.72547788
lux,2009,1822.28891085
lux,2010,1813.58265148
lux,2011,1787.65838842
lux,2012,1775.87389855
lux,2013,1894.65172693
lux,2014,1981.33816972
lux,2015,1650.52862446
lux,2016,1646.45365168
mdv,2000,0.0
mdv,2001,0.0
mdv,2002,0.0
mdv,2003,0.0
mdv,2004,0.0
mdv,2005,0.0
mdv,2006,0.0
mdv,2007,0.0
mhl,2000,7.476881
mhl,2001,6.552766
mhl,2002,6.333932
mhl,2003,2.468336
mhl,2004,2.469118
mhl,2005,2.958
mhl,2006,3.57
mhl,2007,3.868
mhl,2008,3.787
mhl,2009,3.904
mhl,2010,3.003
mhl,2011,3.75
mhl,2012,3.618
mhl,2013,4.625128
mhl,2014,4.397895
mhl,2015,5.265352
mhl,2016,6.059241
mrt,2007,5.32510055
mrt,2008,5.69261555
mrt,2009,13.98047891
mrt,2010,10.4895295
mrt,2011,13.07371155
mrt,2012,14.12244623
mrt,2013,15.88014062
mrt,2014,21.2908938
mrt,2015,19.78229288
mrt,2016,16.66939302
mmr,2000,0.17185607
mmr,2001,0.10089716
mmr,2002,0.39631336
mmr,2003,0.15562701
mmr,2004,0.21345882
mmr,2005,0.24858391
mmr,2006,0.55972603
mmr,2007,0.5437854
mmr,2008,0.69577527
mmr,2009,0.95828981
mmr,2010,3.93803508
mmr,2011,4.72442791
mmr,2012,3.09102066
mmr,2013,3.73305919
mmr,2014,5.95065987
mmr,2015,10.60380574
mmr,2016,10.08533561
mar,2000,0.0
mar,2001,0.0
mar,2002,0.0
mar,2003,0.0
mar,2004,0.0
mar,2005,0.0
mar,2006,541.40809328
mar,2007,612.89010075
mar,2008,788.00463206
mar,2009,886.91961127
mar,2010,937.9088156
mar,2011,1086.790587
mar,2012,1124.85117219
mar,2013,1261.19743693
mar,2014,1299.30936659
mar,2015,1145.80099759
mar,2016,1564.76120391
rus,2000,101.63815537
rus,2001,122.35802321
rus,2002,161.28363399
rus,2003,178.87397367
rus,2004,221.80421119
rus,2005,1222.58205937
rus,2006,4151.11617815
rus,2007,4891.42289755
rus,2008,9708.88709165
rus,2009,8810.60100062
rus,2010,8398.70389457
rus,2011,18629.44697998
rus,2012,19946.10859993
rus,2013,21590.50290384
rus,2014,19285.87062447
rus,2015,14880.71337019
rus,2016,14880.67229024
ner,2000,0.82934373
ner,2001,0.92359632
ner,2002,1.09951204
ner,2003,1.30290707
ner,2004,1.41968875
ner,2005,1.44084531
ner,2006,1.46390967
ner,2007,1.67756254
ner,2008,1.92628035
ner,2009,1.86137311
ner,2010,1.97985103
ner,2011,2.3696842
ner,2012,2.487986
ner,2013,4.28611452
ner,2014,7.82825202
ner,2015,5.51634206
ner,2016,5.11474523
srb,2000,257.5655364
srb,2001,520.7544324
srb,2002,868.16177239
srb,2003,1114.70914732
srb,2004,1289.76009482
srb,2005,1397.46181988
srb,2006,1612.53530554
srb,2007,2313.1710192
srb,2008,2835.01659551
srb,2009,2441.17394637
srb,2010,2320.47440088
srb,2011,2606.83280742
srb,2012,2349.18343406
srb,2013,2538.96095356
srb,2014,2307.26866806
srb,2015,1638.18734108
srb,2016,1649.04010666
smr,2000,39.53230946
smr,2001,41.24363825
smr,2002,42.1279136
smr,2003,48.51333098
smr,2004,63.53254529
smr,2005,66.46946489
smr,2006,71.82376511
smr,2007,85.91098687
smr,2008,101.14153422
smr,2009,99.97207808
smr,2010,97.88717342
smr,2011,106.79936653
smr,2012,102.46024644
smr,2013,102.87263406
smr,2014,99.79644163
smr,2015,80.9173159
smr,2016,78.20492551
sdn,2000,5.52265943
sdn,2001,10.70729599
sdn,2002,20.2426203
sdn,2003,23.98619686
sdn,2004,26.17242783
sdn,2005,29.14544333
sdn,2006,50.70150132
sdn,2007,78.22032637
sdn,2008,101.95377936
sdn,2009,92.59044708
sdn,2010,107.80568119
sdn,2011,104.96435183
sdn,2012,62.60918246
sdn,2013,66.51585605
sdn,2014,70.22997451
sdn,2015,86.04762847
sdn,2016,89.4623664
tls,2002,0.0
tls,2003,0.0
tls,2004,0.0
tls,2005,0.0
tls,2006,0.0
tls,2007,0.0
tls,2008,0.0
tls,2009,0.0
tls,2010,0.0
tls,2011,0.0
tls,2012,0.0
tls,2013,0.0
tls,2014,0.0
tls,2015,0.0
tls,2016,0.0
tuv,2000,0.0
tuv,2001,0.0
tuv,2002,0.0
tuv,2003,0.0
tuv,2004,0.0
tuv,2005,0.0
tuv,2006,0.0
tuv,2007,0.0
tuv,2008,0.0
tuv,2009,0.0
tuv,2010,0.0
tuv,2011,0.0
tuv,2012,0.0
tuv,2013,0.0
tuv,2014,0.0
tuv,2015,0.0
tuv,2016,0.0
zmb,2000,0.0
zmb,2001,0.0
zmb,2002,0.0
zmb,2003,0.0
zmb,2004,0.0
zmb,2005,0.0
zmb,2006,0.0
zmb,2007,0.0
zmb,2008,0.0
zmb,2009,0.0
zmb,2010,0.0
zmb,2011,0.0
zmb,2012,0.0
zmb,2013,0.0
zmb,2014,0.0
zmb,2015,0.0
zmb,2016,0.0
afg,2002,0.0
afg,2003,0.0
afg,2004,0.0
afg,2005,0.0
afg,2006,0.0
afg,2007,0.0
afg,2008,0.0
afg,2009,0.0
afg,2010,0.0
afg,2011,0.0
afg,2012,0.0
afg,2013,0.0
afg,2014,0.0
afg,2015,0.0
afg,2016,0.0
bhr,2000,0.0
bhr,2001,0.07712766
bhr,2002,0.08244681
bhr,2003,0.08510638
bhr,2004,0.1037234
bhr,2005,0.1037234
bhr,2006,0.17553191
bhr,2007,0.30053191
bhr,2008,0.51595745
bhr,2009,0.51595745
bhr,2010,0.64361702
bhr,2011,0.70212766
bhr,2012,0.82712766
bhr,2013,0.82712766
bhr,2014,0.33510638
bhr,2015,0.53191489
bhr,2016,0.53457447
dji,2000,2.44449811
dji,2001,2.29351976
dji,2002,2.64284221
dji,2003,3.07353661
dji,2004,3.37017984
dji,2005,3.52077865
dji,2006,3.87753996
dji,2007,4.31795041
dji,2008,5.38595713
dji,2009,5.9633791
dji,2010,5.54528521
dji,2011,9.34365713
dji,2012,8.91269061
dji,2013,9.44672538
dji,2014,9.66702136
dji,2015,9.89249172
dji,2016,0.0
idn,2000,73.25403523
idn,2001,125.95903316
idn,2002,122.56003803
idn,2003,180.67225333
idn,2004,198.85667702
idn,2005,386.46500282
idn,2006,733.14836383
idn,2007,861.89487286
idn,2008,797.95081507
idn,2009,933.62583176
idn,2010,1266.41048076
idn,2011,1673.70240275
idn,2012,1857.97495919
idn,2013,2225.4218563
idn,2014,3703.09818351
idn,2015,2295.34830978
idn,2016,2702.78200429
jpn,2000,138910.86056521
jpn,2001,126441.72186003
jpn,2002,122188.66532759
jpn,2003,132939.25263871
jpn,2004,145491.49937522
jpn,2005,148267.27083898
jpn,2006,140022.16515726
jpn,2007,142998.75918505
jpn,2008,164429.21841539
jpn,2009,187794.50194986
jpn,2010,208129.32402121
jpn,2011,260539.61917135
jpn,2012,279591.6916378
jpn,2013,234275.36397162
jpn,2014,219126.47791494
jpn,2015,199677.72137386
jpn,2016,223454.5787888
kir,2000,0.0
kir,2001,0.0
kir,2002,0.0
kir,2003,0.0
kir,2004,0.0
kir,2005,0.0
kir,2006,0.0
kir,2007,0.0
kir,2008,0.0
kir,2009,0.0
kir,2010,0.0
kir,2011,0.0
kir,2012,0.0
kir,2013,0.0
kir,2014,0.0
kir,2015,0.0
kir,2016,0.0
irn,2000,900.55068923
irn,2001,1059.10255707
irn,2002,1272.3062527
irn,2003,1349.20768367
irn,2004,1657.13484226
irn,2005,2155.72987351
irn,2006,2548.42160857
irn,2007,3235.23853024
irn,2008,4042.41647748
irn,2009,4604.68511624
irn,2010,5339.3549856
irn,2011,6118.32104392
irn,2012,7038.30164642
irn,2013,6361.49592155
irn,2014,7620.1087241
irn,2015,7816.30654057
irn,2016,9165.88105619
lva,2000,0.0
lva,2001,0.0
lva,2002,0.0
lva,2003,0.0
lva,2004,0.0
lva,2005,0.0
lva,2006,0.0
lva,2007,0.0
lva,2008,0.0
lva,2009,0.0
lva,2010,0.0
lva,2011,0.0
lva,2012,0.0
lva,2013,0.0
lva,2014,0.0
lva,2015,0.0
lva,2016,0.0
nor,2000,1504.42204998
nor,2001,1611.53809196
nor,2002,2034.19858829
nor,2003,2448.94645012
nor,2004,2770.73393537
nor,2005,2720.40398943
nor,2006,2666.45141879
nor,2007,3052.46723726
nor,2008,3258.44788722
nor,2009,3056.52589926
nor,2010,3408.03623516
nor,2011,3554.48151787
nor,2012,3579.67101133
nor,2013,3627.57360276
nor,2014,3634.82906374
nor,2015,3088.10569027
nor,2016,3015.35714286
mne,2016,204.24774337
stp,2000,0.0
stp,2001,0.0
stp,2002,0.0
stp,2003,0.0
stp,2004,0.0
stp,2005,0.0
stp,2006,0.0
stp,2007,0.0
stp,2008,0.0
stp,2009,0.0
stp,2010,0.0
stp,2011,0.0
stp,2012,0.0
stp,2013,0.0
stp,2014,0.03104754
stp,2015,0.03853227
stp,2016,0.03984948
prt,2000,83.99476323
prt,2001,87.44619735
prt,2002,99.95557864
prt,2003,117.90969647
prt,2004,137.18251973
prt,2005,141.9327961
prt,2006,159.83370571
prt,2007,185.33801965
prt,2008,227.50942982
prt,2009,252.67454153
prt,2010,231.855055
prt,2011,249.7959978
prt,2012,234.76090012
prt,2013,241.26512463
prt,2014,263.8554073
prt,2015,221.04809024
prt,2016,228.54314269
omn,2016,0.0
slb,2000,0.0
slb,2001,0.0
slb,2002,0.0
slb,2003,0.0
slb,2004,0.0
slb,2005,0.0
slb,2006,0.0
slb,2007,0.0
slb,2008,0.0
slb,2009,0.0
slb,2010,0.0
slb,2011,0.0
slb,2012,0.0
slb,2013,0.0
slb,2014,0.0
slb,2015,0.0
slb,2016,0.0
che,2000,610.47711362
che,2001,654.77019344
che,2002,740.4047332
che,2003,909.66404807
che,2004,1015.68481121
che,2005,1052.05926547
che,2006,980.18651458
che,2007,993.03045904
che,2008,986.99092412
che,2009,1303.13874476
che,2010,1145.83672929
che,2011,1155.35076044
che,2012,1013.1344888
che,2013,1014.12875551
che,2014,1015.11650372
che,2015,1050.5194928
che,2016,1039.17823733
ton,2000,0.0
ton,2001,0.0
ton,2002,0.0
ton,2003,0.0
ton,2004,0.0
ton,2005,0.0
ton,2006,0.0
ton,2007,0.0
ton,2008,0.0
ton,2009,0.0
ton,2010,0.0
ton,2011,0.0
ton,2012,0.0
ton,2013,0.0
ton,2014,0.0
ton,2015,0.0
ton,2016,0.0
lka,2000,3.76769652
lka,2001,3.60715127
lka,2002,5.08082645
lka,2003,4.96154281
lka,2004,5.89352534
lka,2005,7.62978473
lka,2006,7.29598627
lka,2007,8.3647951
lka,2008,9.92617447
lka,2009,8.82074402
lka,2010,9.17998646
lka,2011,10.10917504
lka,2012,9.89002221
lka,2013,10.89887194
lka,2014,11.45026312
lka,2015,12.04944207
lka,2016,13.76546948
ukr,2000,0.0
ukr,2001,0.0
ukr,2002,0.0
ukr,2003,0.0
ukr,2004,0.0
ukr,2005,0.0
ukr,2006,0.0
ukr,2007,0.0
ukr,2008,0.0
ukr,2009,0.0
ukr,2010,0.0
ukr,2011,0.0
ukr,2012,0.0
ukr,2013,0.0
ukr,2014,0.0
ukr,2015,0.0
ukr,2016,0.0
alb,2000,3.91310474
alb,2001,4.79604697
alb,2002,5.91432959
alb,2003,6.88886929
alb,2004,12.88966083
alb,2005,16.58381676
alb,2006,14.64353259
alb,2007,25.73730186
alb,2008,30.52425156
alb,2009,55.64860633
alb,2010,49.55326384
alb,2011,62.61373541
alb,2012,61.28818026
alb,2013,65.61840686
alb,2014,73.83443827
alb,2015,60.85574359
alb,2016,60.80900808
and,2000,49.1062827
and,2001,50.91677032
and,2002,53.64445006
and,2003,64.44446719
and,2004,71.02369733
and,2005,71.25802119
and,2006,72.00735157
and,2007,78.69839695
and,2008,84.37400589
and,2009,80.15632734
and,2010,76.55173377
and,2011,80.48874322
and,2012,74.52200558
and,2013,75.68121257
and,2014,78.27729038
and,2015,67.65307362
and,2016,64.15679886
aut,2000,7668.37960683
aut,2001,7689.76553661
aut,2002,8404.69165038
aut,2003,10433.20060957
aut,2004,12000.35346596
aut,2005,12656.37227735
aut,2006,13372.05277948
aut,2007,15553.55885666
aut,2008,17489.27582627
aut,2009,16323.98510088
aut,2010,15681.511587
aut,2011,17111.87038703
aut,2012,16524.27066764
aut,2013,17477.61791114
aut,2014,18353.90787534
aut,2015,15977.73117161
aut,2016,16381.86455992
bel,2000,9354.88730925
bel,2001,9604.61675898
bel,2002,10524.39758093
bel,2003,14817.22216072
bel,2004,15771.93851358
bel,2005,15638.33032965
bel,2006,16130.974393
bel,2007,18672.13214924
bel,2008,21366.61817817
bel,2009,21658.90342758
bel,2010,20351.0260026
bel,2011,22514.97940397
bel,2012,21656.53353134
bel,2013,22706.99086251
bel,2014,23390.99919002
bel,2015,20688.33887038
bel,2016,21027.99289864
bgr,2000,36.99759241
bgr,2001,123.93917118
bgr,2002,178.12554364
bgr,2003,288.34910304
bgr,2004,359.06474404
bgr,2005,435.64838279
bgr,2006,556.07905709
bgr,2007,690.16962911
bgr,2008,757.48267285
bgr,2009,843.51894628
bgr,2010,768.43956528
bgr,2011,1011.21973767
bgr,2012,1041.16023914
bgr,2013,1196.08922335
bgr,2014,1275.41894723
bgr,2015,1162.44397675
bgr,2016,1217.25679769
bih,2000,193.8084514
bih,2001,215.60692701
bih,2002,255.89926608
bih,2003,401.5639835
bih,2004,440.89128925
bih,2005,451.88693184
bih,2006,523.9951593
bih,2007,687.26406989
bih,2008,869.98228627
bih,2009,933.34023599
bih,2010,922.37239347
bih,2011,1022.23124572
bih,2012,974.70484339
bih,2013,1035.610953
bih,2014,1061.61314243
bih,2015,917.52187361
bih,2016,946.65123522
cyp,2015,4.39724964
cyp,2016,4.58075221
cub,2000,0.0
cub,2001,0.0
cub,2002,0.0
cub,2003,0.0
cub,2004,0.0
cub,2005,0.0
cub,2006,0.0
cub,2007,0.0
cub,2008,0.0
cub,2009,0.0
cub,2010,0.0
cub,2011,0.0
cub,2012,0.0
cub,2013,0.0
cub,2014,0.0
cub,2015,0.0
cub,2016,0.0
hrv,2000,1319.27960495
hrv,2001,1276.10584808
hrv,2002,1224.05668765
hrv,2003,1675.25505179
hrv,2004,2035.44068422
hrv,2005,2117.18819592
hrv,2006,2286.1022574
hrv,2007,2680.45110632
hrv,2008,3177.26874332
hrv,2009,2861.66451599
hrv,2010,2660.67689263
hrv,2011,3211.23860133
hrv,2012,2874.94511548
hrv,2013,2295.68939825
hrv,2014,2474.31284837
hrv,2015,2323.73621789
hrv,2016,2396.71336038
fji,2000,0.0
fji,2001,0.0
fji,2002,0.0
fji,2003,0.0
fji,2004,0.0
fji,2005,0.0
fji,2006,0.0
fji,2007,0.0
fji,2008,0.0
fji,2009,0.0
fji,2010,0.0
fji,2011,0.0
fji,2012,0.0
fji,2013,0.0
fji,2014,0.0
fji,2015,0.0
fji,2016,0.0
eri,2000,0.0
eri,2001,0.0
eri,2002,0.0
eri,2003,0.0
eri,2004,0.0
eri,2005,0.0
eri,2006,0.0
eri,2007,0.0
eri,2008,0.0
eri,2009,0.0
eri,2010,0.0
eri,2011,0.0
eri,2012,0.0
eri,2013,0.0
eri,2014,0.0
eri,2015,0.0
eri,2016,0.0
gmb,2000,0.0
gmb,2001,0.0
gmb,2002,0.0
gmb,2003,0.0
gmb,2004,0.0
gmb,2005,0.0
gmb,2006,0.0
gmb,2007,0.0
gmb,2008,0.0
gmb,2009,0.0
gmb,2010,0.0
gmb,2011,0.0
gmb,2012,0.0
gmb,2013,0.0
gmb,2014,0.0
gmb,2015,0.0
gmb,2016,0.0
fin,2000,1026.24945783
fin,2001,1047.00790896
fin,2002,1069.41406751
fin,2003,1308.05265293
fin,2004,1410.28855015
fin,2005,1404.07668211
fin,2006,1364.4205502
fin,2007,1573.9231905
fin,2008,1823.99493309
fin,2009,1746.65044325
fin,2010,1717.56527951
fin,2011,1756.15525269
fin,2012,1690.50620207
fin,2013,1853.8603386
fin,2014,1877.65463907
fin,2015,1634.6695374
fin,2016,1611.55310828
geo,2000,8.09634652
geo,2001,10.13024602
geo,2002,8.19784124
geo,2003,17.24459359
geo,2004,0.0
geo,2005,0.0
geo,2006,0.0
geo,2007,0.0
geo,2008,0.0
geo,2009,0.0
geo,2010,0.0
geo,2011,0.0
geo,2012,0.0
geo,2013,0.0
geo,2014,0.0
geo,2015,0.0
geo,2016,0.0
gha,2000,0.0
gha,2001,0.0
gha,2002,0.0
gha,2003,0.0
gha,2004,0.0
gha,2005,38.67462576
gha,2006,28.17387761
gha,2007,39.13401137
gha,2008,53.3530799
gha,2009,59.05735378
gha,2010,78.17473489
gha,2011,110.62605417
gha,2012,72.73570971
gha,2013,93.88705509
gha,2014,44.43103344
gha,2015,48.10763285
gha,2016,49.31956655
gnb,2000,0.31715797
gnb,2001,0.27169058
gnb,2002,0.22560241
gnb,2003,0.32506704
gnb,2004,0.46125752
gnb,2005,0.44560884
gnb,2006,0.43404158
gnb,2007,0.61564832
gnb,2008,0.71318171
gnb,2009,0.63126071
gnb,2010,0.6019069
gnb,2011,0.6912554
gnb,2012,0.47043896
gnb,2013,0.47589284
gnb,2014,0.89935061
gnb,2015,0.83683394
gnb,2016,0.84184169
hun,2000,1028.13258631
hun,2001,1189.69710643
hun,2002,1559.889526
hun,2003,2230.54898991
hun,2004,2884.62822592
hun,2005,3349.14073212
hun,2006,3199.63287253
hun,2007,3545.71986143
hun,2008,3869.97062409
hun,2009,2648.22894133
hun,2010,1994.115363
hun,2011,2148.5625371
hun,2012,1735.38799915
hun,2013,2047.43671618
hun,2014,2026.31037792
hun,2015,1435.32501089
hun,2016,1495.57791059
irq,2003,0.0
irq,2004,0.0
irq,2005,0.0
irq,2006,0.0
irq,2007,0.0
irq,2008,0.0
irq,2009,0.0
irq,2010,0.0
irq,2011,0.0
irq,2012,0.05059311
irq,2013,0.06089194
irq,2014,0.05231561
irq,2015,0.03940605
irq,2016,0.0
isr,2000,2250.22133079
isr,2001,2394.99722525
isr,2002,2189.21147174
isr,2003,2259.19951988
isr,2004,2371.07719196
isr,2005,2516.96018147
isr,2006,2818.34405791
isr,2007,3275.49370351
isr,2008,4062.40654667
isr,2009,3813.00168984
isr,2010,4356.54156554
isr,2011,4866.78931922
isr,2012,4698.74649954
isr,2013,5240.45089701
isr,2014,5531.13885842
isr,2015,5346.51218614
isr,2016,5706.70945202
irl,2000,17.39741683
irl,2001,20.85099928
irl,2002,25.67785356
irl,2003,34.51725002
irl,2004,42.07695303
irl,2005,48.58959307
irl,2006,51.6506357
irl,2007,63.51133181
irl,2008,75.58570324
irl,2009,72.69555195
irl,2010,67.65065302
irl,2011,69.67630725
irl,2012,57.72882741
irl,2013,74.6402818
irl,2014,69.8339328
irl,2015,66.65934683
irl,2016,70.6642995
jor,2000,38.08180536
jor,2001,43.72459222
jor,2002,55.00706538
jor,2003,55.00705219
jor,2004,60.64880113
jor,2005,76.16361072
jor,2006,76.16361072
jor,2007,102.9619516
jor,2008,264.91314829
jor,2009,418.30985915
jor,2010,404.22535211
jor,2011,481.69014085
jor,2012,107.04225352
jor,2013,142.25352113
jor,2014,160.56338028
jor,2015,129.57746479
jor,2016,128.47674428
kwt,2000,0.0
kwt,2001,0.0
kwt,2002,0.0
kwt,2003,0.0
kwt,2004,0.0
kwt,2005,0.0
kwt,2006,0.0
kwt,2007,0.0
kwt,2008,0.0
kwt,2009,0.0
kwt,2010,0.0
kwt,2011,0.0
kwt,2012,0.0
kwt,2013,0.0
kwt,2014,0.0
kwt,2015,0.0
kwt,2016,0.0
lao,2000,0.80007875
lao,2001,0.85587455
lao,2002,1.13649773
lao,2003,1.50732742
lao,2004,2.01041531
lao,2005,2.08677579
lao,2006,2.53594456
lao,2007,2.33081299
lao,2008,1.87044859
lao,2009,2.48633789
lao,2010,3.52665488
lao,2011,2.00960446
lao,2012,3.31328054
lao,2013,4.14789466
lao,2014,5.34954093
lao,2015,6.08830205
lao,2016,8.84567718
ltu,2000,363.11810005
ltu,2001,360.92788748
ltu,2002,395.33758856
ltu,2003,502.39413418
ltu,2004,523.22918574
ltu,2005,580.605043
ltu,2006,726.30410237
ltu,2007,985.5625514
ltu,2008,1358.38641335
ltu,2009,1107.31715208
ltu,2010,798.22190261
ltu,2011,1017.11602714
ltu,2012,992.1028478
ltu,2013,1081.22208943
ltu,2014,1160.85858054
ltu,2015,1050.86503272
ltu,2016,1141.04646018
mng,2000,6.15919332
mng,2001,10.67680542
mng,2002,15.17439622
mng,2003,12.85898486
mng,2004,13.8772042
mng,2005,15.74237626
mng,2006,18.54167715
mng,2007,18.71816536
mng,2008,35.43604654
mng,2009,34.23696503
mng,2010,50.03559319
mng,2011,62.9306006
mng,2012,72.01485399
mng,2013,67.6618694
mng,2014,81.83651006
mng,2015,74.41262761
mng,2016,74.15716959
mli,2000,0.82587022
mli,2001,0.49110653
mli,2002,0.60689693
mli,2003,0.6710251
mli,2004,1.135751
mli,2005,1.43743385
mli,2006,1.83234196
mli,2007,2.52622761
mli,2008,3.41659478
mli,2009,4.09451189
mli,2010,4.93287583
mli,2011,6.54278161
mli,2012,7.64179242
mli,2013,9.97894832
mli,2014,24.45775791
mli,2015,33.02400005
mli,2016,49.14667039
fsm,2000,3.67321
fsm,2001,3.57679
fsm,2002,3.36792
fsm,2003,4.42316
fsm,2004,4.92058
fsm,2005,6.438
fsm,2006,6.577
fsm,2007,6.282
fsm,2008,6.187
fsm,2009,5.94
fsm,2010,5.864
fsm,2011,6.64202
fsm,2012,6.9875
fsm,2013,7.26523
fsm,2014,7.337404
fsm,2015,7.845497
fsm,2016,8.632756
npl,2000,0.0
npl,2001,0.0
npl,2002,0.0
npl,2003,0.0
npl,2004,0.0
npl,2005,0.0
npl,2006,0.0
npl,2007,0.0
npl,2008,0.0
npl,2009,0.0
npl,2010,0.0
npl,2011,0.0
npl,2012,0.0
npl,2013,0.0
npl,2014,0.0
npl,2015,0.0
npl,2016,0.0
phl,2000,180.34471429
phl,2001,175.52630624
phl,2002,189.65787893
phl,2003,207.48758257
phl,2004,218.4831086
phl,2005,262.84514962
phl,2006,268.98094093
phl,2007,271.61035693
phl,2008,308.50093793
phl,2009,347.47589463
phl,2010,416.1430758
phl,2011,484.7935798
phl,2012,568.81444648
phl,2013,562.0684779
phl,2014,669.42908902
phl,2015,548.96054429
phl,2016,526.50092894
pol,2000,5074.77176155
pol,2001,6217.23564493
pol,2002,6887.06344682
pol,2003,7307.58652365
pol,2004,8037.41332083
pol,2005,9977.84402043
pol,2006,11222.89795003
pol,2007,14324.89963404
pol,2008,19394.39239797
pol,2009,17096.29760713
pol,2010,18279.4659261
pol,2011,19487.16223596
pol,2012,17993.1650673
pol,2013,19621.07715044
pol,2014,20145.40145606
pol,2015,17798.64889243
pol,2016,17802.20747629
rou,2000,1053.37122561
rou,2001,1149.46126738
rou,2002,1362.60495556
rou,2003,2134.59841959
rou,2004,2477.82127991
rou,2005,3455.12461532
rou,2006,4201.95835006
rou,2007,5797.03051872
rou,2008,6853.08551417
rou,2009,5548.18612885
rou,2010,4791.27156251
rou,2011,4724.7072772
rou,2012,4246.43152054
rou,2013,4409.42573353
rou,2014,5046.37543746
rou,2015,4728.08637373
rou,2016,5234.05190208
sgp,2000,56.51744344
sgp,2001,43.77519398
sgp,2002,45.44707381
sgp,2003,153.81217085
sgp,2004,159.98726042
sgp,2005,218.40335617
sgp,2006,261.37723475
sgp,2007,256.51554085
sgp,2008,388.79654333
sgp,2009,217.06483971
sgp,2010,285.63641142
sgp,2011,385.26925274
sgp,2012,477.10939258
sgp,2013,564.32195768
sgp,2014,699.78503878
sgp,2015,810.79862881
sgp,2016,1068.75212087
svk,2000,589.98347865
svk,2001,612.53677768
svk,2002,732.58551815
svk,2003,978.94066043
svk,2004,1303.58629122
svk,2005,1326.91343691
svk,2006,1640.82556538
svk,2007,2310.56146132
svk,2008,3149.75444631
svk,2009,3024.64175837
svk,2010,2783.72802083
svk,2011,3185.36535224
svk,2012,2939.84712506
svk,2013,3284.00676957
svk,2014,3664.61861744
svk,2015,3047.97849676
svk,2016,3282.66650653
wsm,2000,0.0
wsm,2001,0.0
wsm,2002,0.0
wsm,2003,0.0
wsm,2004,0.0
wsm,2005,0.0
wsm,2006,0.0
wsm,2007,0.0
wsm,2008,0.0
wsm,2009,0.0
wsm,2010,0.0
wsm,2011,0.0
wsm,2012,0.0
wsm,2013,0.0
wsm,2014,0.0
wsm,2015,0.0
wsm,2016,0.0
sen,2000,6.66422977
sen,2001,7.61542531
sen,2002,8.17756697
sen,2003,11.28329424
sen,2004,14.39975483
sen,2005,9.85617818
sen,2006,12.03738584
sen,2007,10.91859522
sen,2008,13.39696202
sen,2009,12.92817356
sen,2010,13.27083353
sen,2011,15.95814383
sen,2012,15.56483734
sen,2013,30.72998277
sen,2014,38.56982882
sen,2015,34.46006641
sen,2016,38.50594683
swz,2000,0.0
swz,2001,0.0
swz,2002,0.0
swz,2003,0.0
swz,2004,0.0
swz,2005,0.0
swz,2006,0.0
swz,2007,0.0
swz,2008,0.0
swz,2009,0.0
swz,2010,0.0
swz,2011,0.0
swz,2012,0.0
swz,2013,0.0
swz,2014,0.0
swz,2015,0.0
swz,2016,0.0
zaf,2000,0.0
zaf,2001,0.0
zaf,2002,0.0
zaf,2003,0.0
zaf,2004,0.0
zaf,2005,0.0
zaf,2006,0.0
zaf,2007,0.0
zaf,2008,0.0
zaf,2009,0.0
zaf,2010,0.0
zaf,2011,0.0
zaf,2012,0.0
zaf,2013,0.0
zaf,2014,0.0
zaf,2015,0.0
zaf,2016,0.0
tha,2000,150.95880757
tha,2001,173.06237185
tha,2002,177.91911485
tha,2003,214.42044579
tha,2004,251.8247604
tha,2005,332.98176635
tha,2006,389.22249435
tha,2007,442.16264412
tha,2008,498.94665736
tha,2009,557.65869346
tha,2010,632.7361187
tha,2011,695.83449948
tha,2012,807.85721918
tha,2013,826.23307747
tha,2014,867.32926594
tha,2015,875.77894565
tha,2016,918.96785083
tun,2000,183.70836975
tun,2001,204.17556537
tun,2002,241.03013749
tun,2003,310.2635985
tun,2004,374.43876358
tun,2005,391.16075429
tun,2006,448.17953757
tun,2007,547.2245236
tun,2008,668.63735165
tun,2009,716.87623364
tun,2010,795.55254632
tun,2011,950.80613705
tun,2012,1004.37369642
tun,2013,1149.51282095
tun,2014,1080.78014932
tun,2015,938.45663672
tun,2016,880.8056996
btn,2000,0.0
btn,2001,0.0
btn,2002,0.0
btn,2003,0.0
btn,2004,0.0
btn,2005,0.0
btn,2006,0.0
btn,2007,0.0
btn,2008,0.0
btn,2009,0.0
btn,2010,0.0
btn,2011,0.0
btn,2012,0.0
btn,2013,0.0
btn,2014,0.0
btn,2015,0.0
btn,2016,0.0
bgd,2000,0.0
bgd,2001,0.0
bgd,2002,0.0
bgd,2003,0.0
bgd,2004,0.0
bgd,2005,0.0
bgd,2006,0.0
bgd,2007,0.0
bgd,2008,0.0
bgd,2009,0.0
bgd,2010,0.0
bgd,2011,0.0
bgd,2012,0.0
bgd,2013,0.0
bgd,2014,0.0
bgd,2015,0.0
bgd,2016,0.0
tur,2000,2853.56011254
tur,2001,2432.22028936
tur,2002,3121.09796407
tur,2003,4119.48017336
tur,2004,5714.79730095
tur,2005,5929.35159197
tur,2006,7920.25708931
tur,2007,8791.42947708
tur,2008,11929.79527046
tur,2009,9894.85212522
tur,2010,11959.77905964
tur,2011,14212.09644438
tur,2012,15052.77335592
tur,2013,17016.95899921
tur,2014,16371.40297056
tur,2015,15105.72060607
tur,2016,15180.48199832
uga,2000,0.0
uga,2001,0.0
uga,2002,0.0
uga,2003,0.0
uga,2004,0.0
uga,2005,0.0
uga,2006,0.0
uga,2007,0.0
uga,2008,0.0
uga,2009,0.0
uga,2010,0.0
uga,2011,0.0
uga,2012,0.0
uga,2013,0.0
uga,2014,0.0
uga,2015,0.0
uga,2016,0.0
ind,2000,136.41318513
ind,2001,142.39353561
ind,2002,167.55113538
ind,2003,178.46898037
ind,2004,189.02861017
ind,2005,216.5009827
ind,2006,219.98010218
ind,2007,275.68166062
ind,2008,326.9082399
ind,2009,420.0340575
ind,2010,595.63873481
ind,2011,733.29622763
ind,2012,935.76648104
ind,2013,1385.61569614
ind,2014,1086.78544638
ind,2015,1396.4364661
ind,2016,1489.87299052
cze,2000,2189.43724286
cze,2001,2453.92499753
cze,2002,3161.49965674
cze,2003,4025.99007286
cze,2004,4806.06913824
cze,2005,5452.53629707
cze,2006,5778.50364841
cze,2007,6767.955376
cze,2008,8762.47219108
cze,2009,9072.391784
cze,2010,8503.69525303
cze,2011,9627.55988285
cze,2012,8761.43453524
cze,2013,8891.68407301
cze,2014,8538.12338187
cze,2015,7257.71751258
cze,2016,7473.90071466
isl,2000,0.0
isl,2001,0.0
isl,2002,0.0
isl,2003,0.0
isl,2004,0.0
isl,2005,0.0
isl,2006,0.0
isl,2007,0.0
isl,2008,0.0
isl,2009,0.0
isl,2010,0.0
isl,2011,0.0
isl,2012,0.0
isl,2013,0.0
isl,2014,0.0
isl,2015,0.0
isl,2016,0.0
mys,2000,22.08904211
mys,2001,24.87726316
mys,2002,27.27997368
mys,2003,30.56989474
mys,2004,36.6375
mys,2005,41.33404038
mys,2006,41.06601226
mys,2007,48.97457517
mys,2008,41.05438925
mys,2009,39.65571985
mys,2010,52.63117846
mys,2011,63.94885866
mys,2012,69.38576134
mys,2013,82.76942852
mys,2014,94.67463432
mys,2015,66.7314612
mys,2016,74.77758193
moz,2000,0.49113998
moz,2001,0.56518616
moz,2002,0.53359265
moz,2003,0.59004627
moz,2004,0.67925166
moz,2005,0.86774339
moz,2006,0.89737405
moz,2007,1.07325723
moz,2008,1.34451864
moz,2009,1.36679955
moz,2010,1.25298026
moz,2011,1.63380075
moz,2012,1.84788456
moz,2013,2.14710537
moz,2014,2.83095472
moz,2015,2.04664535
moz,2016,1.38870112
tjk,2000,0.0
tjk,2001,0.0
tjk,2002,0.0
tjk,2003,0.0
tjk,2004,0.0
tjk,2005,0.0
tjk,2006,0.0
tjk,2007,0.0
tjk,2008,0.0
tjk,2009,0.0
tjk,2010,0.0
tjk,2011,0.0
tjk,2012,0.0
tjk,2013,0.0
tjk,2014,0.0
tjk,2015,0.0
tjk,2016,0.0
esp,2000,2067.43867013
esp,2001,2153.000868
esp,2002,2432.82211129
esp,2003,3633.01634023
esp,2004,4387.5646446
esp,2005,4742.93015968
esp,2006,5154.33405132
esp,2007,5846.23028093
esp,2008,6533.32259128
esp,2009,6196.29280274
esp,2010,6116.60099729
esp,2011,6382.05336725
esp,2012,5723.92052361
esp,2013,5987.10232501
esp,2014,6005.4382797
esp,2015,5237.57096641
esp,2016,5294.36139088
aus,2000,0.0
aus,2001,0.0
aus,2002,0.0
aus,2003,0.0
aus,2004,0.0
aus,2005,0.0
aus,2006,0.0
aus,2007,0.0
aus,2008,0.0
aus,2009,0.0
aus,2010,0.0
aus,2011,0.0
aus,2012,0.0
aus,2013,0.0
aus,2014,0.0
aus,2015,0.0
brn,2000,0.0
brn,2001,0.0
brn,2002,0.0
brn,2003,0.0
brn,2004,0.0
brn,2005,0.0
brn,2006,0.0
brn,2007,0.0
brn,2008,0.0
brn,2009,0.0
brn,2010,0.0
brn,2011,0.0
brn,2012,0.0
brn,2013,0.0
brn,2014,0.0
brn,2015,0.0
brn,2016,0.0
khm,2000,0.0
khm,2001,0.0
khm,2002,0.0
khm,2003,0.0
khm,2004,0.0
khm,2005,0.0
khm,2006,0.0
khm,2007,0.24777088
khm,2008,0.30240493
khm,2009,0.28748591
khm,2010,0.4977399
khm,2011,0.5068375
khm,2012,0.0
khm,2013,0.0
khm,2014,0.0
khm,2015,1.31088739
khm,2016,2.29847302
chn,2000,1503.89487573
chn,2001,2949.11181433
chn,2002,4779.55511281
chn,2003,7417.49273354
chn,2004,9994.92717037
chn,2005,12684.30988156
chn,2006,15796.61964179
chn,2007,20391.04552347
chn,2008,32875.36811593
chn,2009,44687.04600165
chn,2010,54477.74530792
chn,2011,70587.37926646
chn,2012,90858.89006579
chn,2013,111724.5451088
chn,2014,135131.05831194
chn,2015,142186.98382146
chn,2016,152000.20337047
ita,2000,88.44657412
ita,2001,189.70747465
ita,2002,72.46704161
ita,2003,85.77548943
ita,2004,103.05886151
ita,2005,145.50067154
ita,2006,143.01108587
ita,2007,176.55802189
ita,2008,243.16109422
ita,2009,347.29795247
ita,2010,282.10239125
ita,2011,515.73979468
ita,2012,519.08404793
ita,2013,671.83688969
ita,2014,589.06957522
ita,2015,504.6253628
ita,2016,438.03613798
cok,2000,0.0
cok,2001,0.0
cok,2002,0.0
cok,2003,0.0
cok,2004,0.0
cok,2005,0.0
cok,2006,0.0
cok,2007,0.0
cok,2008,0.0
cok,2009,0.0
cok,2010,0.0
cok,2011,0.0
cok,2012,0.0
cok,2013,0.0
cok,2014,0.0
cok,2015,0.0
cok,2016,0.0
ken,2000,24.87044223
ken,2001,26.98565969
ken,2002,29.40008687
ken,2003,31.53418386
ken,2004,31.24642791
ken,2005,33.79346844
ken,2006,36.51233741
ken,2007,62.20841167
ken,2008,83.01915609
ken,2009,94.34828889
ken,2010,111.7358472
ken,2011,110.93729547
ken,2012,128.37715664
ken,2013,137.60470359
ken,2014,147.08618307
ken,2015,142.73353537
ken,2016,145.32735953
kgz,2000,2.91381399
kgz,2001,2.74918351
kgz,2002,3.55795309
kgz,2003,6.57526965
kgz,2004,7.38571486
kgz,2005,8.36344662
kgz,2006,11.05773182
kgz,2007,16.26635009
kgz,2008,18.70150323
kgz,2009,20.37101349
kgz,2010,19.66743755
kgz,2011,25.37713544
kgz,2012,31.93311279
kgz,2013,32.22669758
kgz,2014,34.42420989
kgz,2015,22.9113355
kgz,2016,22.99389107
mwi,2000,0.0
mwi,2001,0.0
mwi,2002,0.0
mwi,2003,0.0
mwi,2004,0.0
mwi,2005,0.0
mwi,2006,0.0
mwi,2007,0.0
mwi,2008,0.0
mwi,2009,0.0
mwi,2010,0.0
mwi,2011,0.0
mwi,2012,0.0
mwi,2013,0.0
mwi,2014,0.0
mwi,2015,0.0
mwi,2016,0.0
mus,2000,0.0
mus,2001,0.0
mus,2002,0.0
mus,2003,0.0
mus,2004,0.0
mus,2005,0.0
mus,2006,0.0
mus,2007,0.0
mus,2008,0.0
mus,2009,0.0
mus,2010,0.0
mus,2011,0.0
mus,2012,0.0
mus,2013,0.0
mus,2014,0.0
mus,2015,0.0
mus,2016,0.0
nam,2000,0.0
nam,2001,0.0
nam,2002,0.0
nam,2003,0.0
nam,2004,0.0
nam,2005,0.0
nam,2006,0.0
nam,2007,0.0
nam,2008,0.0
nam,2009,0.0
nam,2010,0.0
nam,2011,0.0
nam,2012,0.0
nam,2013,0.0
nam,2014,0.0
nam,2015,0.0
nam,2016,0.0
mco,2000,34.50152914
mco,2001,35.44753492
mco,2002,39.11022407
mco,2003,56.64588571
mco,2004,66.52705635
mco,2005,68.675036
mco,2006,71.25330431
mco,2007,80.12437971
mco,2008,95.61493631
mco,2009,96.1392696
mco,2010,96.94469466
mco,2011,102.39829347
mco,2012,99.37776695
mco,2013,108.85158434
mco,2014,113.66215474
mco,2015,97.80114646
mco,2016,84.15130947
nld,2000,13974.61233121
nld,2001,15094.64715214
nld,2002,17535.51734485
nld,2003,23382.55628531
nld,2004,26371.85096786
nld,2005,30347.93881321
nld,2006,30771.15349858
nld,2007,34599.38511203
nld,2008,40504.41482291
nld,2009,39851.18360623
nld,2010,39861.24953632
nld,2011,43665.19698538
nld,2012,41813.24156343
nld,2013,45803.28070009
nld,2014,47569.75432506
nld,2015,36299.46512525
nld,2016,36866.49170918
nga,2006,74.19468591
nga,2007,104.7333131
nga,2008,170.13890948
nga,2009,128.59533935
nga,2010,137.7314173
nga,2011,153.36093426
nga,2012,216.29672512
nga,2013,202.51193136
nga,2014,186.16750682
nga,2015,192.66217502
nga,2016,147.18536649
pak,2000,16.8585342
pak,2001,16.06959732
pak,2002,17.6233638
pak,2003,19.95641489
pak,2004,22.886871
pak,2005,25.81626308
pak,2006,29.89812653
pak,2007,36.24553498
pak,2008,31.18962278
pak,2009,33.09759262
pak,2010,35.61291336
pak,2011,43.85396835
pak,2012,48.59992949
pak,2013,52.50475053
pak,2014,60.66265713
pak,2015,65.13033532
pak,2016,69.7247453
plw,2011,0.709001
plw,2012,2.464652
plw,2013,3.774057
plw,2014,4.70642
plw,2015,5.239074
plw,2016,5.409298
rwa,2000,1.84502689
rwa,2001,2.51420067
rwa,2002,3.17343568
rwa,2003,6.89270863
rwa,2004,7.01630843
rwa,2005,7.88283002
rwa,2006,8.59668874
rwa,2007,16.52020012
rwa,2008,24.3737093
rwa,2009,31.00868059
rwa,2010,37.58088955
rwa,2011,43.65686758
rwa,2012,49.65109469
rwa,2013,53.80670377
rwa,2014,57.32287543
rwa,2015,60.1674009
rwa,2016,57.9705452
qat,2011,0.0
qat,2012,0.0
qat,2013,0.0
qat,2014,0.0
qat,2016,0.0
tgo,2000,0.0
tgo,2001,0.0
tgo,2002,0.0
tgo,2003,0.0
tgo,2004,0.0
tgo,2005,0.0
tgo,2006,0.0
tgo,2007,0.0
tgo,2008,0.0
tgo,2009,0.0
tgo,2010,0.0
tgo,2011,0.0
tgo,2012,6.33267024
tgo,2013,12.57220726
tgo,2014,17.61936712
tgo,2015,7.02500375
tgo,2016,10.99070362
svn,2000,1065.77190436
svn,2001,1088.15850961
svn,2002,1278.32910909
svn,2003,1620.23903008
svn,2004,1840.41267727
svn,2005,1948.62604664
svn,2006,2063.44166924
svn,2007,2365.42266442
svn,2008,2959.08210056
svn,2009,2885.19112497
svn,2010,2752.69995882
svn,2011,2926.43901686
svn,2012,2639.4585947
svn,2013,2698.09740225
svn,2014,2752.28032282
svn,2015,2429.70679603
svn,2016,2524.24076501
vut,2000,0.0
vut,2001,0.0
vut,2002,0.0
vut,2003,0.0
vut,2004,0.0
vut,2005,0.0
vut,2006,0.0
vut,2007,0.0
vut,2008,0.0
vut,2009,0.0
vut,2010,0.0
vut,2011,0.0
vut,2012,0.0
vut,2013,0.0
vut,2014,0.0
vut,2015,0.0
vut,2016,0.0
