country,year,sha11_hf_1_2_million_constant_2010_ppp
vut,2000,0.0
vut,2001,0.0
vut,2002,0.0
vut,2003,0.0
vut,2004,0.0
vut,2005,0.0
vut,2006,0.0
vut,2007,0.0
vut,2008,0.0
vut,2009,0.0
vut,2010,0.0
vut,2011,0.0
vut,2012,0.0
vut,2013,0.0
vut,2014,0.0
vut,2015,0.0
vut,2016,0.0
tgo,2000,0.0
tgo,2001,0.0
tgo,2002,0.0
tgo,2003,0.0
tgo,2004,0.0
tgo,2005,0.0
tgo,2006,0.0
tgo,2007,0.0
tgo,2008,0.0
tgo,2009,0.0
tgo,2010,0.0
tgo,2011,0.0
tgo,2012,15.40541462
tgo,2013,32.76137345
tgo,2014,44.26394264
tgo,2015,18.82542579
tgo,2016,29.02049533
svn,2003,2717.36911832
svn,2004,2796.1491854
svn,2005,2912.92968572
svn,2006,2998.7498036
svn,2007,3015.72467523
svn,2008,3371.37292454
svn,2009,3360.76054243
svn,2010,3406.26897568
svn,2011,3421.74621449
svn,2012,3330.00360328
svn,2013,3243.8851474
svn,2014,3252.45784524
svn,2015,3382.25100246
svn,2016,3490.24530049
rwa,2000,17.78130231
rwa,2001,21.62330132
rwa,2002,27.04787537
rwa,2003,84.74279036
rwa,2004,63.26451131
rwa,2005,47.22445353
rwa,2006,33.00799797
rwa,2007,54.15733746
rwa,2008,68.51806037
rwa,2009,82.14364605
rwa,2010,98.99336978
rwa,2011,110.32981036
rwa,2012,120.806485
rwa,2013,131.57488467
rwa,2014,144.04333951
rwa,2015,238.7219937
rwa,2016,238.08926374
qat,2016,0.0
plw,2000,0.0
plw,2001,0.0
plw,2002,0.0
plw,2003,0.0
plw,2004,0.0
plw,2005,0.0
plw,2006,0.0
plw,2007,0.0
plw,2008,0.0
plw,2009,0.0
plw,2010,0.0
plw,2011,0.60883125
plw,2012,1.73240741
plw,2013,2.1262822
plw,2014,2.77274768
plw,2015,3.05413678
plw,2016,2.77405018
pak,2000,100.86492382
pak,2001,102.84996777
pak,2002,106.0496363
pak,2003,111.06230757
pak,2004,119.37251307
pak,2005,130.0664249
pak,2006,137.6340732
pak,2007,157.7978471
pak,2008,143.53683168
pak,2009,142.97788118
pak,2010,146.0845877
pak,2011,153.67994369
pak,2012,174.39820832
pak,2013,190.3596392
pak,2014,202.48640783
pak,2015,210.89896689
pak,2016,226.82345244
nga,2006,192.14235587
nga,2007,247.26419492
nga,2008,341.88628531
nga,2009,310.96817917
nga,2010,298.62229527
nga,2011,310.83303818
nga,2012,410.68134059
nga,2013,362.74422188
nga,2014,321.12663635
nga,2015,392.12749529
nga,2016,366.17173921
nld,2000,28549.99677495
nld,2001,30477.19800542
nld,2002,32485.8017404
nld,2003,35354.08734466
nld,2004,35760.76743404
nld,2005,40309.29204155
nld,2006,51462.60110441
nld,2007,53683.48216281
nld,2008,55269.99287051
nld,2009,57935.45353453
nld,2010,59945.1694221
nld,2011,61351.11871822
nld,2012,62835.86425706
nld,2013,61870.85205069
nld,2014,62066.57318107
nld,2015,59977.62337566
nld,2016,61061.88671261
mco,2000,49.41093825
mco,2001,51.24236002
mco,2002,52.66568841
mco,2003,62.43741823
mco,2004,65.57354829
mco,2005,66.30019857
mco,2006,66.76303786
mco,2007,67.07629588
mco,2008,72.93564496
mco,2009,76.77864073
mco,2010,80.43692542
mco,2011,80.22409412
mco,2012,83.24708802
mco,2013,87.55191545
mco,2014,90.95905145
mco,2015,92.64293025
mco,2016,79.61795886
nam,2000,0.0
nam,2001,0.0
nam,2002,0.0
nam,2003,0.0
nam,2004,0.0
nam,2005,0.0
nam,2006,0.0
nam,2007,0.0
nam,2008,0.0
nam,2009,0.0
nam,2010,0.0
nam,2011,0.0
nam,2012,0.0
nam,2013,0.0
nam,2014,0.0
nam,2015,0.0
nam,2016,0.0
mus,2000,0.0
mus,2001,0.0
mus,2002,0.0
mus,2003,0.0
mus,2004,0.0
mus,2005,0.0
mus,2006,0.0
mus,2007,0.0
mus,2008,0.0
mus,2009,0.0
mus,2010,0.0
mus,2011,0.0
mus,2012,0.0
mus,2013,0.0
mus,2014,0.0
mus,2015,0.0
mus,2016,0.0
mwi,2000,0.0
mwi,2001,0.0
mwi,2002,0.0
mwi,2003,0.0
mwi,2004,0.0
mwi,2005,0.0
mwi,2006,0.0
mwi,2007,0.0
mwi,2008,0.0
mwi,2009,0.0
mwi,2010,0.0
mwi,2011,0.0
mwi,2012,0.0
mwi,2013,0.0
mwi,2014,0.0
mwi,2015,0.0
mwi,2016,0.0
kgz,2000,24.86962995
kgz,2001,22.59860264
kgz,2002,27.47706582
kgz,2003,43.14558302
kgz,2004,45.28165967
kgz,2005,50.17153246
kgz,2006,54.83975511
kgz,2007,64.88975282
kgz,2008,60.11193992
kgz,2009,73.76830406
kgz,2010,69.54227967
kgz,2011,75.0413267
kgz,2012,88.66478174
kgz,2013,89.33223717
kgz,2014,95.92691827
kgz,2015,73.25937199
kgz,2016,77.18007648
ken,2000,116.88354914
ken,2001,128.2408346
ken,2002,138.2262141
ken,2003,134.16017628
ken,2004,129.33630678
ken,2005,127.13001499
ken,2006,118.24022388
ken,2007,173.94662017
ken,2008,207.15699763
ken,2009,235.81282854
ken,2010,280.19541296
ken,2011,281.44928557
ken,2012,283.40984788
ken,2013,294.29500937
ken,2014,297.17108841
ken,2015,293.74965662
ken,2016,292.90328247
ita,2000,156.00114174
ita,2001,334.51355673
ita,2002,117.55482511
ita,2003,112.45070968
ita,2004,119.78496743
ita,2005,165.72424658
ita,2006,158.4658778
ita,2007,175.05475076
ita,2008,219.81165385
ita,2009,324.68488113
ita,2010,275.75064374
ita,2011,473.34747785
ita,2012,508.43399504
ita,2013,629.17576262
ita,2014,546.83940412
ita,2015,555.18017206
ita,2016,479.12465818
cok,2000,0.0
cok,2001,0.0
cok,2002,0.0
cok,2003,0.0
cok,2004,0.0
cok,2005,0.0
cok,2006,0.0
cok,2007,0.0
cok,2008,0.0
cok,2009,0.0
cok,2010,0.0
cok,2011,0.0
cok,2012,0.0
cok,2013,0.0
cok,2014,0.0
cok,2015,0.0
cok,2016,0.0
chn,2000,19896.85910659
chn,2001,21371.81336226
chn,2002,28145.19722545
chn,2003,38156.91819628
chn,2004,46297.07396964
chn,2005,55033.63035339
chn,2006,63220.68334672
chn,2007,70830.50359141
chn,2008,98799.64250652
chn,2009,139131.532841
chn,2010,161720.81220158
chn,2011,200804.34495491
chn,2012,244951.18546501
chn,2013,289614.0765168
chn,2014,324936.24453717
chn,2015,358640.24408406
chn,2016,372807.47276591
khm,2000,0.0
khm,2001,0.0
khm,2002,0.0
khm,2003,0.0
khm,2004,0.0
khm,2005,0.0
khm,2006,0.0
khm,2007,0.89648779
khm,2008,0.97424343
khm,2009,0.92253432
khm,2010,1.56595411
khm,2011,1.49765891
khm,2012,0.54924582
khm,2013,0.0
khm,2014,0.0
khm,2015,3.62805082
khm,2016,6.12813832
esp,2003,5285.91698452
esp,2004,5583.60143735
esp,2005,5786.40158135
esp,2006,5995.23744159
esp,2007,6031.78199917
esp,2008,6166.5050816
esp,2009,6151.27797303
esp,2010,6358.90724437
esp,2011,6319.42280085
esp,2012,6127.96093213
esp,2013,6180.86218871
esp,2014,6216.62149668
esp,2015,6446.45049757
esp,2016,6515.06271974
tjk,2000,0.0
tjk,2001,0.0
tjk,2002,0.0
tjk,2003,0.0
tjk,2004,0.0
tjk,2005,0.0
tjk,2006,0.0
tjk,2007,0.0
tjk,2008,0.0
tjk,2009,0.0
tjk,2010,0.0
tjk,2011,0.0
tjk,2012,0.0
tjk,2013,0.0
tjk,2014,0.0
tjk,2015,0.0
tjk,2016,0.0
nru,2000,0.0
nru,2001,0.0
nru,2002,0.0
nru,2003,0.0
nru,2004,0.0
nru,2005,0.0
nru,2006,0.0
nru,2007,0.0
nru,2008,0.0
nru,2009,0.0
nru,2010,0.0
nru,2011,0.0
nru,2012,0.0
nru,2013,0.0
nru,2014,0.0
nru,2015,0.0
nru,2016,0.0
moz,2000,6.17886037
moz,2001,8.43615347
moz,2002,7.95768485
moz,2003,8.40128329
moz,2004,8.57274547
moz,2005,9.13041932
moz,2006,11.43911787
moz,2007,12.67955767
moz,2008,13.49631273
moz,2009,16.99314751
moz,2010,18.64396088
moz,2011,21.28606963
moz,2012,21.9149027
moz,2013,25.99852332
moz,2014,34.78475304
moz,2015,30.72326023
moz,2016,29.28656084
mys,2000,81.45592124
mys,2001,93.21271271
mys,2002,99.11406717
mys,2003,107.52005326
mys,2004,121.55488501
mys,2005,130.10042858
mys,2006,120.40490171
mys,2007,128.30148524
mys,2008,94.54805307
mys,2009,102.64283442
mys,2010,119.98469192
mys,2011,131.3847326
mys,2012,142.47203733
mys,2013,173.06811149
mys,2014,200.67106346
mys,2015,169.41795727
mys,2016,197.78933947
isl,2000,0.0
isl,2001,0.0
isl,2002,0.0
isl,2003,0.0
isl,2004,0.0
isl,2005,0.0
isl,2006,0.0
isl,2007,0.0
isl,2008,0.0
isl,2009,0.0
isl,2010,0.0
isl,2011,0.0
isl,2012,0.0
isl,2013,0.0
isl,2014,0.0
isl,2015,0.0
isl,2016,0.0
cze,2000,10030.75137502
cze,2001,10576.86975218
cze,2002,11401.25930882
cze,2003,12350.008699
cze,2004,12667.85443985
cze,2005,13336.96769248
cze,2006,13591.31749284
cze,2007,13846.69558674
cze,2008,14606.45874913
cze,2009,16127.60743609
cze,2010,15659.09455949
cze,2011,16311.35416335
cze,2012,16305.97507919
cze,2013,16109.69676439
cze,2014,16265.30197269
cze,2015,16065.19104813
cze,2016,16085.28446995
ind,2000,1724.53858324
ind,2001,1840.43002788
ind,2002,1965.61971205
ind,2003,2041.20394917
ind,2004,2018.53893269
ind,2005,2493.53377348
ind,2006,2788.09162843
ind,2007,3152.85334599
ind,2008,3134.5567503
ind,2009,4138.17775773
ind,2010,4645.36506148
ind,2011,5282.87220427
ind,2012,6219.04457421
ind,2013,7082.90445313
ind,2014,6999.09479526
ind,2015,11509.53914761
ind,2016,12431.60938438
uga,2000,0.0
uga,2001,0.0
uga,2002,0.0
uga,2003,0.0
uga,2004,0.0
uga,2005,0.0
uga,2006,0.0
uga,2007,0.0
uga,2008,0.0
uga,2009,0.0
uga,2010,0.0
uga,2011,0.0
uga,2012,0.0
uga,2013,0.0
uga,2014,0.0
uga,2015,0.0
uga,2016,0.0
tur,2003,20117.28024507
tur,2004,22255.65794757
tur,2005,21476.87174527
tur,2006,24897.71017458
tur,2007,25836.19693507
tur,2008,29500.00487536
tur,2009,31857.86157774
tur,2010,32563.21187793
tur,2011,34231.0352255
tur,2012,38042.8620412
tur,2013,40620.57414832
tur,2014,41036.24943567
tur,2015,41407.90001504
tur,2016,44256.05427616
tun,2000,605.43533136
tun,2001,686.57836716
tun,2002,785.96869645
tun,2003,899.46466773
tun,2004,1012.61797647
tun,2005,1063.05969317
tun,2006,1208.1010328
tun,2007,1384.73202219
tun,2008,1533.80574477
tun,2009,1744.67535038
tun,2010,1964.83750078
tun,2011,2214.76364628
tun,2012,2479.47445367
tun,2013,2831.40035661
tun,2014,2638.55013691
tun,2015,2553.44490472
tun,2016,2482.80413283
bgd,2000,0.0
bgd,2001,0.0
bgd,2002,0.0
bgd,2003,0.0
bgd,2004,0.0
bgd,2005,0.0
bgd,2006,0.0
bgd,2007,0.0
bgd,2008,0.0
bgd,2009,0.0
bgd,2010,0.0
bgd,2011,0.0
bgd,2012,0.0
bgd,2013,0.0
bgd,2014,0.0
bgd,2015,0.0
bgd,2016,0.0
btn,2000,0.0
btn,2001,0.0
btn,2002,0.0
btn,2003,0.0
btn,2004,0.0
btn,2005,0.0
btn,2006,0.0
btn,2007,0.0
btn,2008,0.0
btn,2009,0.0
btn,2010,0.0
btn,2011,0.0
btn,2012,0.0
btn,2013,0.0
btn,2014,0.0
btn,2015,0.0
btn,2016,0.0
tha,2000,1473.69082204
tha,2001,1760.72778077
tha,2002,1760.88449547
tha,2003,1929.45343883
tha,2004,2090.61303683
tha,2005,2472.94718803
tha,2006,2810.88353444
tha,2007,2865.57032707
tha,2008,2908.67594706
tha,2009,3136.85469018
tha,2010,3180.6196925
tha,2011,3266.77352232
tha,2012,3600.33811228
tha,2013,3652.78440541
tha,2014,3805.81579146
tha,2015,4259.22777684
tha,2016,3516.13796731
swe,2000,0.0
swe,2001,0.0
swe,2002,0.0
swe,2003,0.0
swe,2004,0.0
swe,2005,0.0
swe,2006,0.0
swe,2007,0.0
swe,2008,0.0
swe,2009,0.0
swe,2010,0.0
swe,2011,0.0
swe,2012,0.0
swe,2013,0.0
swe,2014,0.0
swe,2015,0.0
swz,2000,0.0
swz,2001,0.0
swz,2002,0.0
swz,2003,0.0
swz,2004,0.0
swz,2005,0.0
swz,2006,0.0
swz,2007,0.0
swz,2008,0.0
swz,2009,0.0
swz,2010,0.0
swz,2011,0.0
swz,2012,0.0
swz,2013,0.0
swz,2014,0.0
swz,2015,0.0
swz,2016,0.0
zaf,2000,0.0
zaf,2001,0.0
zaf,2002,0.0
zaf,2003,0.0
zaf,2004,0.0
zaf,2005,0.0
zaf,2006,0.0
zaf,2007,0.0
zaf,2008,0.0
zaf,2009,0.0
zaf,2010,0.0
zaf,2011,0.0
zaf,2012,0.0
zaf,2013,0.0
zaf,2014,0.0
zaf,2015,0.0
zaf,2016,0.0
svk,2005,4768.68240587
svk,2006,5055.21551695
svk,2007,5815.40127481
svk,2008,6486.86502174
svk,2009,6779.71518239
svk,2010,6846.58627653
svk,2011,6837.22654017
svk,2012,7027.51770788
svk,2013,7266.81767204
svk,2014,7732.29243777
svk,2015,7894.13844729
svk,2016,8583.33315259
sen,2000,26.3225511
sen,2001,30.18052766
sen,2002,29.83020003
sen,2003,34.14674615
sen,2004,39.40159517
sen,2005,26.27253386
sen,2006,30.59024752
sen,2007,24.14792762
sen,2008,25.91724701
sen,2009,26.82811366
sen,2010,28.37629868
sen,2011,31.24605877
sen,2012,32.17772561
sen,2013,112.47657564
sen,2014,79.89951372
sen,2015,85.13708406
sgp,2000,120.32039599
sgp,2001,99.07759918
sgp,2002,104.09658326
sgp,2003,348.73729037
sgp,2004,337.57504855
sgp,2005,443.90913255
sgp,2006,498.59172889
sgp,2007,438.42011081
sgp,2008,633.28608574
sgp,2009,351.10911204
sgp,2010,433.31686665
sgp,2011,532.4948231
sgp,2012,651.63127116
sgp,2013,773.48678043
sgp,2014,973.70513701
sgp,2015,1181.75858666
sgp,2016,1565.91460714
wsm,2000,0.0
wsm,2001,0.0
wsm,2002,0.0
wsm,2003,0.0
wsm,2004,0.0
wsm,2005,0.0
wsm,2006,0.0
wsm,2007,0.0
wsm,2008,0.0
wsm,2009,0.0
wsm,2010,0.0
wsm,2011,0.0
wsm,2012,0.0
wsm,2013,0.0
wsm,2014,0.0
wsm,2015,0.0
wsm,2016,0.0
rou,2000,6621.33876769
rou,2001,7032.32059307
rou,2002,7864.97917669
rou,2003,9837.29967115
rou,2004,9722.59227242
rou,2005,11174.42854715
rou,2006,11337.27481338
rou,2007,12274.3837313
rou,2008,13409.03452774
rou,2009,12145.13289055
rou,2010,13013.01118859
rou,2011,10764.34487724
rou,2012,11219.24105629
rou,2013,12719.53446617
rou,2014,12620.02222622
rou,2015,12634.41315931
rou,2016,13488.28100081
pol,2003,21827.40491034
pol,2004,21338.99534669
pol,2005,22681.27408323
pol,2006,24277.65598157
pol,2007,26902.204328
pol,2008,31480.05973443
pol,2009,33680.46578727
pol,2010,33869.62074666
pol,2011,33861.55952898
pol,2012,33744.82495195
pol,2013,33550.98317683
pol,2014,34326.43622802
pol,2015,35837.51941022
pol,2016,37335.31464866
phl,2000,723.29044176
phl,2001,779.16815046
phl,2002,838.93149715
phl,2003,973.24449736
phl,2004,1101.07618016
phl,2005,1244.56623787
phl,2006,1171.25393407
phl,2007,1118.35938441
phl,2008,1122.9276761
phl,2009,1391.82255558
phl,2010,1631.82426355
phl,2011,1764.73248516
phl,2012,2226.35991013
phl,2013,2550.85942142
phl,2014,2977.14769763
phl,2015,3954.27649099
phl,2016,4098.90898754
npl,2000,0.0
npl,2001,0.0
npl,2002,0.0
npl,2003,0.0
npl,2004,0.0
npl,2005,0.0
npl,2006,0.0
npl,2007,0.0
npl,2008,0.0
npl,2009,0.0
npl,2010,0.0
npl,2011,0.0
npl,2012,0.0
npl,2013,0.43756156
npl,2014,0.72024926
npl,2015,1.47141207
npl,2016,0.67722564
fsm,2000,5.10524592
fsm,2001,4.91168612
fsm,2002,4.62472395
fsm,2003,6.09780801
fsm,2004,6.71253185
fsm,2005,8.60385607
fsm,2006,8.66475304
fsm,2007,8.0133031
fsm,2008,7.53046953
fsm,2009,6.87544995
fsm,2010,6.6204765
fsm,2011,7.23123105
fsm,2012,7.12648481
fsm,2013,7.41994608
fsm,2014,7.26563535
fsm,2015,8.14761857
fsm,2016,9.01246595
mng,2000,88.01302975
mng,2001,122.61578519
mng,2002,145.93310981
mng,2003,116.78843308
mng,2004,105.60787514
mng,2005,97.08097742
mng,2006,89.91420162
mng,2007,78.49186491
mng,2008,103.11041374
mng,2009,130.53149405
mng,2010,167.29617889
mng,2011,164.44438328
mng,2012,179.94266441
mng,2013,189.5650552
mng,2014,254.78640758
mng,2015,239.03335051
mng,2016,253.38389159
ltu,2000,1612.45230433
ltu,2001,1659.25574883
ltu,2002,1696.35821819
ltu,2003,1871.57643385
ltu,2004,1819.38436832
ltu,2005,1974.00359193
ltu,2006,2268.1461362
ltu,2007,2520.82706829
ltu,2008,2752.89243849
ltu,2009,2780.65451056
ltu,2010,2605.12597138
ltu,2011,2630.99193481
ltu,2012,2506.7162812
ltu,2013,2503.51183936
ltu,2014,2616.26838425
ltu,2015,2776.51195117
ltu,2016,2917.25732905
mli,2000,4.39485779
mli,2001,2.57045731
mli,2002,2.91780108
mli,2003,2.91126562
mli,2004,4.32328477
mli,2005,5.08197413
mli,2006,6.13674095
mli,2007,7.41692363
mli,2008,8.77978747
mli,2009,10.54878979
mli,2010,12.77222689
mli,2011,14.39088373
mli,2012,17.38474835
mli,2013,21.8167211
mli,2014,53.04262553
mli,2015,100.67412642
mli,2016,127.82047187
lao,2000,6.0668769
lao,2001,6.54348624
lao,2002,8.82308493
lao,2003,10.87369382
lao,2004,13.12314177
lao,2005,12.6659095
lao,2006,13.08267257
lao,2007,14.86562608
lao,2008,7.38104084
lao,2009,9.72823689
lao,2010,12.77440762
lao,2011,6.58457472
lao,2012,10.29118907
lao,2013,11.87710856
lao,2014,14.83632067
lao,2015,16.70050927
lao,2016,23.64298102
kwt,2000,0.0
kwt,2001,0.0
kwt,2002,0.0
kwt,2003,0.0
kwt,2004,0.0
kwt,2005,0.0
kwt,2006,0.0
kwt,2007,0.0
kwt,2008,0.0
kwt,2009,0.0
kwt,2010,0.0
kwt,2011,0.0
kwt,2012,0.0
kwt,2013,0.0
kwt,2014,0.0
kwt,2015,0.0
kwt,2016,0.0
jor,2000,162.82022426
jor,2001,185.50732196
jor,2002,231.23898158
jor,2003,226.4147578
jor,2004,242.1322041
jor,2005,298.06173477
jor,2006,269.36893033
jor,2007,346.63992502
jor,2008,744.74534334
jor,2009,1144.20664556
jor,2010,1019.70126803
jor,2011,1142.17459164
jor,2012,242.8834024
jor,2013,305.66480379
jor,2014,333.51988611
jor,2015,263.15261934
jor,2016,258.33816547
irl,2011,59.27633943
irl,2012,52.05918571
irl,2013,64.46402162
irl,2014,60.59985619
irl,2015,64.50200146
irl,2016,68.54331205
isr,2006,6011.23075474
isr,2007,6138.44455069
isr,2008,6436.45031242
isr,2009,6560.92648257
isr,2010,7129.46053623
isr,2011,7479.49883904
isr,2012,7720.21487194
isr,2013,8086.48870987
isr,2014,8295.91179846
isr,2015,8801.1582676
isr,2016,9276.48464365
irq,2003,0.0
irq,2004,0.0
irq,2005,0.0
irq,2006,0.0
irq,2007,0.0
irq,2008,0.0
irq,2009,0.0
irq,2010,0.0
irq,2011,0.0
irq,2012,0.10900463
irq,2013,0.13118932
irq,2014,0.23452188
irq,2015,0.11713045
irq,2016,0.0
hun,2003,9727.66366429
hun,2004,10034.50484775
hun,2005,10789.37910739
hun,2006,11040.08482628
hun,2007,9698.28909983
hun,2008,9641.71907269
hun,2009,9133.10145482
hun,2010,9554.11572809
hun,2011,9666.65574577
hun,2012,9155.19556924
hun,2013,9231.55085913
hun,2014,9344.3873041
hun,2015,9394.91040598
hun,2016,10350.88248916
gnb,2000,1.48418454
gnb,2001,1.15791159
gnb,2002,0.84455939
gnb,2003,1.05305995
gnb,2004,1.47216454
gnb,2005,1.37811933
gnb,2006,1.35851348
gnb,2007,1.69203095
gnb,2008,1.62829844
gnb,2009,1.55802518
gnb,2010,1.51334307
gnb,2011,1.45208525
gnb,2012,1.07836999
gnb,2013,1.06557191
gnb,2014,2.01826693
gnb,2015,2.02759271
gnb,2016,1.91862627
gha,2000,0.0
gha,2001,0.0
gha,2002,0.0
gha,2003,0.0
gha,2004,0.0
gha,2005,541.08903898
gha,2006,358.36777105
gha,2007,428.30371852
gha,2008,552.03209365
gha,2009,794.61581145
gha,2010,847.9158486
gha,2011,1070.3883101
gha,2012,722.10268955
gha,2013,826.55484402
gha,2014,498.10685917
gha,2015,585.46635746
gha,2016,538.68029052
geo,2000,37.26274026
geo,2001,46.37173986
geo,2002,37.56425603
geo,2003,74.73295538
geo,2004,0.0
geo,2005,0.0
geo,2006,0.0
geo,2007,0.0
geo,2008,0.0
geo,2009,0.0
geo,2010,0.0
geo,2011,0.0
geo,2012,0.0
geo,2013,0.0
geo,2014,0.0
geo,2015,0.0
geo,2016,0.0
gmb,2000,0.0
gmb,2001,0.0
gmb,2002,0.0
gmb,2003,0.0
gmb,2004,0.0
gmb,2005,0.0
gmb,2006,0.0
gmb,2007,0.0
gmb,2008,0.0
gmb,2009,0.0
gmb,2010,0.0
gmb,2011,0.0
gmb,2012,0.0
gmb,2013,0.0
gmb,2014,0.0
gmb,2015,0.0
gmb,2016,0.0
fin,2000,1745.38656408
fin,2001,1857.68031858
fin,2002,2018.23012767
fin,2003,2177.54713182
fin,2004,2335.6473138
fin,2005,2418.51253018
fin,2006,2516.92276988
fin,2007,2558.73296849
fin,2008,2692.04991927
fin,2009,2671.10234461
fin,2010,2660.27503387
fin,2011,2694.4715182
fin,2012,2709.93284997
fin,2013,2624.38569417
fin,2014,2630.60655742
fin,2015,2652.35840782
fin,2016,2553.68207206
fji,2000,0.0
fji,2001,0.0
fji,2002,0.0
fji,2003,0.0
fji,2004,0.0
fji,2005,0.0
fji,2006,0.0
fji,2007,0.0
fji,2008,0.0
fji,2009,0.0
fji,2010,0.0
fji,2011,0.0
fji,2012,0.0
fji,2013,0.0
fji,2014,0.0
fji,2015,0.0
eri,2000,0.0
eri,2001,0.0
eri,2002,0.0
eri,2003,0.0
eri,2004,0.0
eri,2005,0.0
eri,2006,0.0
eri,2007,0.0
eri,2008,0.0
eri,2009,0.0
eri,2010,0.0
eri,2011,0.0
eri,2012,0.0
eri,2013,0.0
eri,2014,0.0
eri,2015,0.0
eri,2016,0.0
cyp,2015,5.67151177
cyp,2016,5.96407907
cub,2000,0.0
cub,2001,0.0
cub,2002,0.0
cub,2003,0.0
cub,2004,0.0
cub,2005,0.0
cub,2006,0.0
cub,2007,0.0
cub,2008,0.0
cub,2009,0.0
cub,2010,0.0
cub,2011,0.0
cub,2012,0.0
cub,2013,0.0
cub,2014,0.0
cub,2015,0.0
cub,2016,0.0
hrv,2000,4280.30602849
hrv,2001,4004.47185442
hrv,2002,3504.55355076
hrv,2003,3924.3550393
hrv,2004,4136.73663086
hrv,2005,4107.79017156
hrv,2006,4161.70603875
hrv,2007,4334.29978439
hrv,2008,4680.91606815
hrv,2009,4655.03218662
hrv,2010,4458.27244982
hrv,2011,4983.75767893
hrv,2012,4955.78008284
hrv,2013,4415.12733233
hrv,2014,4407.75239703
hrv,2015,4564.37357154
hrv,2016,4773.04277636
bih,2000,937.30526389
bih,2001,1024.93282773
bih,2002,1101.37968386
bih,2003,1421.06376841
bih,2004,1383.66541676
bih,2005,1373.01107591
bih,2006,1476.76289131
bih,2007,1669.2218987
bih,2008,1827.06131477
bih,2009,2066.8611272
bih,2010,2110.64295247
bih,2011,2174.75487319
bih,2012,2229.09887971
bih,2013,2297.53847707
bih,2014,2335.11082684
bih,2015,2376.90555179
bih,2016,2426.41887153
bgr,2000,314.43122108
bgr,2001,1020.00850616
bgr,2002,1343.08095177
bgr,2003,1773.62942721
bgr,2004,1903.85463821
bgr,2005,2170.33726545
bgr,2006,2571.12594158
bgr,2007,2632.98339041
bgr,2008,2743.93168417
bgr,2009,2637.50809492
bgr,2010,3012.01692034
bgr,2011,3122.33243705
bgr,2012,3424.83710094
bgr,2013,3776.79525231
bgr,2014,4337.23573294
bgr,2015,4101.22922203
bgr,2016,4229.31399548
bel,2003,22167.32283791
bel,2004,23650.35241522
bel,2005,23816.18641335
bel,2006,23943.26446248
bel,2007,24946.06390216
bel,2008,26759.31636438
bel,2009,28351.09736279
bel,2010,28861.91590574
bel,2011,29813.22805135
bel,2012,30250.94427165
bel,2013,30718.8149233
bel,2014,31415.59038146
bel,2015,28459.04843422
bel,2016,28506.27256612
aut,2004,14129.06853771
aut,2005,14368.28008891
aut,2006,14651.6184477
aut,2007,15270.69164034
aut,2008,15670.38313692
aut,2009,15683.80664305
aut,2010,15678.26587136
aut,2011,15871.28314073
aut,2012,16183.84815754
aut,2013,16330.46733245
aut,2014,16695.61220511
aut,2015,16932.10939322
aut,2016,17340.86043869
and,2000,95.77683761
and,2001,99.49041269
and,2002,96.38768932
and,2003,93.8539258
and,2004,90.97044848
and,2005,88.38976076
and,2006,85.79805896
and,2007,82.74544093
and,2008,81.27994372
and,2009,81.42106549
and,2010,80.27777778
and,2011,78.45538635
and,2012,77.73586056
and,2013,76.39531139
and,2014,79.15529445
and,2015,82.21297693
and,2016,77.63304109
alb,2000,79.59918336
alb,2001,93.84737897
alb,2002,109.06138371
alb,2003,104.99511018
alb,2004,160.62733546
alb,2005,194.37514837
alb,2006,164.52693452
alb,2007,255.35532535
alb,2008,269.85093728
alb,2009,543.80322908
alb,2010,507.13624496
alb,2011,607.96063026
alb,2012,631.50226738
alb,2013,658.49362197
alb,2014,728.4054535
alb,2015,716.16627927
alb,2016,706.75565737
ukr,2000,0.0
ukr,2001,0.0
ukr,2002,0.0
ukr,2003,0.0
ukr,2004,0.0
ukr,2005,0.0
ukr,2006,0.0
ukr,2007,0.0
ukr,2008,0.0
ukr,2009,0.0
ukr,2010,0.0
ukr,2011,0.0
ukr,2012,0.0
ukr,2013,0.0
ukr,2014,0.0
ukr,2015,0.0
ukr,2016,0.0
ton,2000,0.0
ton,2001,0.0
ton,2002,0.0
ton,2003,0.0
ton,2004,0.0
ton,2005,0.0
ton,2006,0.0
ton,2007,0.0
ton,2008,0.0
ton,2009,0.0
ton,2010,0.0
ton,2011,0.0
ton,2012,0.0
ton,2013,0.0
ton,2014,0.0
ton,2015,0.0
ton,2016,0.0
che,2000,13229.40566011
che,2001,13869.49750522
che,2002,14786.59461373
che,2003,15430.84917664
che,2004,16204.96965436
che,2005,17026.61554214
che,2006,16741.73951962
che,2007,17160.50816179
che,2008,17115.09209303
che,2009,17659.49964167
che,2010,18079.51107082
che,2011,18476.41485912
che,2012,19140.43571358
che,2013,20578.78810862
che,2014,21163.59267789
che,2015,22377.98293324
che,2016,23401.72652491
lka,2000,20.00429891
lka,2001,19.4779394
lka,2002,27.09749141
lka,2003,25.39132948
lka,2004,29.06318526
lka,2005,33.84054609
lka,2006,30.06917267
lka,2007,32.18479742
lka,2008,32.1525839
lka,2009,28.63184084
lka,2010,27.31678668
lka,2011,28.33143318
lka,2012,28.86288575
lka,2013,30.28370491
lka,2014,31.27378926
lka,2015,34.02333499
lka,2016,40.01844062
slb,2000,0.0
slb,2001,0.0
slb,2002,0.0
slb,2003,0.0
slb,2004,0.0
slb,2005,0.0
slb,2006,0.0
slb,2007,0.0
slb,2008,0.0
slb,2009,0.0
slb,2010,0.0
slb,2011,0.0
slb,2012,0.0
slb,2013,0.0
slb,2014,0.0
slb,2015,0.0
slb,2016,0.0
stp,2000,0.0
stp,2001,0.0
stp,2002,0.0
stp,2003,0.0
stp,2004,0.0
stp,2005,0.0
stp,2006,0.0
stp,2007,0.0
stp,2008,0.0
stp,2009,0.0
stp,2010,0.0
stp,2011,0.0
stp,2012,0.0
stp,2013,0.0
stp,2014,0.047917
stp,2015,0.06781161
stp,2016,0.06612379
prt,2000,190.52967613
prt,2001,196.91224162
prt,2002,205.36964628
prt,2003,195.29648796
prt,2004,201.69853262
prt,2005,201.64574961
prt,2006,218.15779656
prt,2007,225.15678993
prt,2008,253.83393932
prt,2009,294.03579227
prt,2010,281.19312843
prt,2011,289.41188544
prt,2012,295.45212954
prt,2013,287.31822462
prt,2014,312.11746928
prt,2015,306.57705058
prt,2016,313.05629453
omn,2016,0.0
nor,2003,3770.87124797
nor,2004,3837.90904258
nor,2005,3311.36496594
nor,2006,2970.31868326
nor,2007,3015.84772212
nor,2008,2804.95352482
nor,2009,3094.66830819
nor,2010,3130.24784082
nor,2011,2835.87661517
nor,2012,2868.1691817
nor,2013,2862.44328245
nor,2014,3066.35373118
nor,2015,3410.4013043
nor,2016,3558.01246771
lbr,2000,0.0
lbr,2001,0.0
lbr,2002,0.0
lbr,2003,0.0
lbr,2004,0.0
lbr,2005,0.0
lbr,2006,0.0
lbr,2007,0.0
lbr,2008,0.0
lbr,2009,0.0
lbr,2010,0.0
lbr,2011,0.0
lbr,2012,0.0
lbr,2013,0.0
lbr,2014,0.0
lbr,2015,0.0
lbr,2016,0.0
lva,2000,0.0
lva,2001,0.0
lva,2002,0.0
lva,2003,0.0
lva,2004,0.0
lva,2005,0.0
lva,2006,0.0
lva,2007,0.0
lva,2008,0.0
lva,2009,0.0
lva,2010,0.0
lva,2011,0.0
lva,2012,0.0
lva,2013,0.0
lva,2014,0.0
lva,2015,0.0
lva,2016,0.0
irn,2000,6622.63378025
irn,2001,7148.38780446
irn,2002,7787.84305178
irn,2003,8720.12855243
irn,2004,9104.90591933
irn,2005,10257.11694722
irn,2006,10826.82958501
irn,2007,11314.44388808
irn,2008,12026.10781045
irn,2009,13701.87987628
irn,2010,14252.3163344
irn,2011,13664.1561213
irn,2012,14536.36251474
irn,2013,14657.59643347
irn,2014,22315.8633962
irn,2015,25489.7671287
irn,2016,31349.54923224
kir,2000,0.0
kir,2001,0.0
kir,2002,0.0
kir,2003,0.0
kir,2004,0.0
kir,2005,0.0
kir,2006,0.0
kir,2007,0.0
kir,2008,0.0
kir,2009,0.0
kir,2010,0.0
kir,2011,0.0
kir,2012,0.0
kir,2013,0.0
kir,2014,0.0
kir,2015,0.0
kir,2016,0.0
jpn,2000,217424.10517828
jpn,2001,225676.02983524
jpn,2002,228340.07693328
jpn,2003,233473.22345764
jpn,2004,241111.00170203
jpn,2005,252935.44135012
jpn,2006,254295.38092137
jpn,2007,264880.77540598
jpn,2008,269994.30952639
jpn,2009,280871.73004756
jpn,2010,297663.73570381
jpn,2011,356241.10950475
jpn,2012,368545.34982737
jpn,2013,379179.67383328
jpn,2014,380062.82194158
jpn,2015,387951.16739137
jpn,2016,390829.73460073
idn,2000,483.55468292
idn,2001,886.34032884
idn,2002,739.03042379
idn,2003,951.34741275
idn,2004,1005.30332526
idn,2005,1855.22526785
idn,2006,2911.53646879
idn,2007,3070.30081123
idn,2008,2571.56247702
idn,2009,3039.82579588
idn,2010,3360.94021527
idn,2011,3987.76825736
idn,2012,4566.4252711
idn,2013,6005.20759419
idn,2014,11103.99408521
idn,2015,13994.89741414
idn,2016,15892.45013
dji,2000,6.64118406
dji,2001,6.1055513
dji,2002,7.03547839
dji,2003,8.02053742
dji,2004,8.51455766
dji,2005,8.62268067
dji,2006,9.17745008
dji,2007,9.73136247
dji,2008,11.06914942
dji,2009,12.06826989
dji,2010,10.79546446
dji,2011,17.30748031
dji,2012,15.84465873
dji,2013,16.40063924
dji,2014,16.30437837
dji,2015,16.34084614
dji,2016,0.0
bhr,2000,0.0
bhr,2001,0.25178542
bhr,2002,0.26642062
bhr,2003,0.25323051
bhr,2004,0.2780598
bhr,2005,0.24448271
bhr,2006,0.3801218
bhr,2007,0.60019635
bhr,2008,0.92523315
bhr,2009,1.06342765
bhr,2010,1.23469388
bhr,2011,1.22742446
bhr,2012,1.40363103
bhr,2013,1.39825052
bhr,2014,0.57612463
bhr,2015,1.00902635
bhr,2016,1.01253957
afg,2002,0.0
afg,2003,0.0
afg,2004,0.0
afg,2005,0.0
afg,2006,0.0
afg,2007,0.0
afg,2008,0.0
afg,2009,0.0
afg,2010,0.0
afg,2011,0.0
afg,2012,0.0
afg,2013,0.0
afg,2014,0.0
afg,2015,0.0
afg,2016,0.0
zmb,2000,0.0
zmb,2001,0.0
zmb,2002,0.0
zmb,2003,0.0
zmb,2004,0.0
zmb,2005,0.0
zmb,2006,0.0
zmb,2007,0.0
zmb,2008,0.0
zmb,2009,0.0
zmb,2010,0.0
zmb,2011,0.0
zmb,2012,0.0
zmb,2013,0.0
zmb,2014,0.0
zmb,2015,0.0
zmb,2016,0.0
tuv,2000,0.0
tuv,2001,0.0
tuv,2002,0.0
tuv,2003,0.0
tuv,2004,0.0
tuv,2005,0.0
tuv,2006,0.0
tuv,2007,0.0
tuv,2008,0.0
tuv,2009,0.0
tuv,2010,0.0
tuv,2011,0.0
tuv,2012,0.0
tuv,2013,0.0
tuv,2014,0.0
tuv,2015,0.0
tuv,2016,0.0
tls,2002,0.0
tls,2003,0.0
tls,2004,0.0
tls,2005,0.0
tls,2006,0.0
tls,2007,0.0
tls,2008,0.0
tls,2009,0.0
tls,2010,0.0
tls,2011,0.0
tls,2012,0.0
tls,2013,0.0
tls,2014,0.0
tls,2015,0.0
tls,2016,0.0
sdn,2000,59.36100746
sdn,2001,106.59276594
sdn,2002,184.8893405
sdn,2003,197.57454501
sdn,2004,181.86535873
sdn,2005,162.16790963
sdn,2006,233.49261529
sdn,2007,290.02747023
sdn,2008,359.92763091
sdn,2009,344.81695591
sdn,2010,339.02600618
sdn,2011,314.04869474
sdn,2012,214.39486951
sdn,2013,225.79771769
sdn,2014,217.60454882
sdn,2015,241.33605296
sdn,2016,135.71469755
syc,2010,0.20709614
syc,2011,0.19561646
syc,2012,0.14899652
syc,2013,0.06477988
syc,2015,0.02359246
syc,2016,0.02867753
smr,2000,63.02745467
smr,2001,65.87873797
smr,2002,62.51662078
smr,2003,58.59177898
smr,2004,68.38616899
smr,2005,70.23965525
smr,2006,73.7673631
smr,2007,82.49362552
smr,2008,89.24106101
smr,2009,89.59907427
smr,2010,92.38651995
smr,2011,95.05243696
smr,2012,96.19606123
smr,2013,90.43113211
smr,2014,87.8497254
smr,2015,84.13750362
smr,2016,80.9102453
srb,2000,2251.6087857
srb,2001,2548.27538577
srb,2002,3463.58863634
srb,2003,3532.06717814
srb,2004,3798.10546898
srb,2005,4113.19807256
srb,2006,4270.43812146
srb,2007,4927.9184721
srb,2008,5204.98229908
srb,2009,5019.0819069
srb,2010,5182.64152939
srb,2011,5028.39785459
srb,2012,5130.58135889
srb,2013,5079.92001942
srb,2014,4838.16807171
srb,2015,4600.25449616
srb,2016,4618.6371274
ner,2000,3.86528491
ner,2001,4.27258012
ner,2002,4.7048277
ner,2003,4.66951814
ner,2004,4.59821607
ner,2005,4.35084926
ner,2006,4.32076327
ner,2007,4.34869342
ner,2008,4.34056425
ner,2009,4.16928644
ner,2010,4.53525106
ner,2011,4.95036301
ner,2012,5.36704319
ner,2013,8.81185968
ner,2014,16.12350141
ner,2015,13.46898088
ner,2016,12.5756585
rus,2000,23924.55900052
rus,2001,25257.90999475
rus,2002,28713.95815199
rus,2003,28167.18339888
rus,2004,28144.89045064
rus,2005,33393.57897332
rus,2006,37763.2828534
rus,2007,39967.02369356
rus,2008,37770.1815307
rus,2009,43189.8777733
rus,2010,37004.8783745
rus,2011,49571.33963367
rus,2012,51882.73734302
rus,2013,59930.47480565
rus,2014,61751.02974009
rus,2015,64827.52660799
rus,2016,64295.3222337
mmr,2000,3.35287
mmr,2001,3.13111111
mmr,2002,4.85386758
mmr,2003,2.42569047
mmr,2004,3.1571718
mmr,2005,3.27177408
mmr,2006,5.35778471
mmr,2007,4.59408607
mmr,2008,4.39245542
mmr,2009,5.07134193
mmr,2010,17.56195858
mmr,2011,15.93912445
mmr,2012,10.76133757
mmr,2013,13.83639348
mmr,2014,22.16895085
mmr,2015,44.43959703
mmr,2016,43.35141924
mar,2000,0.0
mar,2001,0.0
mar,2002,0.0
mar,2003,0.0
mar,2004,0.0
mar,2005,0.0
mar,2006,1414.11312876
mar,2007,1473.57554262
mar,2008,1714.51153811
mar,2009,2003.25357293
mar,2010,2244.65632456
mar,2011,2464.2716245
mar,2012,2710.51298244
mar,2013,2862.21077446
mar,2014,2938.3675377
mar,2015,2901.60163418
mar,2016,3976.43212223
mrt,2007,17.75655333
mrt,2008,15.97761183
mrt,2009,42.74017841
mrt,2010,28.36654199
mrt,2011,31.08131814
mrt,2012,35.07936374
mrt,2013,38.8161255
mrt,2014,57.78141518
mrt,2015,60.1435382
mrt,2016,52.42026442
mdv,2000,0.0
mdv,2001,0.0
mdv,2002,0.0
mdv,2003,0.0
mdv,2004,0.0
mdv,2005,0.0
mdv,2006,0.0
mdv,2007,0.0
mdv,2008,94.36177609
mdv,2009,61.88065312
mdv,2010,74.75015845
mdv,2011,129.08410973
mdv,2012,169.24909575
mdv,2013,79.08377825
mdv,2014,105.89762808
mdv,2015,132.13279192
mdv,2016,157.87502149
mhl,2000,10.38064641
mhl,2001,8.9914712
mhl,2002,8.03907879
mhl,2003,3.07349848
mhl,2004,3.06564434
mhl,2005,3.54730806
mhl,2006,4.25257338
mhl,2007,4.32597996
mhl,2008,4.11125516
mhl,2009,4.51686029
mhl,2010,3.25304244
mhl,2011,4.00158943
mhl,2012,3.71493817
mhl,2013,4.574997
mhl,2014,4.51615195
mhl,2015,5.61522981
mhl,2016,6.09166059
mdg,2000,0.0
mdg,2001,0.0
mdg,2002,0.0
mdg,2003,0.0
mdg,2004,0.0
mdg,2005,0.0
mdg,2006,0.0
mdg,2007,0.0
mdg,2008,0.0
mdg,2009,0.0
mdg,2010,0.0
mdg,2011,0.0
mdg,2012,0.0
mdg,2013,0.0
mdg,2014,0.0
mdg,2015,0.0
mdg,2016,0.0
lux,2000,1433.22254624
lux,2001,1597.21149977
lux,2002,1767.7070788
lux,2003,1864.77199307
lux,2004,2060.31978036
lux,2005,2055.71353603
lux,2006,2015.99101446
lux,2007,2067.5837895
lux,2008,2238.37668845
lux,2009,2331.92440531
lux,2010,2346.1442392
lux,2011,2104.59652803
lux,2012,2211.50219206
lux,2013,2281.38056867
lux,2014,2344.97462546
lux,2015,2301.15779175
lux,2016,2326.85707006
lbn,2000,445.80923231
lbn,2001,458.04787486
lbn,2002,443.66885563
lbn,2003,443.5106691
lbn,2004,446.58426089
lbn,2005,459.39413494
lbn,2006,741.84634456
lbn,2007,838.9962006
lbn,2008,746.9121638
lbn,2009,619.48478922
lbn,2010,878.37613861
lbn,2011,1250.35251516
lbn,2012,1776.58097134
lbn,2013,1618.92179514
lbn,2014,1494.90331778
lbn,2015,1411.69442314
lbn,2016,1544.87123094
gin,2000,10.51030403
gin,2001,13.44751786
gin,2002,25.01217714
gin,2003,16.61801552
gin,2004,9.31830521
gin,2005,10.85486968
gin,2006,10.42059858
gin,2007,10.71361673
gin,2008,11.57606449
gin,2009,9.89280646
gin,2010,14.99439623
gin,2011,21.80691794
gin,2012,22.39723717
gin,2013,19.74129969
gin,2014,17.40389678
gin,2015,18.42482029
gin,2016,17.03912846
gab,2000,33.49438006
gab,2001,46.91706831
gab,2002,43.44009468
gab,2003,36.49723632
gab,2004,36.25328724
gab,2005,35.78493711
gab,2006,35.72254197
gab,2007,34.84597237
gab,2008,34.60993574
gab,2009,89.34916417
gab,2010,116.50932635
gab,2011,141.84122375
gab,2012,108.51783597
gab,2013,165.02136657
gab,2014,165.34191377
gab,2015,208.14100736
gab,2016,239.90312323
deu,2000,203597.94595232
deu,2001,207392.43116959
deu,2002,211550.92325364
deu,2003,213002.86323682
deu,2004,205494.92514425
deu,2005,210163.09907566
deu,2006,214962.79826435
deu,2007,219064.25143461
deu,2008,226472.25660189
deu,2009,263441.38262531
deu,2010,270584.75409693
deu,2011,272634.43091495
deu,2012,274904.94443621
deu,2013,282851.13174776
deu,2014,291289.85453538
deu,2015,299401.76321152
deu,2016,307488.14451258
grc,2008,10492.86187179
grc,2009,12975.15692148
grc,2010,11708.12012793
grc,2011,11309.57980817
grc,2012,8564.41082347
grc,2013,6795.57261388
grc,2014,5841.80265873
grc,2015,6146.78269969
grc,2016,6520.79861645
fra,2003,163066.38517707
fra,2004,168948.62735365
fra,2005,172492.56099169
fra,2006,173905.57954103
fra,2007,176207.40896128
fra,2008,177821.88824639
fra,2009,184595.55011915
fra,2010,186670.73013627
fra,2011,190085.92836897
fra,2012,192458.19240232
fra,2013,195875.45998149
fra,2014,200956.90525973
fra,2015,201920.35447059
fra,2016,223115.23146351
est,2000,732.81649401
est,2001,727.33024306
est,2002,755.87259968
est,2003,825.67100019
est,2004,903.74821279
est,2005,969.34588428
est,2006,998.50121774
est,2007,1142.25184208
est,2008,1253.80526972
est,2009,1237.15999822
est,2010,1191.66248077
est,2011,1183.71207794
est,2012,1238.23370513
est,2013,1279.11826642
est,2014,1374.80226562
est,2015,1446.40268527
est,2016,1526.14082434
civ,2000,15.54740616
civ,2001,13.82753063
civ,2002,15.56864341
civ,2003,14.86088812
civ,2004,16.033161
civ,2005,16.41586049
civ,2006,17.72466814
civ,2007,18.51274009
civ,2008,18.65997606
civ,2009,18.99737901
civ,2010,19.48839734
civ,2011,17.03296226
civ,2012,17.00158091
civ,2013,21.51782642
civ,2014,20.22014167
civ,2015,21.14383201
civ,2016,11.75413943
gnq,2000,0.0
gnq,2001,0.0
gnq,2002,0.0
gnq,2003,0.0
gnq,2004,0.0
gnq,2005,0.0
gnq,2006,0.0
gnq,2007,0.0
gnq,2008,0.0
gnq,2009,0.0
gnq,2010,0.0
gnq,2011,0.0
gnq,2012,0.0
gnq,2013,0.0
gnq,2014,0.0
gnq,2015,0.0
gnq,2016,0.0
com,2000,1.06326237
com,2001,1.47767756
com,2002,1.69095184
com,2003,1.53990387
com,2004,1.43832599
com,2005,1.48290566
com,2006,1.60549584
com,2007,1.69514836
com,2008,1.99524627
com,2009,1.79653805
com,2010,1.76405798
com,2011,1.80136127
com,2012,2.1237232
com,2013,2.18406204
com,2014,2.14997363
com,2015,2.44225403
com,2016,2.7948616
cog,2000,0.0
cog,2001,0.0
cog,2002,0.0
cog,2003,0.0
cog,2004,0.0
cog,2005,0.0
cog,2006,0.0
cog,2007,0.0
cog,2008,0.0
cog,2009,0.0
cog,2010,0.0
cog,2011,0.0
cog,2012,0.0
cog,2013,0.0
cog,2014,0.0
cog,2015,0.0
cog,2016,0.0
caf,2000,0.0
caf,2001,0.0
caf,2002,0.0
caf,2003,0.0
caf,2004,0.0
caf,2005,0.0
caf,2006,0.0
caf,2007,0.0
caf,2008,0.0
caf,2009,0.0
caf,2010,0.0
caf,2011,0.0
caf,2012,0.0
caf,2013,0.0
caf,2014,0.0
caf,2015,0.0
caf,2016,0.0
tcd,2000,0.0
tcd,2001,0.0
tcd,2002,0.0
tcd,2003,0.0
tcd,2004,0.0
tcd,2005,0.0
tcd,2006,0.0
tcd,2007,0.0
tcd,2008,0.0
tcd,2009,0.0
tcd,2010,0.0
tcd,2011,0.0
tcd,2012,0.0
tcd,2013,0.0
tcd,2014,0.0
tcd,2015,0.0
tcd,2016,0.0
cpv,2000,19.02043347
cpv,2001,21.9138122
cpv,2002,21.96127586
cpv,2003,22.25323566
cpv,2004,22.5332938
cpv,2005,22.67266838
cpv,2006,25.8460627
cpv,2007,26.28462764
cpv,2008,25.79179344
cpv,2009,25.34354325
cpv,2010,25.77949321
cpv,2011,29.42368953
cpv,2012,31.30865459
cpv,2013,29.92840194
cpv,2014,27.51924889
cpv,2015,28.67248706
cpv,2016,28.46909295
bdi,2000,17.37250277
bdi,2001,18.20372724
bdi,2002,17.65419602
bdi,2003,27.4092545
bdi,2004,31.822992
bdi,2005,26.97734492
bdi,2006,31.29625083
bdi,2007,34.58849921
bdi,2008,46.47306207
bdi,2009,44.56618462
bdi,2010,42.35024834
bdi,2011,48.78728369
bdi,2012,51.00457148
bdi,2013,0.59506727
bdi,2014,75.64506171
bdi,2015,47.05406122
bdi,2016,4.17232489
bwa,2000,0.0
bwa,2001,0.0
bwa,2002,0.0
bwa,2003,0.0
bwa,2004,0.0
bwa,2005,0.0
bwa,2006,0.0
bwa,2007,0.0
bwa,2008,0.0
bwa,2009,0.0
bwa,2010,0.0
bwa,2011,0.0
bwa,2012,0.0
bwa,2013,0.0
bwa,2014,0.0
bwa,2015,0.0
bwa,2016,0.0
ben,2000,5.39624748
ben,2001,5.6139798
ben,2002,5.81173339
ben,2003,5.38362777
ben,2004,5.48778343
ben,2005,5.90774234
ben,2006,5.6489
ben,2007,7.27757986
ben,2008,7.0254908
ben,2009,8.39783936
ben,2010,7.10172496
ben,2011,7.65022371
ben,2012,7.7505145
ben,2013,8.69227485
ben,2014,9.88913723
ben,2015,13.76866091
ben,2016,12.21060948
bfa,2000,0.78851196
bfa,2001,0.84993665
bfa,2002,0.96533779
bfa,2003,0.96482962
bfa,2004,1.07274256
bfa,2005,1.13829654
bfa,2006,1.72705305
bfa,2007,2.38016243
bfa,2008,3.28569835
bfa,2009,3.58741083
bfa,2010,3.25562037
bfa,2011,1.46322768
bfa,2012,1.55672334
bfa,2013,0.88969672
bfa,2014,0.77592532
bfa,2015,4.00342746
bfa,2016,4.05297049
dza,2000,2837.14195585
dza,2001,3178.31097695
dza,2002,3284.33851088
dza,2003,3405.63293057
dza,2004,3260.16811219
dza,2005,3177.54511195
dza,2006,3472.3554053
dza,2007,3987.70970013
dza,2008,4660.70894519
dza,2009,6122.27555427
dza,2010,6151.71804436
dza,2011,6065.40348543
dza,2012,6584.43094992
dza,2013,7688.60216755
dza,2014,8996.56519503
dza,2015,10532.23943452
dza,2016,9950.06152601
ago,2000,0.0
ago,2001,0.0
ago,2002,0.0
ago,2003,0.0
ago,2004,0.0
ago,2005,0.0
ago,2006,0.0
ago,2007,0.0
ago,2008,0.0
ago,2009,0.0
ago,2010,0.0
ago,2011,0.0
ago,2012,0.0
ago,2013,0.0
ago,2014,0.0
ago,2015,0.0
ago,2016,0.0
vnm,2000,2028.13916167
vnm,2001,2027.15280015
vnm,2002,2516.79780112
vnm,2003,2296.80082834
vnm,2004,2722.05812106
vnm,2005,3067.50234964
vnm,2006,3090.10992023
vnm,2007,3140.88452091
vnm,2008,3420.12641996
vnm,2009,3347.73929864
vnm,2010,4573.33858546
vnm,2011,4382.5581323
vnm,2012,5631.58495096
vnm,2013,7069.11331876
vnm,2014,5446.5146866
vnm,2015,6297.01646253
vnm,2016,6856.5000359
sau,2016,0.0
egy,2000,2510.14693993
egy,2001,2807.38391731
egy,2002,2815.94281114
egy,2003,2756.58607014
egy,2004,2745.15634904
egy,2005,2734.35538879
egy,2006,2709.35979867
egy,2007,2646.68313743
egy,2008,2595.37186259
egy,2009,2407.67170303
egy,2010,2247.2346122
egy,2011,2275.99056231
egy,2012,2112.21875823
egy,2013,2171.88267019
egy,2014,2176.71912029
egy,2015,2343.97149784
egy,2016,2388.8865431
zwe,2010,0.0
zwe,2011,0.0
zwe,2012,0.0
zwe,2013,0.0
zwe,2014,0.0
zwe,2015,0.0
zwe,2016,0.0
ven,2000,2387.72694144
ven,2001,2423.96933595
ven,2002,2060.98986316
ven,2003,1908.11425657
ven,2004,2377.43396933
ven,2005,2312.98174849
ven,2006,2576.63910356
ven,2007,3242.11073534
ven,2008,2869.35708249
ven,2009,2213.19214623
ven,2010,2654.86757197
ven,2011,3501.72917545
ven,2012,3838.66211977
ven,2013,3920.12142383
ven,2014,4391.2970213
ven,2015,3802.28022466
ven,2016,1000.95354027
eth,2000,0.0
eth,2001,0.0
eth,2002,0.0
eth,2003,0.0
eth,2004,0.0
eth,2005,0.0
eth,2006,0.0
eth,2007,0.0
eth,2008,0.0
eth,2009,0.0
eth,2010,0.0
eth,2011,0.0
eth,2012,0.0
eth,2013,0.0
eth,2014,0.0
eth,2015,0.0
eth,2016,0.0
usa,2000,310642.8865277
usa,2001,336192.15588481
usa,2002,356512.72299573
usa,2003,374919.76133112
usa,2004,398665.73556298
usa,2005,419570.62607735
usa,2006,475569.91344916
usa,2007,493004.51277041
usa,2008,517103.33727691
usa,2009,541626.9669788
usa,2010,556787.745
usa,2011,571698.77669763
usa,2012,588404.49985382
usa,2013,600953.70794878
usa,2014,1474860.28634878
usa,2015,1548547.81561241
usa,2016,1600163.59079594
ury,2000,779.07644373
ury,2001,864.74823323
ury,2002,847.74608088
ury,2003,941.6210633
ury,2004,849.7960107
ury,2005,747.36822728
ury,2006,954.17838309
ury,2007,918.62070043
ury,2008,1031.94541111
ury,2009,1161.61711345
ury,2010,1306.88243847
ury,2011,1844.17422286
ury,2012,2199.81093674
ury,2013,2554.53438745
ury,2014,2775.1015425
ury,2015,2887.93043741
ury,2016,3197.05186554
gbr,2013,370.90283241
gbr,2014,356.36606852
gbr,2015,340.92130574
gbr,2016,339.14030356
tza,2000,60.52679421
tza,2001,64.03382673
tza,2002,75.52193916
tza,2003,91.20178304
tza,2004,137.54304206
tza,2005,179.30935422
tza,2006,196.50784334
tza,2007,168.67956018
tza,2008,130.98519166
tza,2009,106.60387975
tza,2010,85.42875917
tza,2011,117.79956674
tza,2012,143.58923454
tza,2013,187.26001981
tza,2014,220.14112774
tza,2015,315.24230804
tza,2016,400.2212403
are,2016,0.0
tto,2000,0.04435241
tto,2001,0.04786132
tto,2002,0.05866581
tto,2003,0.05543991
tto,2004,0.05589914
tto,2005,0.07175024
tto,2006,0.07108886
tto,2007,0.03180236
tto,2008,0.02539499
tto,2009,0.08322402
tto,2010,0.03262647
tto,2011,0.02822129
tto,2012,0.02831206
tto,2013,0.02526719
tto,2014,0.05399237
tto,2015,0.02130903
tto,2016,0.03015365
vct,2000,0.00227692
vct,2001,0.00226844
vct,2002,0.00241663
vct,2003,0.00243976
vct,2004,0.00238962
vct,2005,0.00239725
vct,2006,0.00233457
vct,2007,0.00251546
vct,2008,0.0025947
vct,2009,0.00275933
vct,2010,0.00281125
vct,2011,0.00266363
vct,2012,0.00187224
vct,2013,0.01264372
vct,2014,0.00464148
vct,2015,0.00205562
vct,2016,0.00288021
kna,2000,0.11800299
kna,2001,0.07518466
kna,2002,0.09759422
kna,2003,0.0669053
kna,2004,0.07582767
kna,2005,0.13346008
kna,2006,0.08183456
kna,2007,0.09119142
kna,2008,0.15637272
kna,2009,0.10029119
kna,2010,0.05718492
kna,2011,0.07264989
kna,2012,0.07387915
kna,2013,0.0476421
kna,2014,0.04648627
kna,2015,0.03381544
kna,2016,0.03897285
lca,2000,2.18479789
lca,2001,2.2061744
lca,2002,2.20114925
lca,2003,2.09904757
lca,2004,2.07717645
lca,2005,1.96031875
lca,2006,1.84772616
lca,2007,2.07607742
lca,2008,1.74402793
lca,2009,1.79792327
lca,2010,1.63053455
lca,2011,2.37101171
lca,2012,2.87117707
lca,2013,2.55890533
lca,2014,2.5688581
lca,2015,2.37863167
lca,2016,2.43120544
sur,2000,49.85378608
sur,2001,36.05228604
sur,2002,50.57281031
sur,2003,47.44409295
sur,2004,58.52915469
sur,2005,60.10228017
sur,2006,73.34647597
sur,2007,73.96151937
sur,2008,62.78966044
sur,2009,70.88112809
sur,2010,65.22767167
sur,2011,62.54768605
sur,2012,71.01369855
sur,2013,78.66457425
sur,2014,75.23528641
sur,2015,216.25501115
sur,2016,233.08853339
png,2000,0.0
png,2001,0.0
png,2002,0.0
png,2003,0.0
png,2004,0.0
png,2005,0.0
png,2006,0.0
png,2007,0.0
png,2008,0.0
png,2009,0.0
png,2010,0.0
png,2011,0.0
png,2012,0.0
png,2013,0.0
png,2014,0.0
png,2015,0.0
per,2000,2170.15547694
per,2001,2302.29934695
per,2002,2556.41453366
per,2003,2676.84906709
per,2004,2633.91287572
per,2005,2681.65935794
per,2006,2735.44280818
per,2007,2741.96568524
per,2008,3128.81260538
per,2009,3514.86109202
per,2010,3685.40619186
per,2011,3790.58652311
per,2012,4034.80967003
per,2013,4709.62950211
per,2014,5147.70679616
per,2015,5556.198026
per,2016,5857.90001847
pry,2000,421.42017287
pry,2001,324.79068208
pry,2002,219.01577625
pry,2003,249.66604225
pry,2004,249.61284204
pry,2005,269.42103294
pry,2006,285.5902935
pry,2007,295.95636919
pry,2008,335.9326032
pry,2009,418.25164636
pry,2010,440.6628812
pry,2011,541.45747003
pry,2012,655.83795251
pry,2013,630.31187294
pry,2014,819.95006433
pry,2015,848.12783251
pry,2016,918.50199545
pan,2000,604.09169683
pan,2001,636.8496539
pan,2002,681.98953282
pan,2003,685.82913773
pan,2004,697.00184458
pan,2005,683.77398328
pan,2006,733.18070928
pan,2007,901.85533305
pan,2008,1041.16751414
pan,2009,1101.98166026
pan,2010,1166.0968159
pan,2011,1199.72679523
pan,2012,1144.39462618
pan,2013,1354.9505334
pan,2014,1400.71544068
pan,2015,1460.97424287
pan,2016,2071.77774605
nzl,2004,747.07904146
nzl,2005,848.29576436
nzl,2006,947.57718951
nzl,2007,1031.98751414
nzl,2008,1159.42201245
nzl,2009,1292.16745235
nzl,2010,1127.35802377
nzl,2011,1048.16529121
nzl,2012,1054.11958154
nzl,2013,1074.95128446
nzl,2014,1190.13558846
nzl,2015,1322.55153317
nzl,2016,1373.71094193
nic,2000,132.36574545
nic,2001,155.75249197
nic,2002,148.24415308
nic,2003,167.31338223
nic,2004,193.07389852
nic,2005,180.05697995
nic,2006,182.51574635
nic,2007,228.01133193
nic,2008,218.8453891
nic,2009,280.92239473
nic,2010,334.66072441
nic,2011,345.71874915
nic,2012,423.42519123
nic,2013,420.99893347
nic,2014,463.59326998
nic,2015,550.65900494
nic,2016,675.74760035
mda,2000,0.0
mda,2001,0.0
mda,2002,0.0
mda,2003,4.25483261
mda,2004,330.45195058
mda,2005,396.50001788
mda,2006,425.18556951
mda,2007,479.14057437
mda,2008,579.29374946
mda,2009,607.14165917
mda,2010,650.16595416
mda,2011,643.63822003
mda,2012,634.59734512
mda,2013,651.39343015
mda,2014,683.0963722
mda,2015,672.81571975
mda,2016,722.76496574
mex,2000,20173.08061203
mex,2001,21071.62017769
mex,2002,21576.68055604
mex,2003,24028.16996985
mex,2004,26928.39613071
mex,2005,24202.80499817
mex,2006,24298.69625118
mex,2007,25395.20277525
mex,2008,25085.32534475
mex,2009,26001.95477706
mex,2010,27411.76772106
mex,2011,28671.70022284
mex,2012,30629.9953794
mex,2013,32796.16675637
mex,2014,30063.22023115
mex,2015,32330.26728081
mex,2016,31721.19620181
mkd,2000,812.59976482
mkd,2001,759.92297073
mkd,2002,800.19037923
mkd,2003,854.72303683
mkd,2004,842.48058948
mkd,2005,833.62872018
mkd,2006,881.53299353
mkd,2007,843.7402767
mkd,2008,943.48927407
mkd,2009,903.96303121
mkd,2010,917.46409824
mkd,2011,929.25741187
mkd,2012,951.70509527
mkd,2013,1011.2417248
mkd,2014,943.30284955
mkd,2015,982.47250785
mkd,2016,1015.15572926
kor,2000,17009.08965424
kor,2001,22478.84712557
kor,2002,22629.88838223
kor,2003,24625.28699388
kor,2004,25874.26219636
kor,2005,28080.54349778
kor,2006,32491.24142068
kor,2007,35589.30259572
kor,2008,37362.6027595
kor,2009,41724.15822598
kor,2010,45968.8830986
kor,2011,47950.21204061
kor,2012,49577.44974562
kor,2013,52309.92957288
kor,2014,55792.50086406
kor,2015,59273.34574624
kor,2016,64331.34500122
jam,2000,0.0
jam,2001,0.0
jam,2002,0.0
jam,2003,0.0
jam,2004,105.94131373
jam,2005,87.49025766
jam,2006,73.28895346
jam,2007,68.85813011
jam,2008,74.04891013
jam,2009,68.92919029
jam,2010,77.46984204
jam,2011,80.24515574
jam,2012,83.3340098
jam,2013,75.02899624
jam,2014,77.1205167
jam,2015,87.60442078
jam,2016,95.70407059
hnd,2000,94.36044918
hnd,2001,101.51498143
hnd,2002,123.77164048
hnd,2003,173.80321105
hnd,2004,203.34525857
hnd,2005,250.01741896
hnd,2006,267.81639658
hnd,2007,310.18411768
hnd,2008,313.93718922
hnd,2009,318.17659452
hnd,2010,293.58963492
hnd,2011,319.58496143
hnd,2012,385.87649633
hnd,2013,386.57301266
hnd,2014,393.27427381
hnd,2015,347.92513315
hnd,2016,398.65512967
hti,2000,4.31308669
hti,2001,3.74155677
hti,2002,6.80319453
hti,2003,8.0414376
hti,2004,8.82418047
hti,2005,9.38168026
hti,2006,9.81186027
hti,2007,12.00351562
hti,2008,13.22061521
hti,2009,15.24436848
hti,2010,16.82306802
hti,2011,17.84927601
hti,2012,19.04408865
hti,2013,19.82790905
hti,2014,21.25892212
hti,2015,22.98528171
hti,2016,21.07181875
guy,2000,6.35068779
guy,2001,6.6234118
guy,2002,7.2561134
guy,2003,6.37529917
guy,2004,6.89152117
guy,2005,6.64303308
guy,2006,7.01520195
guy,2007,7.4211282
guy,2008,7.6428844
guy,2009,6.67502528
guy,2010,5.61811876
guy,2011,5.48280762
guy,2012,5.50735808
guy,2013,5.18403006
guy,2014,5.38183745
guy,2015,5.5250319
guy,2016,5.89090324
gtm,2000,676.05222208
gtm,2001,709.33968808
gtm,2002,790.90316147
gtm,2003,843.4121392
gtm,2004,878.84290801
gtm,2005,744.59767738
gtm,2006,796.54909566
gtm,2007,776.77920033
gtm,2008,832.16159161
gtm,2009,904.14438768
gtm,2010,937.32084638
gtm,2011,933.93598868
gtm,2012,1011.9242468
gtm,2013,1151.50485258
gtm,2014,1239.06085351
gtm,2015,985.7634722
gtm,2016,1287.32971775
slv,2000,651.80155429
slv,2001,619.60950844
slv,2002,692.06170278
slv,2003,691.28584395
slv,2004,723.32441237
slv,2005,807.71136565
slv,2006,920.70278515
slv,2007,793.94110283
slv,2008,771.0596334
slv,2009,764.21230923
slv,2010,796.65821845
slv,2011,827.7746703
slv,2012,834.88090661
slv,2013,862.26756519
slv,2014,899.22699469
slv,2015,953.56088888
slv,2016,993.47145243
grd,2000,0.0
grd,2001,0.0
grd,2002,0.0
grd,2003,0.0
grd,2004,0.0
grd,2005,0.0
grd,2006,0.0
grd,2007,0.0
grd,2008,0.0
grd,2009,0.0
grd,2010,0.0
grd,2011,0.0
grd,2012,0.0
grd,2013,0.0
grd,2014,0.0
grd,2015,0.0
grd,2016,0.0
dom,2000,249.11077032
dom,2001,252.7234012
dom,2002,234.05542684
dom,2003,203.0969019
dom,2004,144.76205504
dom,2005,174.6936689
dom,2006,214.18571961
dom,2007,404.27063558
dom,2008,889.7663125
dom,2009,1088.53401453
dom,2010,1333.93953795
dom,2011,1490.81186093
dom,2012,1588.97616343
dom,2013,1655.29032045
dom,2014,1751.39939772
dom,2015,2017.11588594
dom,2016,2299.10598048
ecu,2000,384.2253198
ecu,2001,474.06799377
ecu,2002,513.08704259
ecu,2003,479.61752526
ecu,2004,441.97315704
ecu,2005,326.52334967
ecu,2006,403.11283892
ecu,2007,954.62846526
ecu,2008,932.16046129
ecu,2009,1291.86606252
ecu,2010,1865.17305392
ecu,2011,2746.49902212
ecu,2012,3157.05412427
ecu,2013,3093.22192748
ecu,2014,3887.21674366
ecu,2015,3174.84217933
ecu,2016,3086.94802574
cri,2000,1627.88494721
cri,2001,1691.42343439
cri,2002,1890.7360439
cri,2003,1984.97436927
cri,2004,1961.12929015
cri,2005,1985.4907363
cri,2006,2112.1254357
cri,2007,2306.62046262
cri,2008,2576.79104367
cri,2009,2816.91501549
cri,2010,3107.64542616
cri,2011,3365.8234416
cri,2012,3407.22819602
cri,2013,3473.73541743
cri,2014,3583.84823569
cri,2015,3807.81315503
cri,2016,3901.96451986
dma,2000,0.0
dma,2001,0.0
dma,2002,0.0
dma,2003,0.0
dma,2004,0.0
dma,2005,0.0
dma,2006,0.0
dma,2007,0.0
dma,2008,0.0
dma,2009,0.0
dma,2010,0.0
dma,2011,0.0
dma,2012,0.0
dma,2013,0.0
dma,2014,0.0
dma,2015,0.0
dma,2016,0.0
col,2000,9417.71390692
col,2001,10525.75631418
col,2002,10506.50953113
col,2003,11895.97653624
col,2004,11124.0030796
col,2005,11925.93778013
col,2006,13675.60604247
col,2007,14355.11757648
col,2008,15652.20647415
col,2009,18129.35916767
col,2010,18385.24561829
col,2011,18097.31163377
col,2012,18417.40991054
col,2013,18886.38226648
col,2014,20037.64912883
col,2015,21806.16471905
col,2016,22414.90301476
cod,2000,0.0
cod,2001,0.0
cod,2002,0.0
cod,2003,0.0
cod,2004,0.0
cod,2005,0.0
cod,2006,0.0
cod,2007,0.0
cod,2008,0.0
cod,2009,0.0
cod,2010,0.0
cod,2015,14.69981791
cod,2016,10.22907467
chl,2000,7326.25650977
chl,2001,7647.69429776
chl,2002,8065.57801379
chl,2003,8410.77024206
chl,2004,8656.61672015
chl,2005,8610.28945216
chl,2006,8514.50216455
chl,2007,9307.58809524
chl,2008,10788.61672744
chl,2009,11718.51679872
chl,2010,11780.03110836
chl,2011,12661.45757706
chl,2012,13965.7460952
chl,2013,15298.52290181
chl,2014,16251.20128817
chl,2015,17656.94387472
chl,2016,18241.8614941
can,2000,1341.8975595
can,2001,1419.29111863
can,2002,1478.98558928
can,2003,1650.69565903
can,2004,1700.38029069
can,2005,1751.013298
can,2006,1822.42876327
can,2007,1840.64666687
can,2008,1927.71540139
can,2009,2024.75218844
can,2010,2054.56403638
can,2011,2003.63001825
can,2012,2111.37602109
can,2013,2192.17915799
can,2014,2199.60760799
can,2015,2289.01591368
can,2016,2327.62212404
bol,2000,506.00459047
bol,2001,588.94889963
bol,2002,594.95509171
bol,2003,622.30407357
bol,2004,595.6125927
bol,2005,656.59102801
bol,2006,613.5913228
bol,2007,627.77700419
bol,2008,618.84033236
bol,2009,723.54545059
bol,2010,758.03639211
bol,2011,748.98282469
bol,2012,784.47196351
bol,2013,888.43691511
bol,2014,1000.80681856
bol,2015,1264.63347034
bol,2016,1370.90670561
bra,2000,0.0
bra,2001,0.0
bra,2002,0.0
bra,2003,0.0
bra,2004,0.0
bra,2005,0.0
bra,2006,0.0
bra,2007,0.0
bra,2008,0.0
bra,2009,0.0
bra,2010,0.0
bra,2011,0.0
bra,2012,0.0
bra,2013,0.0
bra,2014,0.0
bra,2015,0.0
bra,2016,0.0
brb,2000,0.47941708
brb,2001,0.42323692
brb,2002,0.27748572
brb,2003,0.23406967
brb,2004,0.22014373
brb,2005,0.21390659
brb,2006,0.22069225
brb,2007,0.3548228
brb,2008,0.34794486
brb,2009,0.25558104
brb,2010,0.35363981
brb,2011,0.29659766
brb,2012,0.23961327
brb,2013,0.19674545
brb,2014,0.19695662
brb,2015,0.19784435
brb,2016,0.19816778
blz,2000,0.0
blz,2001,0.0
blz,2002,0.0
blz,2003,0.0
blz,2004,0.0
blz,2005,0.0
blz,2006,0.0
blz,2007,0.0
blz,2008,0.0
blz,2009,0.0
blz,2010,12.87723436
blz,2011,12.78204475
blz,2012,12.42212231
blz,2013,11.83006275
blz,2014,12.12133716
blz,2015,15.2677923
blz,2016,13.2834747
arg,2000,14419.398111
arg,2001,13845.12416236
arg,2002,10879.6057604
arg,2003,10634.09327087
arg,2004,11077.55068317
arg,2005,12771.41349614
arg,2006,14197.19804213
arg,2007,16203.59000289
arg,2008,18267.28229686
arg,2009,22304.38677702
arg,2010,24475.09700885
arg,2011,26398.14959358
arg,2012,28545.20470074
arg,2013,29302.88348065
arg,2014,29488.61411441
arg,2015,31795.11239451
arg,2016,24570.8694471
atg,2000,0.0
atg,2001,0.0
atg,2002,0.0
atg,2003,0.0
atg,2004,0.0
atg,2005,0.0
atg,2006,0.0
atg,2007,0.0
atg,2008,8.27792789
atg,2009,7.55134727
atg,2010,10.30775651
atg,2011,7.91388883
atg,2012,8.22310069
atg,2013,8.20458143
atg,2014,8.56281987
atg,2015,8.89045301
atg,2016,9.42874011
bhs,2010,9.20953516
bhs,2011,6.1928218
bhs,2012,6.99636107
bhs,2013,11.97424381
bhs,2014,19.40606274
bhs,2015,19.05448168
bhs,2016,21.77002855
