country,year,sha11_hf_1_3_million_current_ppp
blz,2000,0.0
blz,2001,0.0
blz,2002,0.0
blz,2003,0.0
blz,2004,0.0
blz,2005,0.0
blz,2006,0.0
blz,2007,0.0
blz,2008,0.0
blz,2009,0.0
blz,2010,0.0
blz,2011,0.0
blz,2012,0.0
blz,2013,0.0
blz,2014,0.0
blz,2015,0.0
blz,2016,0.0
brb,2000,0.0
brb,2001,0.0
brb,2002,0.0
brb,2003,0.0
brb,2004,0.0
brb,2005,0.0
brb,2006,0.0
brb,2007,0.0
brb,2008,0.0
brb,2009,0.0
brb,2010,0.0
brb,2011,0.0
brb,2012,0.0
brb,2013,0.0
brb,2014,0.0
brb,2015,0.0
brb,2016,0.0
bra,2000,0.0
bra,2001,0.0
bra,2002,0.0
bra,2003,0.0
bra,2004,0.0
bra,2005,0.0
bra,2006,0.0
bra,2007,0.0
bra,2008,0.0
bra,2009,0.0
bra,2010,0.0
bra,2011,0.0
bra,2012,0.0
bra,2013,0.0
bra,2014,0.0
bra,2015,0.0
bra,2016,0.0
bol,2000,0.0
bol,2001,0.0
bol,2002,0.0
bol,2003,0.0
bol,2004,0.0
bol,2005,0.0
bol,2006,0.0
bol,2007,0.0
bol,2008,0.0
bol,2009,0.0
bol,2010,0.0
bol,2011,0.0
bol,2012,0.0
bol,2013,0.0
bol,2014,0.0
bol,2015,0.0
bol,2016,0.0
cod,2000,0.0
cod,2001,0.0
cod,2002,0.0
cod,2003,0.0
cod,2004,0.0
cod,2005,0.0
cod,2006,0.0
cod,2007,0.0
cod,2008,0.0
cod,2009,0.0
cod,2010,0.0
cod,2011,0.0
cod,2012,0.0
cod,2013,0.0
cod,2014,0.0
cod,2015,0.0
cod,2016,0.0
dma,2000,0.0
dma,2001,0.0
dma,2002,0.0
dma,2003,0.0
dma,2004,0.0
dma,2005,0.0
dma,2006,0.0
dma,2007,0.0
dma,2008,0.0
dma,2009,0.0
dma,2010,0.0
dma,2011,0.0
dma,2012,0.0
dma,2013,0.0
dma,2014,0.0
dma,2015,0.0
dma,2016,0.0
dom,2000,0.0
dom,2001,0.0
dom,2002,0.0
dom,2003,0.0
dom,2004,0.0
dom,2005,0.0
dom,2006,0.0
dom,2007,0.0
dom,2008,0.0
dom,2009,0.0
dom,2010,0.0
dom,2011,0.0
dom,2012,0.0
dom,2013,0.0
dom,2014,0.0
dom,2015,0.0
dom,2016,0.0
grd,2000,0.0
grd,2001,0.0
grd,2002,0.0
grd,2003,0.0
grd,2004,0.0
grd,2005,0.0
grd,2006,0.0
grd,2007,0.0
grd,2008,0.0
grd,2009,0.0
grd,2010,0.0
grd,2011,0.0
grd,2012,0.0
grd,2013,0.0
grd,2014,0.0
grd,2015,0.0
grd,2016,0.0
hti,2000,0.0
hti,2001,0.0
hti,2002,0.0
hti,2003,0.0
hti,2004,0.0
hti,2005,0.0
hti,2006,0.0
hti,2007,0.0
hti,2008,0.0
hti,2009,0.0
hti,2010,0.0
hti,2011,0.0
hti,2012,0.0
hti,2013,0.0
hti,2014,0.0
hti,2015,0.0
hti,2016,0.0
kor,2000,0.0
kor,2001,0.0
kor,2002,0.0
kor,2003,0.0
kor,2004,0.0
kor,2005,0.0
kor,2006,0.0
kor,2007,0.0
kor,2008,0.0
kor,2009,0.0
kor,2010,0.0
kor,2011,0.0
kor,2012,0.0
kor,2013,0.0
kor,2014,0.0
kor,2015,0.0
kor,2016,0.0
mda,2000,0.0
mda,2001,0.0
mda,2002,0.0
mda,2003,0.0
mda,2004,0.0
mda,2005,0.0
mda,2006,0.0
mda,2007,0.0
mda,2008,0.0
mda,2009,0.0
mda,2010,0.0
mda,2011,0.0
mda,2012,0.0
mda,2013,0.0
mda,2014,0.0
mda,2015,0.0
mda,2016,0.0
nzl,2000,0.0
nzl,2001,0.0
nzl,2002,0.0
nzl,2003,0.0
nzl,2004,0.0
nzl,2005,0.0
nzl,2006,0.0
nzl,2007,0.0
nzl,2008,0.0
nzl,2009,0.0
nzl,2010,0.0
nzl,2011,0.0
nzl,2012,0.0
nzl,2013,0.0
nzl,2014,0.0
nzl,2015,0.0
per,2000,0.0
per,2001,0.0
per,2002,0.0
per,2003,0.0
per,2004,0.0
per,2005,0.0
per,2006,0.0
per,2007,0.0
per,2008,0.0
per,2009,0.0
per,2010,0.0
per,2011,0.0
per,2012,0.0
per,2013,0.0
per,2014,0.0
per,2015,0.0
per,2016,0.0
sur,2000,0.0
sur,2001,0.0
sur,2002,0.0
sur,2003,0.0
sur,2004,0.0
sur,2005,0.0
sur,2006,0.0
sur,2007,0.0
sur,2008,0.0
sur,2009,0.0
sur,2010,0.0
sur,2011,0.0
sur,2012,0.0
sur,2013,0.0
sur,2014,0.0
sur,2015,0.0
sur,2016,0.0
lca,2000,0.0
lca,2001,0.0
lca,2002,0.0
lca,2003,0.0
lca,2004,0.0
lca,2005,0.0
lca,2006,0.0
lca,2007,0.0
lca,2008,0.0
lca,2009,0.0
lca,2010,0.0
lca,2011,0.0
lca,2012,0.0
lca,2013,0.0
lca,2014,0.0
lca,2015,0.0
lca,2016,0.0
kna,2000,0.0
kna,2001,0.0
kna,2002,0.0
kna,2003,0.0
kna,2004,0.0
kna,2005,0.0
kna,2006,0.0
kna,2007,0.0
kna,2008,0.0
kna,2009,0.0
kna,2010,0.0
kna,2011,0.0
kna,2012,0.0
kna,2013,0.0
kna,2014,0.0
kna,2015,0.0
kna,2016,0.0
vct,2000,0.0
vct,2001,0.0
vct,2002,0.0
vct,2003,0.0
vct,2004,0.0
vct,2005,0.0
vct,2006,0.0
vct,2007,0.0
vct,2008,0.0
vct,2009,0.0
vct,2010,0.0
vct,2011,0.0
vct,2012,0.0
vct,2013,0.0
vct,2014,0.0
vct,2015,0.0
vct,2016,0.0
tto,2000,0.0
tto,2001,0.0
tto,2002,0.0
tto,2003,0.0
tto,2004,0.0
tto,2005,0.0
tto,2006,0.0
tto,2007,0.0
tto,2008,0.0
tto,2009,0.0
tto,2010,0.0
tto,2011,0.0
tto,2012,0.0
tto,2013,0.0
tto,2014,0.0
tto,2015,0.0
tto,2016,0.0
tza,2000,0.0
tza,2001,0.0
tza,2002,0.0
tza,2003,0.0
tza,2004,0.0
tza,2005,0.0
tza,2006,0.0
tza,2007,0.0
tza,2008,0.0
tza,2009,0.0
tza,2010,0.0
tza,2011,0.0
tza,2012,0.0
tza,2013,0.0
tza,2014,0.0
tza,2015,0.0
tza,2016,0.0
ury,2016,0.0
usa,2000,0.0
usa,2001,0.0
usa,2002,0.0
usa,2003,0.0
usa,2004,0.0
usa,2005,0.0
usa,2006,0.0
usa,2007,0.0
usa,2008,0.0
usa,2009,0.0
usa,2010,0.0
usa,2011,0.0
usa,2012,0.0
usa,2013,0.0
usa,2014,0.0
usa,2015,0.0
zwe,2010,0.0
zwe,2011,0.0
zwe,2012,0.0
zwe,2013,0.0
zwe,2014,0.0
zwe,2015,0.0
zwe,2016,0.0
eth,2000,0.0
eth,2001,0.0
eth,2002,0.0
eth,2003,0.0
eth,2004,0.0
eth,2005,0.0
eth,2006,0.0
eth,2007,0.0
eth,2008,0.0
eth,2009,0.0
eth,2010,0.0
eth,2011,0.0
eth,2012,0.0
eth,2013,0.0
eth,2014,0.0
eth,2015,0.0
eth,2016,0.0
ago,2000,0.0
ago,2001,0.0
ago,2002,0.0
ago,2003,0.0
ago,2004,0.0
ago,2005,0.0
ago,2006,0.0
ago,2007,0.0
ago,2008,0.0
ago,2009,0.0
ago,2010,0.0
ago,2011,0.0
ago,2012,0.0
ago,2013,0.0
ago,2014,0.0
ago,2015,0.0
ago,2016,0.0
dza,2000,0.0
dza,2001,0.0
dza,2002,0.0
dza,2003,0.0
dza,2004,0.0
dza,2005,0.0
dza,2006,0.0
dza,2007,0.0
dza,2008,0.0
dza,2009,0.0
dza,2010,0.0
dza,2011,0.0
dza,2012,0.0
dza,2013,0.0
dza,2014,0.0
dza,2015,0.0
dza,2016,0.0
ben,2000,0.0
ben,2001,0.0
ben,2002,0.0
ben,2003,0.0
ben,2004,0.0
ben,2005,0.0
ben,2006,0.0
ben,2007,0.0
ben,2008,0.0
ben,2009,0.0
ben,2010,0.0
ben,2011,0.0
ben,2012,0.0
ben,2013,0.0
ben,2014,0.0
ben,2015,0.0
ben,2016,0.0
bwa,2000,0.0
bwa,2001,0.0
bwa,2002,0.0
bwa,2003,0.0
bwa,2004,0.0
bwa,2005,0.0
bwa,2006,0.0
bwa,2007,0.0
bwa,2008,0.0
bwa,2009,0.0
bwa,2010,0.0
bwa,2011,0.0
bwa,2012,0.0
bwa,2013,0.0
bwa,2014,0.0
bwa,2015,0.0
bwa,2016,0.0
tcd,2000,0.0
tcd,2001,0.0
tcd,2002,0.0
tcd,2003,0.0
tcd,2004,0.0
tcd,2005,0.0
tcd,2006,0.0
tcd,2007,0.0
tcd,2008,0.0
tcd,2009,0.0
tcd,2010,0.0
tcd,2011,0.0
tcd,2012,0.0
tcd,2013,0.0
tcd,2014,0.0
tcd,2015,0.0
tcd,2016,0.0
caf,2000,0.0
caf,2001,0.0
caf,2002,0.0
caf,2003,0.0
caf,2004,0.0
caf,2005,0.0
caf,2006,0.0
caf,2007,0.0
caf,2008,0.0
caf,2009,0.0
caf,2010,0.0
caf,2011,0.0
caf,2012,0.0
caf,2013,0.0
caf,2014,0.0
caf,2015,0.0
caf,2016,0.0
cog,2000,0.0
cog,2001,0.0
cog,2002,0.0
cog,2003,0.0
cog,2004,0.0
cog,2005,0.0
cog,2006,0.0
cog,2007,0.0
cog,2008,0.0
cog,2009,0.0
cog,2010,0.0
cog,2011,0.0
cog,2012,0.0
cog,2013,0.0
cog,2014,0.0
cog,2015,0.0
cog,2016,0.0
com,2000,0.0
com,2001,0.0
com,2002,0.0
com,2003,0.0
com,2004,0.0
com,2005,0.0
com,2006,0.0
com,2007,0.0
com,2008,0.0
com,2009,0.0
com,2010,0.0
com,2011,0.0
com,2012,0.0
com,2013,0.0
com,2014,0.0
com,2015,0.0
com,2016,0.0
gnq,2000,0.0
gnq,2001,0.0
gnq,2002,0.0
gnq,2003,0.0
gnq,2004,0.0
gnq,2005,0.0
gnq,2006,0.0
gnq,2007,0.0
gnq,2008,0.0
gnq,2009,0.0
gnq,2010,0.0
gnq,2011,0.0
gnq,2012,0.0
gnq,2013,0.0
gnq,2014,0.0
gnq,2015,0.0
gnq,2016,0.0
civ,2000,0.0
civ,2001,0.0
civ,2002,0.0
civ,2003,0.0
civ,2004,0.0
civ,2005,0.0
civ,2006,0.0
civ,2007,0.0
civ,2008,0.0
civ,2009,0.0
civ,2010,0.0
civ,2011,0.0
civ,2012,0.0
civ,2013,0.0
civ,2014,0.0
civ,2015,0.0
gab,2000,0.0
gab,2001,0.0
gab,2002,0.0
gab,2003,0.0
gab,2004,0.0
gab,2005,0.0
gab,2006,0.0
gab,2007,0.0
gab,2008,0.0
gab,2009,0.0
gab,2010,0.0
gab,2011,0.0
gab,2012,0.0
gab,2013,0.0
gab,2014,0.0
gab,2015,0.0
gab,2016,0.0
mdv,2000,0.0
mdv,2001,0.0
mdv,2002,0.0
mdv,2003,0.0
mdv,2004,0.0
mdv,2005,0.0
mdv,2006,0.0
mdv,2007,0.0
mdg,2000,0.0
mdg,2001,0.0
mdg,2002,0.0
mdg,2003,0.0
mdg,2004,0.0
mdg,2005,0.0
mdg,2006,0.0
mdg,2007,0.0
mdg,2008,0.0
mdg,2009,0.0
mdg,2010,0.0
mdg,2011,0.0
mdg,2012,0.0
mdg,2013,0.0
mdg,2014,0.0
mdg,2015,0.0
mdg,2016,0.0
mrt,2000,0.0
mrt,2001,0.0
mrt,2002,0.0
mrt,2003,0.0
mrt,2004,0.0
mrt,2005,0.0
mrt,2006,0.0
mrt,2007,0.0
mrt,2008,0.0
mrt,2009,0.0
mrt,2010,0.0
mrt,2011,0.0
mrt,2012,0.0
mrt,2013,0.0
mrt,2014,0.0
mrt,2015,0.0
mrt,2016,0.0
mar,2000,0.0
mar,2001,0.0
mar,2002,0.0
mar,2003,0.0
mar,2004,0.0
mar,2005,0.0
mar,2006,0.0
mar,2007,0.0
mar,2008,0.0
mar,2009,0.0
mar,2010,0.0
mar,2011,0.0
mar,2012,0.0
mar,2013,0.0
mar,2014,0.0
mar,2015,0.0
ner,2000,0.0
ner,2001,0.0
ner,2002,0.0
ner,2003,0.0
ner,2004,0.0
ner,2005,0.0
ner,2006,0.0
ner,2007,0.0
ner,2008,0.0
ner,2009,0.0
ner,2010,0.0
ner,2011,0.0
ner,2012,0.0
ner,2013,0.0
ner,2014,0.0
ner,2015,0.0
ner,2016,0.0
tls,2002,0.0
tls,2003,0.0
tls,2004,0.0
tls,2005,0.0
tls,2006,0.0
tls,2007,0.0
tls,2008,0.0
tls,2009,0.0
tls,2010,0.0
tls,2011,0.0
tls,2012,0.0
tls,2013,0.0
tls,2014,0.0
tls,2015,0.0
tls,2016,0.0
afg,2002,0.0
afg,2003,0.0
afg,2004,0.0
afg,2005,0.0
afg,2006,0.0
afg,2007,0.0
afg,2008,0.0
afg,2009,0.0
afg,2010,0.0
afg,2011,0.0
afg,2012,0.0
afg,2013,0.0
afg,2014,0.0
afg,2015,0.0
zmb,2000,0.0
zmb,2001,0.0
zmb,2002,0.0
zmb,2003,0.0
zmb,2004,0.0
zmb,2005,0.0
zmb,2006,0.0
zmb,2007,0.0
zmb,2008,0.0
zmb,2009,0.0
zmb,2010,0.0
zmb,2011,0.0
zmb,2012,0.0
zmb,2013,0.0
zmb,2014,0.0
zmb,2015,0.0
zmb,2016,0.0
idn,2010,0.0
idn,2011,0.0
idn,2012,0.0
idn,2013,0.0
idn,2014,0.0
idn,2015,0.0
idn,2016,0.0
jpn,2000,0.0
jpn,2001,0.0
jpn,2002,0.0
jpn,2003,0.0
jpn,2004,0.0
jpn,2005,0.0
jpn,2006,0.0
jpn,2007,0.0
jpn,2008,0.0
jpn,2009,0.0
jpn,2010,0.0
jpn,2011,0.0
jpn,2012,0.0
jpn,2013,0.0
jpn,2014,0.0
jpn,2015,0.0
jpn,2016,0.0
kir,2000,0.0
kir,2001,0.0
kir,2002,0.0
kir,2003,0.0
kir,2004,0.0
kir,2005,0.0
kir,2006,0.0
kir,2007,0.0
kir,2008,0.0
kir,2009,0.0
kir,2010,0.0
kir,2011,0.0
kir,2012,0.0
kir,2013,0.0
kir,2014,0.0
kir,2015,0.0
kir,2016,0.0
nor,2000,0.0
nor,2001,0.0
nor,2002,0.0
nor,2003,0.0
nor,2004,0.0
nor,2005,0.0
nor,2006,0.0
nor,2007,0.0
nor,2008,0.0
nor,2009,0.0
nor,2010,0.0
nor,2011,0.0
nor,2012,0.0
nor,2013,0.0
nor,2014,0.0
nor,2015,0.0
stp,2000,0.0
stp,2001,0.0
stp,2002,0.0
stp,2003,0.0
stp,2004,0.0
stp,2005,0.0
stp,2006,0.0
stp,2007,0.0
stp,2008,0.0
stp,2009,0.0
stp,2010,0.0
stp,2011,0.0
stp,2012,0.0
stp,2013,0.0
stp,2014,0.0
stp,2015,0.0
stp,2016,0.0
slb,2000,0.0
slb,2001,0.0
slb,2002,0.0
slb,2003,0.0
slb,2004,0.0
slb,2005,0.0
slb,2006,0.0
slb,2007,0.0
slb,2008,0.0
slb,2009,0.0
slb,2010,0.0
slb,2011,0.0
slb,2012,0.0
slb,2013,0.0
slb,2014,0.0
slb,2015,0.0
slb,2016,0.0
lka,2000,0.0
lka,2001,0.0
lka,2002,0.0
lka,2003,0.0
lka,2004,0.0
lka,2005,0.0
lka,2006,0.0
lka,2007,0.0
lka,2008,0.0
lka,2009,0.0
lka,2010,0.0
lka,2011,0.0
lka,2012,0.0
lka,2013,0.0
lka,2014,0.0
lka,2015,0.0
lka,2016,0.0
ton,2000,0.0
ton,2001,0.0
ton,2002,0.0
ton,2003,0.0
ton,2004,0.0
ton,2005,0.0
ton,2006,0.0
ton,2007,0.0
ton,2008,0.0
ton,2009,0.0
ton,2010,0.0
ton,2011,0.0
ton,2012,0.0
ton,2013,0.0
ton,2014,0.0
ton,2015,0.0
ton,2016,0.0
ukr,2000,0.0
ukr,2001,0.0
ukr,2002,0.0
ukr,2003,0.0
ukr,2004,0.0
ukr,2005,0.0
ukr,2006,0.0
ukr,2007,0.0
ukr,2008,0.0
ukr,2009,0.0
ukr,2010,0.0
ukr,2011,0.0
ukr,2012,0.0
ukr,2013,0.0
ukr,2014,0.0
ukr,2015,0.0
ukr,2016,0.0
bel,2000,0.0
bel,2001,0.0
bel,2002,0.0
bel,2003,0.0
bel,2004,0.0
bel,2005,0.0
bel,2006,0.0
bel,2007,0.0
bel,2008,0.0
bel,2009,0.0
bel,2010,0.0
bel,2011,0.0
bel,2012,0.0
bel,2013,0.0
bel,2014,0.0
bel,2015,0.0
hrv,2015,0.0
hrv,2016,0.0
eri,2000,0.0
eri,2001,0.0
eri,2002,0.0
eri,2003,0.0
eri,2004,0.0
eri,2005,0.0
eri,2006,0.0
eri,2007,0.0
eri,2008,0.0
eri,2009,0.0
eri,2010,0.0
eri,2011,0.0
eri,2012,0.0
eri,2013,0.0
eri,2014,0.0
eri,2015,0.0
eri,2016,0.0
fji,2000,0.0
fji,2001,0.0
fji,2002,0.0
fji,2003,0.0
fji,2004,0.0
fji,2005,0.0
fji,2006,0.0
fji,2007,0.0
fji,2008,0.0
fji,2009,0.0
fji,2010,0.0
fji,2011,0.0
fji,2012,0.0
fji,2013,0.0
fji,2014,0.0
fji,2015,0.0
gmb,2000,0.0
gmb,2001,0.0
gmb,2002,0.0
gmb,2003,0.0
gmb,2004,0.0
gmb,2005,0.0
gmb,2006,0.0
gmb,2007,0.0
gmb,2008,0.0
gmb,2009,0.0
gmb,2010,0.0
gmb,2011,0.0
gmb,2012,0.0
gmb,2013,0.0
gmb,2014,0.0
gmb,2015,0.0
gmb,2016,0.0
geo,2000,0.0
geo,2001,0.0
geo,2002,0.0
geo,2003,0.0
geo,2004,0.0
geo,2005,0.0
geo,2006,0.0
geo,2007,0.0
geo,2008,0.0
geo,2009,0.0
geo,2010,0.0
geo,2011,0.0
geo,2012,0.0
geo,2013,0.0
geo,2014,0.0
geo,2015,0.0
geo,2016,0.0
gha,2000,0.0
gha,2001,0.0
gha,2002,0.0
gha,2003,0.0
gha,2004,0.0
gha,2005,0.0
gha,2006,0.0
gha,2007,0.0
gha,2008,0.0
gha,2009,0.0
gha,2010,0.0
gha,2011,0.0
gha,2012,0.0
gha,2013,0.0
gha,2014,0.0
gha,2015,0.0
gha,2016,0.0
gnb,2000,0.0
gnb,2001,0.0
gnb,2002,0.0
gnb,2003,0.0
gnb,2004,0.0
gnb,2005,0.0
gnb,2006,0.0
gnb,2007,0.0
gnb,2008,0.0
gnb,2009,0.0
gnb,2010,0.0
gnb,2011,0.0
gnb,2012,0.0
gnb,2013,0.0
gnb,2014,0.0
gnb,2015,0.0
gnb,2016,0.0
isr,2006,0.0
isr,2007,0.0
isr,2008,0.0
isr,2009,0.0
isr,2010,0.0
isr,2011,0.0
isr,2012,0.0
isr,2013,0.0
mng,2000,0.0
mng,2001,0.0
mng,2002,0.0
mng,2003,0.0
mng,2004,0.0
mng,2005,0.0
mng,2006,0.0
mng,2007,0.0
mng,2008,0.0
mng,2009,0.0
mng,2010,0.0
mng,2011,0.0
mng,2012,0.0
mng,2013,0.0
mng,2014,0.0
mng,2015,0.0
mng,2016,0.0
npl,2000,0.0
npl,2001,0.0
npl,2002,0.0
npl,2003,0.0
npl,2004,0.0
npl,2005,0.0
npl,2006,0.0
npl,2007,0.0
npl,2008,0.0
npl,2009,0.0
npl,2010,0.0
npl,2011,0.0
npl,2012,0.0
npl,2013,0.0
npl,2014,0.0
npl,2015,0.0
npl,2016,0.0
wsm,2000,0.0
wsm,2001,0.0
wsm,2002,0.0
wsm,2003,0.0
wsm,2004,0.0
wsm,2005,0.0
wsm,2006,0.0
wsm,2007,0.0
wsm,2008,0.0
wsm,2009,0.0
wsm,2010,0.0
wsm,2011,0.0
wsm,2012,0.0
wsm,2013,0.0
wsm,2014,0.0
wsm,2015,0.0
wsm,2016,0.0
sgp,2009,660.02950071
sgp,2010,754.50241966
sgp,2011,809.53120116
sgp,2012,873.49594837
sgp,2013,925.77897713
sgp,2014,1010.80394622
sgp,2015,1051.31859217
sgp,2016,1117.90164292
sen,2000,0.0
sen,2001,0.0
sen,2002,0.0
sen,2003,0.0
sen,2004,0.0
sen,2005,0.0
sen,2006,0.0
sen,2007,0.0
sen,2008,0.0
sen,2009,0.0
sen,2010,0.0
sen,2011,0.0
sen,2012,0.0
sen,2013,0.0
sen,2014,0.0
sen,2015,0.0
sen,2016,0.0
svk,2000,0.0
svk,2001,0.0
svk,2002,0.0
svk,2003,0.0
svk,2004,0.0
svk,2005,0.0
svk,2006,0.0
svk,2007,0.0
svk,2008,0.0
svk,2009,0.0
svk,2010,0.0
svk,2011,0.0
svk,2012,0.0
svk,2013,0.0
svk,2014,0.0
svk,2015,0.0
zaf,2000,0.0
zaf,2001,0.0
zaf,2002,0.0
zaf,2003,0.0
zaf,2004,0.0
zaf,2005,0.0
zaf,2006,0.0
zaf,2007,0.0
zaf,2008,0.0
zaf,2009,0.0
zaf,2010,0.0
zaf,2011,0.0
zaf,2012,0.0
zaf,2013,0.0
zaf,2014,0.0
zaf,2015,0.0
zaf,2016,0.0
swz,2000,0.0
swz,2001,0.0
swz,2002,0.0
swz,2003,0.0
swz,2004,0.0
swz,2005,0.0
swz,2006,0.0
swz,2007,0.0
swz,2008,0.0
swz,2009,0.0
swz,2010,0.0
swz,2011,0.0
swz,2012,0.0
swz,2013,0.0
swz,2014,0.0
swz,2015,0.0
swz,2016,0.0
swe,2000,0.0
swe,2001,0.0
swe,2002,0.0
swe,2003,0.0
swe,2004,0.0
swe,2005,0.0
swe,2006,0.0
swe,2007,0.0
swe,2008,0.0
swe,2009,0.0
swe,2010,0.0
swe,2011,0.0
swe,2012,0.0
swe,2013,0.0
swe,2014,0.0
swe,2015,0.0
btn,2000,0.0
btn,2001,0.0
btn,2002,0.0
btn,2003,0.0
btn,2004,0.0
btn,2005,0.0
btn,2006,0.0
btn,2007,0.0
btn,2008,0.0
btn,2009,0.0
btn,2010,0.0
btn,2011,0.0
btn,2012,0.0
btn,2013,0.0
btn,2014,0.0
btn,2015,0.0
btn,2016,0.0
tun,2000,0.0
tun,2001,0.0
tun,2002,0.0
tun,2003,0.0
tun,2004,0.0
tun,2005,0.0
tun,2006,0.0
tun,2007,0.0
tun,2008,0.0
tun,2009,0.0
tun,2010,0.0
tun,2011,0.0
tun,2012,0.0
tun,2013,0.0
tun,2014,0.0
tun,2015,0.0
uga,2000,0.0
uga,2001,0.0
uga,2002,0.0
uga,2003,0.0
uga,2004,0.0
uga,2005,0.0
uga,2006,0.0
uga,2007,0.0
uga,2008,0.0
uga,2009,0.0
uga,2010,0.0
uga,2011,0.0
uga,2012,0.0
uga,2013,0.0
uga,2014,0.0
uga,2015,0.0
uga,2016,0.0
ind,2000,0.0
ind,2001,0.0
ind,2002,0.0
ind,2003,0.0
ind,2004,0.0
ind,2005,0.0
ind,2006,0.0
ind,2007,0.0
ind,2008,0.0
ind,2009,0.0
ind,2010,0.0
ind,2011,0.0
ind,2012,0.0
ind,2013,0.0
ind,2014,0.0
ind,2015,0.0
ind,2016,0.0
isl,2000,0.0
isl,2001,0.0
isl,2002,0.0
isl,2003,0.0
isl,2004,0.0
isl,2005,0.0
isl,2006,0.0
isl,2007,0.0
isl,2008,0.0
isl,2009,0.0
isl,2010,0.0
isl,2011,0.0
isl,2012,0.0
isl,2013,0.0
isl,2014,0.0
isl,2015,0.0
isl,2016,0.0
mys,2015,36.629008
mys,2016,39.51063309
moz,2000,0.0
moz,2001,0.0
moz,2002,0.0
moz,2003,0.0
moz,2004,0.0
moz,2005,0.0
moz,2006,0.0
moz,2007,0.0
moz,2008,0.0
moz,2009,0.0
moz,2010,0.0
moz,2011,0.0
moz,2012,0.0
moz,2013,0.0
moz,2014,0.0
moz,2015,0.0
moz,2016,0.0
tjk,2000,0.0
tjk,2001,0.0
tjk,2002,0.0
tjk,2003,0.0
tjk,2004,0.0
tjk,2005,0.0
tjk,2006,0.0
tjk,2007,0.0
tjk,2008,0.0
tjk,2009,0.0
tjk,2010,0.0
tjk,2011,0.0
tjk,2012,0.0
tjk,2013,0.0
tjk,2014,0.0
tjk,2015,0.0
tjk,2016,0.0
khm,2000,0.0
khm,2001,0.0
khm,2002,0.0
khm,2003,0.0
khm,2004,0.0
khm,2005,0.0
khm,2006,0.0
khm,2007,0.0
khm,2008,0.0
khm,2009,0.0
khm,2010,0.0
khm,2011,0.0
khm,2012,0.0
khm,2013,0.0
khm,2014,0.0
khm,2015,0.0
khm,2016,0.0
cok,2000,0.0
cok,2001,0.0
cok,2002,0.0
cok,2003,0.0
cok,2004,0.0
cok,2005,0.0
cok,2006,0.0
cok,2007,0.0
cok,2008,0.0
cok,2009,0.0
cok,2010,0.0
cok,2011,0.0
cok,2012,0.0
cok,2013,0.0
cok,2014,0.0
cok,2015,0.0
cok,2016,0.0
ken,2000,0.0
ken,2001,0.0
ken,2002,0.0
ken,2003,0.0
ken,2004,0.0
ken,2005,0.0
ken,2006,0.0
ken,2007,0.0
ken,2008,0.0
ken,2009,0.0
ken,2010,0.0
ken,2011,0.0
ken,2012,0.0
ken,2013,0.0
ken,2014,0.0
ken,2015,0.0
ken,2016,0.0
mwi,2000,0.0
mwi,2001,0.0
mwi,2002,0.0
mwi,2003,0.0
mwi,2004,0.0
mwi,2005,0.0
mwi,2006,0.0
mwi,2007,0.0
mwi,2008,0.0
mwi,2009,0.0
mwi,2010,0.0
mwi,2011,0.0
mwi,2012,0.0
mwi,2013,0.0
mwi,2014,0.0
mwi,2015,0.0
mwi,2016,0.0
kgz,2000,0.0
kgz,2001,0.0
kgz,2002,0.0
kgz,2003,0.0
kgz,2004,0.0
kgz,2005,0.0
kgz,2006,0.0
kgz,2007,0.0
kgz,2008,0.0
kgz,2009,0.0
kgz,2010,0.0
kgz,2011,0.0
kgz,2012,0.0
kgz,2013,0.0
kgz,2014,0.0
kgz,2015,0.0
kgz,2016,0.0
mus,2000,0.0
mus,2001,0.0
mus,2002,0.0
mus,2003,0.0
mus,2004,0.0
mus,2005,0.0
mus,2006,0.0
mus,2007,0.0
mus,2008,0.0
mus,2009,0.0
mus,2010,0.0
mus,2011,0.0
mus,2012,0.0
mus,2013,0.0
mus,2014,0.0
mus,2015,0.0
mus,2016,0.0
nam,2000,0.0
nam,2001,0.0
nam,2002,0.0
nam,2003,0.0
nam,2004,0.0
nam,2005,0.0
nam,2006,0.0
nam,2007,0.0
nam,2008,0.0
nam,2009,0.0
nam,2010,0.0
nam,2011,0.0
nam,2012,0.0
nam,2013,0.0
nam,2014,0.0
nam,2015,0.0
nam,2016,0.0
nld,2000,0.0
nld,2001,0.0
nld,2002,0.0
nld,2003,0.0
nld,2004,0.0
nld,2005,0.0
nld,2006,0.0
nld,2007,0.0
nld,2008,0.0
nld,2009,0.0
nld,2010,0.0
nld,2011,0.0
nld,2012,0.0
nld,2013,0.0
nld,2014,0.0
nld,2015,0.0
nga,2000,0.0
nga,2001,0.0
nga,2002,0.0
nga,2003,0.0
nga,2004,0.0
nga,2005,0.0
nga,2006,0.0
nga,2007,0.0
nga,2008,0.0
nga,2009,0.0
nga,2010,0.0
nga,2011,0.0
nga,2012,0.0
nga,2013,0.0
nga,2014,0.0
nga,2015,0.0
nga,2016,0.0
pak,2000,0.0
pak,2001,0.0
pak,2002,0.0
pak,2003,0.0
pak,2004,0.0
pak,2005,0.0
pak,2006,0.0
pak,2007,0.0
pak,2008,0.0
pak,2009,0.0
pak,2010,0.0
pak,2011,0.0
pak,2012,0.0
pak,2013,0.0
pak,2014,0.0
pak,2015,0.0
pak,2016,0.0
plw,2011,0.32489564
plw,2012,1.43537049
plw,2013,2.40627241
plw,2014,2.78024519
plw,2015,2.65898113
plw,2016,3.04000207
rwa,2000,0.0
rwa,2001,0.0
rwa,2002,0.0
rwa,2003,0.0
rwa,2004,0.0
rwa,2005,0.0
rwa,2006,0.0
rwa,2007,0.0
rwa,2008,0.0
rwa,2009,0.0
rwa,2010,0.0
rwa,2011,0.0
rwa,2012,0.0
rwa,2013,0.0
rwa,2014,0.0
rwa,2015,0.0
rwa,2016,0.0
tgo,2000,0.0
tgo,2001,0.0
tgo,2002,0.0
tgo,2003,0.0
tgo,2004,0.0
tgo,2005,0.0
tgo,2006,0.0
tgo,2007,0.0
tgo,2008,0.0
tgo,2009,0.0
tgo,2010,0.0
tgo,2011,0.0
tgo,2012,0.0
tgo,2013,0.0
tgo,2014,0.0
tgo,2015,0.0
tgo,2016,0.0
vut,2000,0.0
vut,2001,0.0
vut,2002,0.0
vut,2003,0.0
vut,2004,0.0
vut,2005,0.0
vut,2006,0.0
vut,2007,0.0
vut,2008,0.0
vut,2009,0.0
vut,2010,0.0
vut,2011,0.0
vut,2012,0.0
vut,2013,0.0
vut,2014,0.0
vut,2015,0.0
vut,2016,0.0
