country,year,sha11_hf_1_percentage_of_gge
vut,2000,9.70482838
vut,2001,11.26528491
vut,2002,11.74639882
vut,2003,13.25546961
vut,2004,12.55889595
vut,2005,11.70064606
vut,2006,10.95720864
vut,2007,10.52770052
vut,2008,8.58983074
vut,2009,9.22921218
vut,2010,9.71185305
vut,2011,11.36561693
vut,2012,12.67488069
vut,2013,14.16793521
vut,2014,8.48927076
vut,2015,7.79990683
vut,2016,7.36390449
tgo,2000,2.93794471
tgo,2001,3.67919075
tgo,2002,5.10042043
tgo,2003,5.48676191
tgo,2004,5.60373043
tgo,2005,5.23260389
tgo,2006,5.46753512
tgo,2007,6.44637491
tgo,2008,7.49813691
tgo,2009,7.16691989
tgo,2010,8.59723782
tgo,2011,7.24673695
tgo,2012,8.15465697
tgo,2013,8.92248283
tgo,2014,8.46603038
tgo,2015,7.19607875
tgo,2016,8.03545773
tkm,2000,13.33598094
tkm,2001,13.35963182
tkm,2002,13.47213717
tkm,2003,13.99739017
tkm,2004,12.82281205
tkm,2005,10.27611728
tkm,2006,10.33974744
tkm,2007,10.32791403
tkm,2008,8.7144186
tkm,2009,8.7144186
tkm,2010,8.7144186
tkm,2011,8.7144186
tkm,2012,8.7144186
tkm,2013,8.7144186
tkm,2014,8.7144186
tkm,2015,8.7144186
tkm,2016,8.7144186
uzb,2000,6.10871271
uzb,2001,6.64425465
uzb,2002,5.67934351
uzb,2003,6.02154696
uzb,2004,6.13768985
uzb,2005,6.47700115
uzb,2006,7.92347564
uzb,2007,7.38177475
uzb,2008,7.40485217
uzb,2009,7.42178865
uzb,2010,8.23520059
uzb,2011,8.75665076
uzb,2012,9.40572049
uzb,2013,9.30718484
uzb,2014,9.59527637
uzb,2015,9.06917937
uzb,2016,9.33755797
svn,2000,12.29761741
svn,2001,11.98916273
svn,2002,12.80021799
svn,2003,12.84725151
svn,2004,12.84255597
svn,2005,13.03215535
svn,2006,12.90237942
svn,2007,12.70524733
svn,2008,13.16081446
svn,2009,12.97507197
svn,2010,12.8049839
svn,2011,12.59009453
svn,2012,12.98911609
svn,2013,10.54395319
svn,2014,12.13326117
svn,2015,12.77390113
svn,2016,13.59408505
sle,2000,14.63579883
sle,2001,14.63579875
sle,2002,14.6357989
sle,2003,14.63579877
sle,2004,14.48076198
sle,2005,14.47829202
sle,2006,11.79206254
sle,2007,12.54633856
sle,2008,10.86582133
sle,2009,12.44010252
sle,2010,11.47550155
sle,2011,10.05281459
sle,2012,9.51341599
sle,2013,10.79717668
sle,2014,11.20652267
sle,2015,19.35184518
sle,2016,21.49574917
qat,2000,3.94152757
qat,2001,4.55468088
qat,2002,4.9016023
qat,2003,9.21753015
qat,2004,7.97813154
qat,2005,6.62295015
qat,2006,5.79555827
qat,2007,5.25385901
qat,2008,5.19438286
qat,2009,4.64607256
qat,2010,4.14933295
qat,2011,4.12843773
qat,2012,4.46510259
qat,2013,6.17671346
qat,2014,6.29298344
qat,2015,6.29298344
qat,2016,6.29298344
rwa,2000,7.59029279
rwa,2001,7.8256797
rwa,2002,7.91452292
rwa,2003,22.13832199
rwa,2004,22.98327466
rwa,2005,20.10188915
rwa,2006,19.8732922
rwa,2007,21.18672682
rwa,2008,21.41720114
rwa,2009,23.14054942
rwa,2010,23.15575207
rwa,2011,20.00008153
rwa,2012,19.48391672
rwa,2013,16.82160287
rwa,2014,14.25244589
rwa,2015,15.65618518
rwa,2016,17.04060134
plw,2000,12.13477381
plw,2001,12.19476076
plw,2002,12.23799747
plw,2003,14.15200548
plw,2004,15.63757531
plw,2005,16.02936081
plw,2006,15.15677931
plw,2007,14.41553229
plw,2008,14.81902273
plw,2009,16.64685769
plw,2010,16.96508068
plw,2011,17.18697059
plw,2012,19.28726129
plw,2013,22.19038889
plw,2014,22.48117347
plw,2015,22.907177
plw,2016,23.18994696
pak,2000,5.87510544
pak,2001,5.93059044
pak,2002,5.93482621
pak,2003,3.77943218
pak,2004,4.31207581
pak,2005,3.7054491
pak,2006,2.86827534
pak,2007,3.43682761
pak,2008,2.57150483
pak,2009,2.94990567
pak,2010,2.81115771
pak,2011,3.16060865
pak,2012,3.13193138
pak,2013,3.22013645
pak,2014,3.47550143
pak,2015,3.74291304
pak,2016,3.85598312
nga,2000,2.29940209
nga,2001,1.74437808
nga,2002,1.76899403
nga,2003,2.60898782
nga,2004,4.55576709
nga,2005,3.63395921
nga,2006,5.8338345
nga,2007,4.74957673
nga,2008,6.00294015
nga,2009,4.55547748
nga,2010,3.42797252
nga,2011,3.53503061
nga,2012,5.37996031
nga,2013,3.86210225
nga,2014,5.33384668
nga,2015,6.23795171
nga,2016,6.04993453
nld,2000,11.21157227
nld,2001,11.35028117
nld,2002,11.87646595
nld,2003,12.57908156
nld,2004,12.81256358
nld,2005,14.73858888
nld,2006,17.63717847
nld,2007,18.06096908
nld,2008,17.83522245
nld,2009,17.51696685
nld,2010,17.83313571
nld,2011,18.40670143
nld,2012,18.97681141
nld,2013,19.09387921
nld,2014,18.9658414
nld,2015,18.76718499
nld,2016,19.30943492
mco,2000,6.89634861
mco,2001,6.69739597
mco,2002,7.0749574
mco,2003,8.62694619
mco,2004,8.09646657
mco,2005,7.90483765
mco,2006,7.55752489
mco,2007,7.29065774
mco,2008,7.67809258
mco,2009,9.02081737
mco,2010,9.16927957
mco,2011,8.98183949
mco,2012,9.05982189
mco,2013,9.22584971
mco,2014,8.28536364
mco,2015,8.0937451
mco,2016,6.69802039
nam,2000,23.32910321
nam,2001,23.32910321
nam,2002,24.61287296
nam,2003,24.61656835
nam,2004,24.44353519
nam,2005,23.85712072
nam,2006,22.52712636
nam,2007,25.17267362
nam,2008,21.63815413
nam,2009,18.64343503
nam,2010,17.13640735
nam,2011,14.20021085
nam,2012,13.69885618
nam,2013,13.57946059
nam,2014,12.57668336
nam,2015,9.94561397
nam,2016,10.95293604
mus,2000,6.87927111
mus,2001,7.01589208
mus,2002,7.24555231
mus,2003,7.11917362
mus,2004,7.99441969
mus,2005,7.36639375
mus,2006,7.30563316
mus,2007,6.86744212
mus,2008,6.25885581
mus,2009,6.57103473
mus,2010,8.61437194
mus,2011,8.04825939
mus,2012,8.68251888
mus,2013,8.24619981
mus,2014,10.50410526
mus,2015,10.0200827
mus,2016,9.94854404
mlt,2000,11.79440488
mlt,2001,11.58794422
mlt,2002,13.11315705
mlt,2003,12.26409634
mlt,2004,13.38241241
mlt,2005,14.19892578
mlt,2006,14.28648599
mlt,2007,13.32489024
mlt,2008,12.09376196
mlt,2009,12.52479676
mlt,2010,12.8995941
mlt,2011,13.3781924
mlt,2012,13.21935526
mlt,2013,14.2167202
mlt,2014,14.01855775
mlt,2015,14.16853021
mlt,2016,15.82052367
mwi,2000,8.95059129
mwi,2001,8.42739249
mwi,2002,11.26479936
mwi,2003,13.72820335
mwi,2004,13.15745366
mwi,2005,15.98571634
mwi,2006,13.67986438
mwi,2007,12.45391564
mwi,2008,16.86056313
mwi,2009,17.77462713
mwi,2010,12.49772175
mwi,2011,14.52411724
mwi,2012,12.26017516
mwi,2013,20.37668392
mwi,2014,17.94045489
mwi,2015,16.03062156
mwi,2016,16.03062156
kgz,2000,7.06400648
kgz,2001,7.13149906
kgz,2002,7.56329114
kgz,2003,8.07252962
kgz,2004,8.21259637
kgz,2005,12.8309845
kgz,2006,14.72854641
kgz,2007,10.87019114
kgz,2008,10.62366138
kgz,2009,11.49008155
kgz,2010,10.21356753
kgz,2011,10.43165804
kgz,2012,10.83642193
kgz,2013,10.68801417
kgz,2014,10.94975582
kgz,2015,8.1768277
kgz,2016,7.10766784
ken,2000,9.39900749
ken,2001,9.3544012
ken,2002,9.31169651
ken,2003,9.06995739
ken,2004,9.02925839
ken,2005,8.13300575
ken,2006,7.36534573
ken,2007,7.66851405
ken,2008,7.6916615
ken,2009,7.65865957
ken,2010,7.54286216
ken,2011,8.19137776
ken,2012,8.34813344
ken,2013,8.30383698
ken,2014,7.88838089
ken,2015,7.39694246
ken,2016,7.04772726
ita,2000,12.10217065
ita,2001,12.20022359
ita,2002,12.64577566
ita,2003,12.52574048
ita,2004,13.328233
ita,2005,13.74297858
ita,2006,13.8095703
ita,2007,13.51803879
ita,2008,13.90418925
ita,2009,13.73982335
ita,2010,14.07980572
ita,2011,13.7786589
ita,2012,13.43320218
ita,2013,13.33372387
ita,2014,13.39155609
ita,2015,13.34339606
ita,2016,13.47361979
cok,2000,9.63331858
cok,2001,9.63331842
cok,2002,10.12443701
cok,2003,9.63331668
cok,2004,9.63331585
cok,2005,9.63331636
cok,2006,9.64371329
cok,2007,11.2179331
cok,2008,10.17662916
cok,2009,10.04680297
cok,2010,9.516386
cok,2011,7.87067869
cok,2012,7.87054712
cok,2013,7.21430176
cok,2014,5.97746677
cok,2015,5.21501198
cok,2016,6.55507885
chn,2000,6.08984095
chn,2001,5.58924221
chn,2002,6.02580334
chn,2003,6.87652969
chn,2004,7.2660584
chn,2005,7.48883993
chn,2006,7.57925197
chn,2007,7.90135735
chn,2008,7.70858266
chn,2009,8.37523147
chn,2010,8.7509227
chn,2011,8.60283882
chn,2012,9.03729677
chn,2013,9.41684221
chn,2014,9.62653911
chn,2015,9.39327546
chn,2016,9.05126487
aus,2000,15.16428288
aus,2001,15.1167976
aus,2002,15.8833708
aus,2003,15.98157968
aus,2004,16.40865053
aus,2005,16.33497096
aus,2006,16.51004282
aus,2007,16.93683578
aus,2008,16.5646669
aus,2009,16.16214649
aus,2010,16.26325152
aus,2011,16.64990609
aus,2012,16.2524148
aus,2013,16.52283686
aus,2014,16.62890221
aus,2015,17.2366069
aus,2016,17.42141761
brn,2000,5.72010237
brn,2001,5.97160963
brn,2002,5.1140025
brn,2003,6.98940818
brn,2004,6.39551534
brn,2005,6.43293362
brn,2006,5.85415553
brn,2007,5.7738958
brn,2008,6.20204491
brn,2009,6.20453097
brn,2010,5.77683496
brn,2011,5.74385409
brn,2012,5.44353504
brn,2013,5.12141542
brn,2014,5.20392688
brn,2015,5.86574545
brn,2016,5.68573517
khm,2000,8.59173587
khm,2001,8.25093683
khm,2002,8.73109236
khm,2003,9.85738318
khm,2004,11.17636141
khm,2005,10.80126768
khm,2006,10.35874022
khm,2007,8.34476457
khm,2008,6.61298133
khm,2009,6.06447872
khm,2010,6.81608497
khm,2011,6.44314644
khm,2012,8.16728069
khm,2013,9.10978937
khm,2014,7.53249574
khm,2015,8.12938789
khm,2016,7.40195988
esp,2000,12.41769877
esp,2001,12.52791923
esp,2002,12.51314489
esp,2003,14.03082634
esp,2004,14.09456758
esp,2005,14.39917318
esp,2006,14.68006245
esp,2007,14.60311536
esp,2008,14.83066617
esp,2009,14.80370221
esp,2010,14.78669024
esp,2011,14.63670525
esp,2012,13.6183609
esp,2013,14.06927156
esp,2014,14.16607975
esp,2015,14.852102
esp,2016,15.14241038
tjk,2000,4.62427746
tjk,2001,4.76190476
tjk,2002,4.20560748
tjk,2003,4.5154185
tjk,2004,4.56
tjk,2005,4.59214502
tjk,2006,4.67519685
tjk,2007,4.08049189
tjk,2008,5.32804012
tjk,2009,4.45234468
tjk,2010,5.34303856
tjk,2011,5.67244986
tjk,2012,7.08900641
tjk,2013,6.8741663
tjk,2014,7.42768993
tjk,2015,6.62294656
tjk,2016,5.61881188
nru,2000,11.19047619
nru,2001,14.0
nru,2002,18.21428571
nru,2003,23.80952381
nru,2004,28.57142857
nru,2005,18.51851852
nru,2006,18.51851965
nru,2007,18.51851852
nru,2008,13.81121692
nru,2009,10.51082251
nru,2010,10.29012434
nru,2011,9.8507413
nru,2012,11.49656571
nru,2013,11.49656556
nru,2014,10.15625
nru,2015,9.84374116
nru,2016,7.49126318
moz,2000,14.47425914
moz,2001,14.47425914
moz,2002,14.47425914
moz,2003,14.47425914
moz,2004,14.47425914
moz,2005,19.05359493
moz,2006,14.88404065
moz,2007,13.48588216
moz,2008,12.74414178
moz,2009,10.59458424
moz,2010,9.54174683
moz,2011,8.5567387
moz,2012,8.34951296
moz,2013,8.34951296
moz,2014,8.34951296
moz,2015,8.34951296
moz,2016,8.34951296
mys,2000,4.60452144
mys,2001,4.82196382
mys,2002,5.07229941
mys,2003,5.45899023
mys,2004,5.68650364
mys,2005,5.61187055
mys,2006,6.58600575
mys,2007,6.28716654
mys,2008,6.01110434
mys,2009,5.88039516
mys,2010,6.32122551
mys,2011,6.53266888
mys,2012,6.61240749
mys,2013,6.82963776
mys,2014,7.85949325
mys,2015,8.25639885
mys,2016,8.24682765
isl,2000,17.60674236
isl,2001,17.10061496
isl,2002,18.04537966
isl,2003,18.39292444
isl,2004,18.05006433
isl,2005,18.01919627
isl,2006,17.77071024
isl,2007,17.54780254
isl,2008,13.01478265
isl,2009,15.34083353
isl,2010,14.36090185
isl,2011,14.9365025
isl,2012,14.94576656
isl,2013,15.56045754
isl,2014,15.21207525
isl,2015,15.88371594
isl,2016,14.93631538
cze,2000,12.53399473
cze,2001,12.17722719
cze,2002,12.44930803
cze,2003,11.87305682
cze,2004,13.32182746
cze,2005,13.10817418
cze,2006,12.93083581
cze,2007,12.61937042
cze,2008,12.8493506
cze,2009,13.73944399
cze,2010,13.26772058
cze,2011,13.59931258
cze,2012,13.23263225
cze,2013,15.32126773
cze,2014,14.91276565
cze,2015,14.30715945
cze,2016,14.84470267
ind,2000,3.59258236
ind,2001,3.47661482
ind,2002,3.16798538
ind,2003,2.9059251
ind,2004,3.06806798
ind,2005,3.19161919
ind,2006,3.09079633
ind,2007,3.10156737
ind,2008,3.02755753
ind,2009,3.14661586
ind,2010,3.08756753
ind,2011,3.38493474
ind,2012,3.40792234
ind,2013,2.96982362
ind,2014,2.93067871
ind,2015,3.16331616
ind,2016,3.16331616
uga,2000,10.34960699
uga,2001,10.78337932
uga,2002,10.84556501
uga,2003,10.42985568
uga,2004,14.26243958
uga,2005,17.79895591
uga,2006,20.11031814
uga,2007,21.25422889
uga,2008,19.77671621
uga,2009,19.57029073
uga,2010,15.25747769
uga,2011,13.18837313
uga,2012,12.41105262
uga,2013,11.68068621
uga,2014,5.37354674
uga,2015,4.93755621
uga,2016,4.93755621
tun,2000,10.56312812
tun,2001,10.59410415
tun,2002,11.00369048
tun,2003,11.42393368
tun,2004,11.56128172
tun,2005,11.3642356
tun,2006,11.80499882
tun,2007,11.97066576
tun,2008,12.0152829
tun,2009,12.30016105
tun,2010,13.31192615
tun,2011,12.68927411
tun,2012,13.00377999
tun,2013,12.80161606
tun,2014,13.40530374
tun,2015,13.87730273
tun,2016,13.73875434
tur,2000,7.185973
tur,2001,7.46441363
tur,2002,8.63695434
tur,2003,9.29138146
tur,2004,10.18645541
tur,2005,10.32446258
tur,2006,10.34756303
tur,2007,10.7165424
tur,2008,11.05527008
tur,2009,11.62020875
tur,2010,10.87509246
tur,2011,11.10431397
tur,2012,10.29337147
tur,2013,10.07948778
tur,2014,10.13582474
tur,2015,9.6731644
tur,2016,9.6475606
bgd,2000,5.20978898
bgd,2001,3.57829106
bgd,2002,4.53987064
bgd,2003,4.75530848
bgd,2004,4.86526654
bgd,2005,4.38878422
bgd,2006,4.72820292
bgd,2007,5.07503111
bgd,2008,3.84079909
bgd,2009,4.11516041
bgd,2010,4.43938969
bgd,2011,4.14084072
bgd,2012,3.9550321
bgd,2013,3.58483442
bgd,2014,3.6117441
bgd,2015,3.37967949
bgd,2016,3.37967949
btn,2000,8.3528804
btn,2001,7.08825989
btn,2002,8.32419112
btn,2003,8.55276956
btn,2004,9.70972336
btn,2005,7.60192959
btn,2006,7.9331246
btn,2007,8.24247207
btn,2008,7.61462832
btn,2009,7.37840332
btn,2010,6.39762563
btn,2011,7.12269474
btn,2012,7.12173883
btn,2013,7.83908098
btn,2014,8.69303109
btn,2015,10.58404263
btn,2016,8.80437736
syr,2000,5.64728534
syr,2001,6.64888698
syr,2002,7.21175743
syr,2003,7.51466182
syr,2004,6.81887633
syr,2005,7.344904
syr,2006,6.74362965
syr,2007,6.87140671
syr,2008,6.85329161
syr,2009,5.97893835
syr,2010,5.17356762
syr,2011,3.779557
syr,2012,4.48338317
tha,2000,13.30814972
tha,2001,11.14270198
tha,2002,10.72241498
tha,2003,14.32788005
tha,2004,13.51279788
tha,2005,13.63410242
tha,2006,15.49175061
tha,2007,15.20570937
tha,2008,15.85159853
tha,2009,14.8458322
tha,2010,14.84338186
tha,2011,14.49093242
tha,2012,14.78678931
tha,2013,14.14968582
tha,2014,14.78977265
tha,2015,15.27999473
tha,2016,14.81570671
swe,2000,11.88295364
swe,2001,12.45994371
swe,2002,12.74156733
swe,2003,12.93205086
swe,2004,12.9441124
swe,2005,12.92152394
swe,2006,13.08156536
swe,2007,13.39527724
swe,2008,13.59144994
swe,2009,13.89862559
swe,2010,13.67565809
swe,2011,17.821688
swe,2012,17.80163337
swe,2013,17.79857777
swe,2014,18.16654321
swe,2015,18.48412785
swe,2016,18.470475
swz,2000,10.50858875
swz,2001,9.96202203
swz,2002,9.85958167
swz,2003,12.22786551
swz,2004,10.45316084
swz,2005,12.91270382
swz,2006,14.86186721
swz,2007,13.53105663
swz,2008,15.15780163
swz,2009,14.64465596
swz,2010,20.6069637
swz,2011,24.86686017
swz,2012,19.38480517
swz,2013,18.67431124
swz,2014,16.89160873
swz,2015,16.89160873
swz,2016,16.89160873
zaf,2000,10.85657608
zaf,2001,10.72074247
zaf,2002,9.26924546
zaf,2003,9.30648652
zaf,2004,9.69763954
zaf,2005,8.5592168
zaf,2006,8.79038598
zaf,2007,8.9999422
zaf,2008,8.90855675
zaf,2009,8.66133332
zaf,2010,9.63324123
zaf,2011,10.32059576
zaf,2012,10.71083723
zaf,2013,10.55921245
zaf,2014,10.6987975
zaf,2015,10.63741699
zaf,2016,10.63741699
svk,2000,9.10538642
svk,2001,10.71486708
svk,2002,10.87540187
svk,2003,12.00786806
svk,2004,13.29306696
svk,2005,12.48834333
svk,2006,12.3880647
svk,2007,13.71109356
svk,2008,14.21332211
svk,2009,13.26363546
svk,2010,13.31027303
svk,2011,13.40933405
svk,2012,13.5596371
svk,2013,13.47955206
svk,2014,13.184961
svk,2015,12.10413409
svk,2016,13.86227534
sen,2000,9.19525888
sen,2001,9.14603583
sen,2002,9.15644642
sen,2003,9.15613571
sen,2004,9.18958457
sen,2005,8.88036765
sen,2006,8.72538478
sen,2007,6.27415937
sen,2008,7.09640749
sen,2009,7.28869776
sen,2010,7.07360553
sen,2011,6.58184765
sen,2012,6.46808678
sen,2013,7.66614612
sen,2014,7.19650935
sen,2015,7.19650935
sen,2016,6.35200347
sgp,2000,6.67617878
sgp,2001,4.1349525
sgp,2002,5.76189642
sgp,2003,7.43377773
sgp,2004,6.34121568
sgp,2005,6.9122938
sgp,2006,6.76268159
sgp,2007,6.85526281
sgp,2008,6.8100803
sgp,2009,7.79937119
sgp,2010,8.91147079
sgp,2011,9.50141552
sgp,2012,10.60983711
sgp,2013,11.78401591
sgp,2014,12.34793462
sgp,2015,12.36375209
sgp,2016,13.11080866
wsm,2000,11.796875
wsm,2001,10.39145907
wsm,2002,11.10032362
wsm,2003,9.87378641
wsm,2004,11.03975535
wsm,2005,10.40493827
wsm,2006,12.81518987
wsm,2007,11.51464435
wsm,2008,12.62240664
wsm,2009,13.88969259
wsm,2010,11.62383901
wsm,2011,12.88993711
wsm,2012,10.67587209
wsm,2013,14.09696093
wsm,2014,12.32014833
wsm,2015,11.5441357
wsm,2016,13.2012931
rou,2000,8.80163276
rou,2001,9.76318103
rou,2002,10.77936171
rou,2003,13.21777752
rou,2004,12.05498996
rou,2005,13.26610889
rou,2006,11.3054383
rou,2007,10.95861475
rou,2008,10.86296739
rou,2009,10.55647163
rou,2010,11.53002942
rou,2011,8.94649164
rou,2012,9.7233165
rou,2013,11.61056961
rou,2014,11.3780912
rou,2015,10.78601001
rou,2016,11.34255391
phl,2000,7.03702515
phl,2001,6.01522779
phl,2002,5.11614127
phl,2003,5.96684249
phl,2004,6.23368365
phl,2005,7.45112586
phl,2006,7.42209437
phl,2007,6.86681411
phl,2008,6.82924723
phl,2009,7.14932484
phl,2010,7.58636887
phl,2011,6.41848713
phl,2012,6.31661063
phl,2013,6.69101053
phl,2014,6.78037706
phl,2015,7.74700413
phl,2016,7.77253524
pol,2000,8.67418204
pol,2001,8.95300222
pol,2002,9.43197485
pol,2003,9.00438086
pol,2004,9.11986566
pol,2005,8.98326702
pol,2006,8.99261282
pol,2007,9.52460006
pol,2008,10.31183167
pol,2009,10.47818016
pol,2010,10.044554
pol,2011,10.06863311
pol,2012,10.13377761
pol,2013,10.57586114
pol,2014,10.44702721
pol,2015,10.68076144
pol,2016,11.0659733
npl,2000,7.1408133
npl,2001,9.01135571
npl,2002,9.26300313
npl,2003,9.26157511
npl,2004,9.16906162
npl,2005,8.82634299
npl,2006,10.8764871
npl,2007,7.54387737
npl,2008,7.64335279
npl,2009,6.91943672
npl,2010,6.99682551
npl,2011,6.53435833
npl,2012,6.62843267
npl,2013,6.77315334
npl,2014,6.91083231
npl,2015,6.71751991
npl,2016,6.18847322
niu,2000,6.55
niu,2001,30.23809524
niu,2002,9.88888889
niu,2003,10.75
niu,2004,9.99047619
niu,2005,7.17272727
niu,2006,39.68181818
niu,2007,11.83913043
niu,2008,15.78875855
niu,2009,18.98764146
niu,2010,6.9362297
niu,2011,9.110296
niu,2012,4.8215745
niu,2013,5.59121887
niu,2014,6.02916855
niu,2015,5.58948945
niu,2016,4.97484708
fsm,2000,10.91287261
fsm,2001,12.47843506
fsm,2002,12.49504895
fsm,2003,13.48973171
fsm,2004,13.91798824
fsm,2005,18.29060403
fsm,2006,16.72810458
fsm,2007,17.76710526
fsm,2008,19.16474359
fsm,2009,18.94382022
fsm,2010,18.53785
fsm,2011,19.08526108
fsm,2012,17.73583568
fsm,2013,19.32973545
fsm,2014,20.39871935
fsm,2015,21.19725184
fsm,2016,19.99702124
mng,2000,12.43622975
mng,2001,10.13139075
mng,2002,10.22389064
mng,2003,8.52666935
mng,2004,8.6623306
mng,2005,9.21623018
mng,2006,8.32915668
mng,2007,7.10376958
mng,2008,7.56352305
mng,2009,7.66782546
mng,2010,6.94512383
mng,2011,5.19957857
mng,2012,5.65797079
mng,2013,5.42932025
mng,2014,5.5718127
mng,2015,6.47816589
mng,2016,5.62627297
ltu,2000,10.76782561
ltu,2001,11.5882163
ltu,2002,12.90803092
ltu,2003,13.87186221
ltu,2004,10.76587621
ltu,2005,11.04577081
ltu,2006,11.50305627
ltu,2007,11.61290228
ltu,2008,11.75864561
ltu,2009,11.8738276
ltu,2010,11.5558311
ltu,2011,10.85898295
ltu,2012,11.72514868
ltu,2013,11.46062281
ltu,2014,12.0839682
ltu,2015,12.46306777
ltu,2016,13.04809248
mli,2000,6.63116446
mli,2001,6.57161928
mli,2002,6.1926194
mli,2003,7.14072304
mli,2004,10.45323448
mli,2005,9.50999585
mli,2006,10.02104009
mli,2007,9.54414407
mli,2008,8.18047069
mli,2009,6.17459212
mli,2010,6.37126861
mli,2011,5.83106061
mli,2012,7.80696353
mli,2013,5.69040438
mli,2014,7.19654255
mli,2015,7.89901161
mli,2016,7.50074107
lby,2000,6.03982069
lby,2001,5.78298683
lby,2002,7.75643208
lby,2003,6.30860008
lby,2004,5.42119866
lby,2005,5.78062486
lby,2006,5.27548711
lby,2007,4.81507197
lby,2008,3.70380054
lby,2009,4.09074219
lby,2010,4.33415097
lby,2011,6.42019413
lao,2000,6.66955069
lao,2001,6.66955069
lao,2002,6.8166891
lao,2003,6.84258521
lao,2004,7.01786557
lao,2005,6.87986362
lao,2006,6.87986362
lao,2007,5.71826229
lao,2008,5.61157099
lao,2009,8.48746501
lao,2010,4.42974089
lao,2011,3.16365753
lao,2012,3.44529321
lao,2013,4.56232357
lao,2014,4.359849
lao,2015,5.46558421
lao,2016,5.73170734
kwt,2000,5.22458629
kwt,2001,6.83500218
kwt,2002,6.80131904
kwt,2003,7.00624882
kwt,2004,6.42630613
kwt,2005,6.75207234
kwt,2006,5.72036151
kwt,2007,5.58163265
kwt,2008,3.74258044
kwt,2009,7.9900513
kwt,2010,5.21621622
kwt,2011,5.77571669
kwt,2012,5.63693089
kwt,2013,5.73217982
kwt,2014,6.20608899
kwt,2015,6.20634497
kwt,2016,6.20634497
jor,2000,12.77641278
jor,2001,13.56332703
jor,2002,13.59860079
jor,2003,11.50112024
jor,2004,11.99474203
jor,2005,11.62790698
jor,2006,11.80361231
jor,2007,12.97726771
jor,2008,15.41891139
jor,2009,18.61631016
jor,2010,19.11017691
jor,2011,17.31843575
jor,2012,16.56879195
jor,2013,13.50100842
jor,2014,13.34644854
jor,2015,12.9544035
jor,2016,12.51861269
irl,2000,14.82487216
irl,2001,15.44880522
irl,2002,15.88289385
irl,2003,16.73303377
irl,2004,17.19548687
irl,2005,18.08955412
irl,2006,17.27587442
irl,2007,17.21571116
irl,2008,17.26864667
irl,2009,17.19454414
irl,2010,12.30170986
irl,2011,16.53828706
irl,2012,18.23929377
irl,2013,18.05499646
irl,2014,18.15874176
irl,2015,18.38134549
irl,2016,19.65500493
isr,2000,8.93811709
isr,2001,9.02032047
isr,2002,8.94242211
isr,2003,8.76236113
isr,2004,9.21354412
isr,2005,9.28348381
isr,2006,9.70171666
isr,2007,9.8371222
isr,2008,10.14668415
isr,2009,10.28351793
isr,2010,10.71264531
isr,2011,10.79628798
isr,2012,10.76214637
isr,2013,10.95700277
isr,2014,11.15368655
isr,2015,11.6295158
isr,2016,11.55982987
irq,2004,2.98065044
irq,2005,3.19641961
irq,2006,3.19675739
irq,2007,4.67343422
irq,2008,4.15909137
irq,2009,4.96088123
irq,2010,4.81416167
irq,2011,4.81649941
irq,2012,2.39027754
irq,2013,2.39027753
irq,2014,2.39032929
irq,2015,1.69948675
irq,2016,1.7008359
hun,2000,10.00130386
hun,2001,9.85964883
hun,2002,9.73038716
hun,2003,11.68882128
hun,2004,11.22450213
hun,2005,11.45566765
hun,2006,10.74467765
hun,2007,9.98535395
hun,2008,10.07470049
hun,2009,9.83535145
hun,2010,10.24883212
hun,2011,10.14790303
hun,2012,10.09454254
hun,2013,9.81493457
hun,2014,9.63875627
hun,2015,9.50158095
hun,2016,10.48390677
gha,2000,7.617866
gha,2001,9.18918919
gha,2002,8.75894246
gha,2003,8.14668263
gha,2004,7.55241636
gha,2005,14.14216164
gha,2006,12.52824165
gha,2007,11.2477737
gha,2008,11.93941071
gha,2009,15.21569047
gha,2010,13.81822538
gha,2011,13.95713821
gha,2012,10.38881299
gha,2013,9.88242745
gha,2014,9.2585813
gha,2015,12.63342988
gha,2016,7.39788765
gnb,2000,16.88142577
gnb,2001,16.88142577
gnb,2002,16.88142577
gnb,2003,16.88142577
gnb,2004,16.88142577
gnb,2005,16.88142577
gnb,2006,16.88142577
gnb,2007,16.88142577
gnb,2008,16.88142577
gnb,2009,16.88142577
gnb,2010,16.88142577
gnb,2011,16.88142577
gnb,2012,17.22693713
gnb,2013,17.57244849
gnb,2014,17.91795985
gnb,2015,18.26347121
gnb,2016,18.60898258
geo,2000,4.85252141
geo,2001,4.93934142
geo,2002,5.55102041
geo,2003,7.20338983
geo,2004,6.35504202
geo,2005,6.08055771
geo,2006,5.41718555
geo,2007,4.20202857
geo,2008,5.05536832
geo,2009,6.19469027
geo,2010,6.43044619
geo,2011,5.30998447
geo,2012,5.81620783
geo,2013,7.07096774
geo,2014,7.93996334
geo,2015,9.79088472
geo,2016,10.46420142
gmb,2000,10.04305443
gmb,2001,11.00919842
gmb,2002,8.05988341
gmb,2003,12.35982721
gmb,2004,11.3321836
gmb,2005,13.02816537
gmb,2006,14.10969142
gmb,2007,18.70193657
gmb,2008,18.20360448
gmb,2009,14.73115759
gmb,2010,14.45645264
gmb,2011,14.41827973
gmb,2012,12.33905135
gmb,2013,13.17197186
gmb,2014,9.14648844
gmb,2015,5.49517977
gmb,2016,5.49517977
fin,2000,10.17514805
fin,2001,10.64792138
fin,2002,11.05098373
fin,2003,11.67129296
fin,2004,11.94956998
fin,2005,12.29739468
fin,2006,12.4320732
fin,2007,12.54019881
fin,2008,12.55728934
fin,2009,12.15276716
fin,2010,12.06476461
fin,2011,12.34439208
fin,2012,12.48885169
fin,2013,12.44382382
fin,2014,12.25201432
fin,2015,12.80832806
fin,2016,12.65899978
fji,2000,10.60392746
fji,2001,7.91407956
fji,2002,8.04780936
fji,2003,8.62354235
fji,2004,9.26792991
fji,2005,10.37507393
fji,2006,9.98381315
fji,2007,10.60909682
fji,2008,9.79648727
fji,2009,8.3829253
fji,2010,8.59795057
fji,2011,7.06160896
fji,2012,7.43690773
fji,2013,7.58424821
fji,2014,7.18492123
fji,2015,7.0419419
fji,2016,7.72176991
cyp,2000,6.42546166
cyp,2001,6.41234457
cyp,2002,6.83643022
cyp,2003,5.90685521
cyp,2004,5.52848101
cyp,2005,5.40927835
cyp,2006,5.70430906
cyp,2007,5.76937096
cyp,2008,6.57182778
cyp,2009,6.58499949
cyp,2010,7.19964262
cyp,2011,7.317906
cyp,2012,7.24005485
cyp,2013,7.60225687
cyp,2014,6.08461753
cyp,2015,7.10692548
cyp,2016,7.53729262
eri,2000,2.14200714
eri,2001,2.00851064
eri,2002,2.62248744
eri,2003,1.92759175
eri,2004,2.25375626
eri,2005,1.90643034
eri,2006,3.17719207
eri,2007,3.73161992
eri,2008,3.73161992
eri,2009,3.73161992
eri,2010,3.73161992
eri,2011,3.73161992
eri,2012,3.73161992
eri,2013,3.73161992
eri,2014,3.73161992
eri,2015,3.73161992
eri,2016,3.73161992
cub,2000,10.80231469
cub,2001,11.39179507
cub,2002,11.19047065
cub,2003,10.89082327
cub,2004,10.32092642
cub,2005,11.66870425
cub,2006,11.20669737
cub,2007,14.48242925
cub,2008,13.17878424
cub,2009,14.93327364
cub,2010,13.86777153
cub,2011,15.09898946
cub,2012,11.49517591
cub,2013,14.14069057
cub,2014,18.024666
cub,2015,18.20072118
cub,2016,17.2644908
hrv,2000,14.80154732
hrv,2001,13.14930883
hrv,2002,9.82487674
hrv,2003,10.50698891
hrv,2004,10.93772818
hrv,2005,12.68769458
hrv,2006,12.8937983
hrv,2007,14.24202715
hrv,2008,14.39363668
hrv,2009,14.38723257
hrv,2010,14.65296336
hrv,2011,12.96924206
hrv,2012,13.44171096
hrv,2013,11.61556329
hrv,2014,11.54707066
hrv,2015,11.61593387
hrv,2016,12.00072864
bih,2000,7.25858741
bih,2001,8.62529467
bih,2002,9.3225573
bih,2003,11.59311107
bih,2004,11.31878326
bih,2005,10.8100913
bih,2006,10.99815916
bih,2007,11.33633811
bih,2008,10.96977497
bih,2009,12.59329694
bih,2010,12.64126276
bih,2011,13.76378664
bih,2012,14.12546091
bih,2013,14.81133372
bih,2014,14.49645837
bih,2015,15.23365759
bih,2016,15.46811571
bgr,2000,8.52206357
bgr,2001,9.5564558
bgr,2002,10.78837551
bgr,2003,11.3891109
bgr,2004,10.88494439
bgr,2005,11.23286625
bgr,2006,10.87039695
bgr,2007,9.17062898
bgr,2008,9.52609031
bgr,2009,9.12416017
bgr,2010,10.88766334
bgr,2011,11.46101388
bgr,2012,11.24311015
bgr,2013,10.78629066
bgr,2014,10.72979089
bgr,2015,10.29956269
bgr,2016,11.95197331
bel,2000,12.07923028
bel,2001,12.42581418
bel,2002,12.31793701
bel,2003,13.26639291
bel,2004,14.13545117
bel,2005,13.36698717
bel,2006,13.96052528
bel,2007,13.96874825
bel,2008,14.29666022
bel,2009,14.41456539
bel,2010,14.40233551
bel,2011,14.30353063
bel,2012,14.16541366
bel,2013,14.34347017
bel,2014,14.63826437
bel,2015,14.71365899
bel,2016,14.84553381
blr,2000,12.12932099
blr,2001,10.04257636
blr,2002,9.32076078
blr,2003,10.07395504
blr,2004,9.99574505
blr,2005,10.05169805
blr,2006,8.44313259
blr,2007,8.12514575
blr,2008,5.80377919
blr,2009,6.73346672
blr,2010,8.68903243
blr,2011,7.66838126
blr,2012,8.85626726
blr,2013,8.7440876
blr,2014,8.68506167
blr,2015,8.48146176
blr,2016,8.48146176
aze,2000,4.75029036
aze,2001,5.04484305
aze,2002,3.4212402
aze,2003,3.83002505
aze,2004,4.24712265
aze,2005,3.91576042
aze,2006,3.41555977
aze,2007,3.76031381
aze,2008,2.62302877
aze,2009,3.88034188
aze,2010,3.64188343
aze,2011,3.20552077
aze,2012,3.28430395
aze,2013,3.0435376
aze,2014,3.38209261
aze,2015,3.69419484
aze,2016,3.88369484
aut,2000,13.62296058
aut,2001,13.53871947
aut,2002,13.76382679
aut,2003,13.8723288
aut,2004,13.26639002
aut,2005,13.9215398
aut,2006,14.07544354
aut,2007,14.39463759
aut,2008,14.61731858
aut,2009,14.18336434
aut,2010,14.43930217
aut,2011,14.6982228
aut,2012,14.87232483
aut,2013,14.73849745
aut,2014,14.66617309
aut,2015,15.03725084
aut,2016,15.25716404
and,2000,12.99244389
and,2001,13.19181275
and,2002,12.59224579
and,2003,10.66864692
and,2004,9.72577839
and,2005,10.9965731
and,2006,10.97174377
and,2007,10.9491816
and,2008,10.92858963
and,2009,10.90972059
and,2010,10.89236693
and,2011,11.57501804
and,2012,12.46814093
and,2013,13.43714461
and,2014,14.95778046
and,2015,15.24368464
and,2016,14.01755583
arm,2000,4.20598234
arm,2001,6.15432639
arm,2002,5.78826903
arm,2003,5.76190749
arm,2004,6.81607402
arm,2005,7.48712656
arm,2006,7.98230588
arm,2007,7.24698644
arm,2008,6.73909482
arm,2009,6.38012777
arm,2010,6.50436636
arm,2011,6.73166232
arm,2012,7.06836011
arm,2013,6.36182756
arm,2014,6.62124856
arm,2015,6.32862686
arm,2016,6.4391825
alb,2000,7.06980066
alb,2001,7.31513204
alb,2002,7.32178131
alb,2003,7.59981681
alb,2004,9.23147577
alb,2005,9.73304812
alb,2006,9.08573492
alb,2007,8.97121084
alb,2008,8.49095416
alb,2009,8.6699373
alb,2010,8.67068525
alb,2011,9.84999322
alb,2012,9.62255576
alb,2013,9.60969693
alb,2014,9.60969693
alb,2015,9.60969693
alb,2016,9.58992948
ukr,2000,7.08121453
ukr,2001,7.63454913
ukr,2002,8.10631723
ukr,2003,9.38550317
ukr,2004,8.18107544
ukr,2005,8.43188102
ukr,2006,8.69695402
ukr,2007,8.16589868
ukr,2008,6.77919949
ukr,2009,7.92941208
ukr,2010,7.8570143
ukr,2011,7.49830668
ukr,2012,7.64311819
ukr,2013,7.81016598
ukr,2014,6.49680236
ukr,2015,6.8183457
ukr,2016,7.06216997
ton,2000,11.41306507
ton,2001,11.39551434
ton,2002,11.85863943
ton,2003,11.95444644
ton,2004,12.07492656
ton,2005,11.469338
ton,2006,12.03100035
ton,2007,13.25702764
ton,2008,12.83449904
ton,2009,11.49980107
ton,2010,9.5835854
ton,2011,9.79791808
ton,2012,10.5783748
ton,2013,9.85964769
ton,2014,9.89345456
ton,2015,9.2278177
ton,2016,9.35554788
che,2000,16.21891093
che,2001,17.51936936
che,2002,17.53556781
che,2003,18.6781854
che,2004,18.91979231
che,2005,19.4034413
che,2006,19.31886964
che,2007,19.77192541
che,2008,19.95728398
che,2009,20.15227755
che,2010,20.03655233
che,2011,20.39497279
che,2012,21.14881733
che,2013,21.19268602
che,2014,21.51889464
che,2015,22.14091
che,2016,22.3993146
lka,2000,10.30900373
lka,2001,9.64630677
lka,2002,10.411841
lka,2003,10.58074159
lka,2004,11.15483386
lka,2005,10.29686576
lka,2006,10.0214418
lka,2007,9.53760959
lka,2008,8.90037774
lka,2009,8.06951132
lka,2010,8.05744274
lka,2011,8.05988378
lka,2012,8.13528281
lka,2013,10.24223868
lka,2014,9.27636283
lka,2015,8.66206866
lka,2016,8.73618825
slb,2000,23.10744526
slb,2001,35.9679558
slb,2002,42.05200627
slb,2003,26.1525283
slb,2004,19.23754078
slb,2005,19.95247396
slb,2006,17.17078136
slb,2007,17.29678977
slb,2008,14.83643798
slb,2009,9.70629371
slb,2010,10.51403679
slb,2011,13.11441176
slb,2012,10.10735795
slb,2013,10.39357846
slb,2014,11.14321926
slb,2015,9.3571104
slb,2016,9.83130873
omn,2000,7.03079257
omn,2001,6.65781866
omn,2002,6.79020859
omn,2003,6.77371299
omn,2004,6.24249702
omn,2005,6.08941462
omn,2006,5.42304891
omn,2007,5.58193483
omn,2008,5.40967304
omn,2009,6.01545356
omn,2010,6.69591197
omn,2011,5.3040244
omn,2012,4.77378114
omn,2013,5.42898707
omn,2014,6.68539324
omn,2015,7.5657349
omn,2016,7.5657349
stp,2000,33.5762315
stp,2001,7.20176784
stp,2002,8.64725137
stp,2003,11.92457501
stp,2004,8.7739156
stp,2005,12.08686235
stp,2006,8.10599009
stp,2007,7.44129883
stp,2008,8.28666474
stp,2009,5.23228278
stp,2010,5.2480835
stp,2011,5.06952657
stp,2012,5.47233605
stp,2013,11.74604182
stp,2014,11.57260066
stp,2015,6.65598064
stp,2016,9.10333649
prt,2000,13.83904767
prt,2001,13.49064136
prt,2002,14.20928692
prt,2003,13.94560457
prt,2004,14.33142895
prt,2005,14.40362168
prt,2006,13.96077571
prt,2007,14.00263773
prt,2008,14.10747193
prt,2009,13.75339041
prt,2010,13.22095175
prt,2011,12.89991738
prt,2012,12.63127733
prt,2013,12.18052199
prt,2014,11.51728556
prt,2015,12.31588494
prt,2016,13.39970709
mne,2016,12.0678851
nor,2000,14.980728
nor,2001,15.161641
nor,2002,15.98104588
nor,2003,16.01724287
nor,2004,16.29075121
nor,2005,16.45227378
nor,2006,16.16755935
nor,2007,16.26159012
nor,2008,16.65285422
nor,2009,16.61634523
nor,2010,16.76480378
nor,2011,16.93865289
nor,2012,17.32198418
nor,2013,17.24359278
nor,2014,17.37430594
nor,2015,17.7143781
nor,2016,17.58829559
lbr,2000,5.39231019
lbr,2001,7.09906526
lbr,2002,4.26266524
lbr,2003,6.45472406
lbr,2004,7.23460026
lbr,2005,6.68528898
lbr,2006,8.76878012
lbr,2007,8.55077551
lbr,2008,6.39474398
lbr,2009,6.28295404
lbr,2010,4.57313879
lbr,2011,8.60247511
lbr,2012,7.1038454
lbr,2013,6.59764583
lbr,2014,7.72208364
lbr,2015,7.72208364
lbr,2016,7.84277682
lva,2000,7.42132278
lva,2001,8.09670457
lva,2002,8.14438303
lva,2003,8.19234507
lva,2004,10.0902756
lva,2005,9.55070904
lva,2006,9.79651144
lva,2007,9.92092617
lva,2008,9.0143881
lva,2009,8.30966896
lva,2010,8.13227889
lva,2011,8.74237833
lva,2012,8.61514207
lva,2013,8.5899494
lva,2014,8.55758505
lva,2015,8.52180087
lva,2016,9.18414876
irn,2000,10.95240323
irn,2001,11.7931878
irn,2002,9.3571374
irn,2003,10.18980259
irn,2004,10.35835643
irn,2005,9.35969067
irn,2006,9.53878798
irn,2007,10.60550062
irn,2008,9.20039277
irn,2009,12.08687791
irn,2010,11.88721881
irn,2011,12.03955113
irn,2012,15.95887923
irn,2013,16.04641068
irn,2014,22.59989396
irn,2015,22.59989396
irn,2016,22.60008291
kir,2000,11.40623529
kir,2001,11.40622047
kir,2002,11.4062406
kir,2003,11.40624
kir,2004,11.4062585
kir,2005,11.40622378
kir,2006,11.41439024
kir,2007,12.4453125
kir,2008,15.29285714
kir,2009,16.17037037
kir,2010,10.56115108
kir,2011,9.27741935
kir,2012,8.22857143
kir,2013,9.08045977
kir,2014,7.35319149
kir,2015,6.25806452
kir,2016,8.78274174
jpn,2000,15.32893674
jpn,2001,16.10963598
jpn,2002,16.1372515
jpn,2003,16.40935231
jpn,2004,17.22589433
jpn,2005,17.78338295
jpn,2006,17.90117917
jpn,2007,18.27382832
jpn,2008,18.13296421
jpn,2009,18.08227943
jpn,2010,18.93996009
jpn,2011,21.73340109
jpn,2012,22.25695265
jpn,2013,22.27055839
jpn,2014,22.61698042
jpn,2015,23.20783653
jpn,2016,23.38924133
idn,2000,3.84384282
idn,2001,4.03106772
idn,2002,4.00128111
idn,2003,4.50167275
idn,2004,4.21748144
idn,2005,4.23545453
idn,2006,4.5364025
idn,2007,5.52290503
idn,2008,4.72605508
idn,2009,5.57517134
idn,2010,4.61409738
idn,2011,4.60694831
idn,2012,4.70225735
idn,2013,4.95627201
idn,2014,6.04071702
idn,2015,7.02003123
idn,2016,8.41014865
dji,2000,6.07547627
dji,2001,5.96840494
dji,2002,8.6837339
dji,2003,9.621091
dji,2004,7.23529105
dji,2005,7.09786362
dji,2006,9.02562675
dji,2007,8.18045502
dji,2008,7.50878004
dji,2009,7.18495163
dji,2010,8.09431329
dji,2011,9.71951441
dji,2012,9.42427369
dji,2013,7.78593812
dji,2014,7.60765054
dji,2015,5.73436813
dji,2016,4.0244559
dnk,2000,12.78373697
dnk,2001,13.33597358
dnk,2002,13.70535108
dnk,2003,13.92824889
dnk,2004,14.19999724
dnk,2005,14.85673363
dnk,2006,15.43233293
dnk,2007,15.74048089
dnk,2008,15.85259901
dnk,2009,15.94620577
dnk,2010,15.29368768
dnk,2011,15.04397952
dnk,2012,14.84027081
dnk,2013,15.35104038
dnk,2014,15.50893356
dnk,2015,15.7889857
dnk,2016,16.24515072
bhr,2000,10.18348158
bhr,2001,8.89822176
bhr,2002,8.06695652
bhr,2003,8.50607055
bhr,2004,8.66226708
bhr,2005,8.61778075
bhr,2006,8.75506555
bhr,2007,9.2687631
bhr,2008,9.17777778
bhr,2009,10.11316147
bhr,2010,8.47641304
bhr,2011,8.05977356
bhr,2012,8.40818428
bhr,2013,8.181
bhr,2014,10.09125315
bhr,2015,8.82869829
bhr,2016,8.41289272
afg,2002,1.21245604
afg,2003,5.45767867
afg,2004,3.60296817
afg,2005,5.31143666
afg,2006,6.0327908
afg,2007,4.93834847
afg,2008,7.84038615
afg,2009,4.67966161
afg,2010,4.3977083
afg,2011,4.62230193
afg,2012,2.79388023
afg,2013,4.11774705
afg,2014,4.69329392
afg,2015,5.12669763
afg,2016,3.72032148
zmb,2000,14.86108467
zmb,2001,11.10696602
zmb,2002,10.72923712
zmb,2003,10.18218109
zmb,2004,11.12854459
zmb,2005,11.58083832
zmb,2006,10.36349575
zmb,2007,7.21118815
zmb,2008,8.30392827
zmb,2009,9.26414967
zmb,2010,8.91614853
zmb,2011,8.93153277
zmb,2012,8.93104581
zmb,2013,6.93974316
zmb,2014,8.4177247
zmb,2015,8.66736118
zmb,2016,10.01424849
yem,2000,7.48521666
yem,2001,8.12738114
yem,2002,7.57236012
yem,2003,6.80736124
yem,2004,5.73400493
yem,2005,4.53426247
yem,2006,4.43102022
yem,2007,4.01419753
yem,2008,4.05819014
yem,2009,3.93038437
yem,2010,4.026738
yem,2011,3.87695512
yem,2012,3.55341463
yem,2013,3.50415776
yem,2014,3.37141473
yem,2015,3.17299227
tuv,2000,11.93610625
tuv,2001,11.4551363
tuv,2002,11.25467623
tuv,2003,12.8564097
tuv,2004,11.9357087
tuv,2005,11.621272
tuv,2006,10.15705938
tuv,2007,10.80816333
tuv,2008,11.14958125
tuv,2009,11.72222222
tuv,2010,14.78787879
tuv,2011,16.7
tuv,2012,16.72413793
tuv,2013,16.03030303
tuv,2014,12.86666667
tuv,2015,10.31666667
tuv,2016,9.01408451
sdn,2000,11.7747928
sdn,2001,11.36873598
sdn,2002,10.7071911
sdn,2003,10.07009012
sdn,2004,9.57081167
sdn,2005,8.11720919
sdn,2006,9.50708032
sdn,2007,10.56332027
sdn,2008,8.83552164
sdn,2009,14.12413684
sdn,2010,9.64561594
sdn,2011,8.34036907
sdn,2012,11.55643724
sdn,2013,8.55313345
sdn,2014,11.67320858
sdn,2015,18.2156838
sdn,2016,10.72622572
tls,2002,1.28839431
tls,2003,1.82763384
tls,2004,2.77449511
tls,2005,4.69075333
tls,2006,4.79179228
tls,2007,1.82278277
tls,2008,3.33677844
tls,2009,2.93161388
tls,2010,3.5746657
tls,2011,3.56805659
tls,2012,3.61567728
tls,2013,6.59016393
tls,2014,5.09760589
tls,2015,5.99486521
tls,2016,4.90722823
syc,2000,6.83102209
syc,2001,8.02577622
syc,2002,6.45610776
syc,2003,9.28865373
syc,2004,9.5548317
syc,2005,9.2893401
syc,2006,7.94105608
syc,2007,7.30530669
syc,2008,8.91049008
syc,2009,7.47840173
syc,2010,9.26207932
syc,2011,9.22910498
syc,2012,10.54119294
syc,2013,8.49107733
syc,2014,9.73483146
syc,2015,10.03336704
syc,2016,10.03336704
smr,2000,11.67452099
smr,2001,11.67452099
smr,2002,11.67452099
smr,2003,11.67452099
smr,2004,11.67452099
smr,2005,11.67452099
smr,2006,11.67452099
smr,2007,11.67452099
smr,2008,11.67452099
smr,2009,12.0024871
smr,2010,13.11066861
smr,2011,14.24578693
smr,2012,14.70354329
smr,2013,13.69285136
smr,2014,13.45508498
smr,2015,13.27056537
smr,2016,12.24128259
srb,2000,13.56817044
srb,2001,13.56817044
srb,2002,13.56817044
srb,2003,13.56817044
srb,2004,13.72585087
srb,2005,14.20299143
srb,2006,13.08011887
srb,2007,14.16053567
srb,2008,14.34221588
srb,2009,14.08920626
srb,2010,14.30829947
srb,2011,14.09434263
srb,2012,13.43677329
srb,2013,13.86178941
srb,2014,12.58251002
srb,2015,12.41541882
srb,2016,12.36214843
ner,2000,9.77536559
ner,2001,11.58272888
ner,2002,11.40086934
ner,2003,9.36336944
ner,2004,9.12769
ner,2005,14.74554375
ner,2006,16.08072536
ner,2007,11.48613224
ner,2008,11.90185957
ner,2009,11.07197425
ner,2010,10.47958012
ner,2011,11.2899651
ner,2012,8.58389853
ner,2013,8.48029746
ner,2014,7.57969001
ner,2015,7.696641
ner,2016,8.7162876
rus,2000,9.72129598
rus,2001,9.67133167
rus,2002,9.51892675
rus,2003,9.20299934
rus,2004,9.44207017
rus,2005,9.90451783
rus,2006,10.13223759
rus,2007,9.22400848
rus,2008,9.59382221
rus,2009,9.07605623
rus,2010,8.59383302
rus,2011,9.03166823
rus,2012,9.24172195
rus,2013,9.14695474
rus,2014,9.16428947
rus,2015,8.81614972
rus,2016,8.23394008
mmr,2000,1.34946181
mmr,2001,1.42307319
mmr,2002,2.48627474
mmr,2003,1.83988655
mmr,2004,2.04701997
mmr,2005,1.24398404
mmr,2006,1.38591014
mmr,2007,1.16043671
mmr,2008,1.44429172
mmr,2009,1.37896954
mmr,2010,1.59587978
mmr,2011,1.62815462
mmr,2012,2.26518431
mmr,2013,2.71688483
mmr,2014,4.96594963
mmr,2015,5.03910225
mmr,2016,5.03910225
mar,2000,4.16420788
mar,2001,4.40194399
mar,2002,4.50704009
mar,2003,4.92585186
mar,2004,4.99600206
mar,2005,4.10798944
mar,2006,6.76143795
mar,2007,8.11331757
mar,2008,7.30508003
mar,2009,8.61098905
mar,2010,8.01452129
mar,2011,7.27312742
mar,2012,7.20467127
mar,2013,7.82490337
mar,2014,7.95094803
mar,2015,7.99312505
mar,2016,9.50769048
mrt,2000,3.29732872
mrt,2001,3.03260202
mrt,2002,4.37317218
mrt,2003,3.85401003
mrt,2004,4.03559561
mrt,2005,4.67789474
mrt,2006,3.90227316
mrt,2007,4.48671817
mrt,2008,5.25232055
mrt,2009,5.4771868
mrt,2010,4.86236315
mrt,2011,5.10127418
mrt,2012,4.70071356
mrt,2013,6.56929426
mrt,2014,6.67884843
mrt,2015,6.74908651
mrt,2016,6.74908651
mhl,2000,38.44238615
mhl,2001,30.03449444
mhl,2002,28.17281918
mhl,2003,30.03090725
mhl,2004,31.23101528
mhl,2005,19.76177966
mhl,2006,32.85037727
mhl,2007,29.72808911
mhl,2008,30.32921809
mhl,2009,28.93947789
mhl,2010,28.25672632
mhl,2011,29.09331562
mhl,2012,30.57583854
mhl,2013,30.88279903
mhl,2014,31.50408478
mhl,2015,34.39524078
mhl,2016,34.21963739
kaz,2000,9.24496644
kaz,2001,8.40789474
kaz,2002,9.41737415
kaz,2003,9.43250631
kaz,2004,10.79205858
kaz,2005,11.39365063
kaz,2006,11.64573237
kaz,2007,7.52662416
kaz,2008,8.35877873
kaz,2009,11.29570711
kaz,2010,8.20522811
kaz,2011,8.67686575
kaz,2012,9.44636312
kaz,2013,9.32419291
kaz,2014,8.7501725
kaz,2015,8.37530205
kaz,2016,9.39965496
mdv,2000,8.84137427
mdv,2001,9.08149171
mdv,2002,8.63302459
mdv,2003,8.20942111
mdv,2004,9.6567323
mdv,2005,8.14912892
mdv,2006,8.80233718
mdv,2007,11.61093015
mdv,2008,18.98039232
mdv,2009,17.20360657
mdv,2010,14.46158469
mdv,2011,13.23095525
mdv,2012,14.9863403
mdv,2013,14.55612335
mdv,2014,14.49043218
mdv,2015,18.02982674
mdv,2016,20.1040516
mdg,2000,13.14783066
mdg,2001,13.72920167
mdg,2002,16.14815308
mdg,2003,10.27441752
mdg,2004,8.32273196
mdg,2005,10.07653393
mdg,2006,10.90522096
mdg,2007,13.61595284
mdg,2008,11.33869476
mdg,2009,14.266374
mdg,2010,17.25166844
mdg,2011,13.74872775
mdg,2012,10.90191346
mdg,2013,11.49090126
mdg,2014,15.35748019
mdg,2015,18.39637803
mdg,2016,20.0744589
lux,2000,12.79330576
lux,2001,13.87330833
lux,2002,13.52736974
lux,2003,13.28341491
lux,2004,13.96971737
lux,2005,13.71447849
lux,2006,14.00550995
lux,2007,13.88349093
lux,2008,14.3830424
lux,2009,13.9412478
lux,2010,13.52954714
lux,2011,11.99684478
lux,2012,12.36207661
lux,2013,12.47798532
lux,2014,12.65350573
lux,2015,12.18561839
lux,2016,11.84084684
lso,2000,7.69230769
lso,2001,9.02612827
lso,2002,7.87050787
lso,2003,8.41148053
lso,2004,8.62874416
lso,2005,6.74315149
lso,2006,7.98103516
lso,2007,10.64908722
lso,2008,10.58777735
lso,2009,10.32159265
lso,2010,10.84593777
lso,2011,12.04081633
lso,2012,11.2552612
lso,2013,11.58547258
lso,2014,12.49051135
lso,2015,12.45248
lso,2016,11.85963399
lbn,2000,7.3436357
lbn,2001,8.6270838
lbn,2002,8.06133489
lbn,2003,7.85119778
lbn,2004,8.70286159
lbn,2005,9.00988693
lbn,2006,9.63806458
lbn,2007,9.81714913
lbn,2008,8.81260318
lbn,2009,8.41102638
lbn,2010,10.12533612
lbn,2011,12.24527781
lbn,2012,13.05865242
lbn,2013,12.86259875
lbn,2014,13.4153085
lbn,2015,14.01363878
lbn,2016,14.01862688
gin,2000,11.68288969
gin,2001,10.85617984
gin,2002,14.28131252
gin,2003,11.25134087
gin,2004,9.94501786
gin,2005,10.05293313
gin,2006,7.27364142
gin,2007,10.2923924
gin,2008,8.48010935
gin,2009,5.23983862
gin,2010,4.62059808
gin,2011,8.53355455
gin,2012,5.86139642
gin,2013,6.231511
gin,2014,7.01622322
gin,2015,7.67240219
gin,2016,12.97926312
gab,2000,5.33694312
gab,2001,4.61980652
gab,2002,4.74814314
gab,2003,6.91923961
gab,2004,6.57887999
gab,2005,5.35023535
gab,2006,5.80554082
gab,2007,6.53473221
gab,2008,5.68564619
gab,2009,6.85052085
gab,2010,6.81337653
gab,2011,7.29311894
gab,2012,6.20236672
gab,2013,5.26742886
gab,2014,6.38398722
gab,2015,7.02336353
gab,2016,9.22046168
deu,2000,17.19610853
deu,2001,16.45338745
deu,2002,16.64192683
deu,2003,16.71412893
deu,2004,16.49362382
deu,2005,16.7238163
deu,2006,17.00709081
deu,2007,17.49300018
deu,2008,17.54747931
deu,2009,19.56757237
deu,2010,19.42907714
deu,2011,19.95780119
deu,2012,20.21047945
deu,2013,20.49010293
deu,2014,20.87625433
deu,2015,21.29489375
deu,2016,21.33790691
grc,2000,9.61494472
grc,2001,10.97902498
grc,2002,10.8696233
grc,2003,10.86197589
grc,2004,10.14560317
grc,2005,12.18246712
grc,2006,12.66328898
grc,2007,11.90745745
grc,2008,10.76699068
grc,2009,11.99821181
grc,2010,12.57913182
grc,2011,11.09671796
grc,2012,10.65503054
grc,2013,8.4095835
grc,2014,9.22358835
grc,2015,8.87402751
grc,2016,10.42365619
est,2000,10.92411152
est,2001,10.71272459
est,2002,10.03601967
est,2003,10.63212012
est,2004,11.1871868
est,2005,11.1723327
est,2006,10.72271185
est,2007,11.21674912
est,2008,11.14012642
est,2009,11.06332029
est,2010,11.93290955
est,2011,11.93117987
est,2012,11.36546128
est,2013,11.81649473
est,2014,12.22379592
est,2015,12.18436935
est,2016,12.4475026
fra,2000,14.71995175
fra,2001,14.89218257
fra,2002,15.11157127
fra,2003,14.98598274
fra,2004,15.18650446
fra,2005,15.14800147
fra,2006,15.2240565
fra,2007,15.17266722
fra,2008,15.10950417
fra,2009,15.17083097
fra,2010,15.11685269
fra,2011,15.20403839
fra,2012,15.15697326
fra,2013,15.28941713
fra,2014,15.54012376
fra,2015,15.54344828
fra,2016,16.96860723
civ,2000,6.77914712
civ,2001,6.8674421
civ,2002,6.4202524
civ,2003,6.03873325
civ,2004,6.46758137
civ,2005,5.27282837
civ,2006,5.31476813
civ,2007,4.89344662
civ,2008,5.04199122
civ,2009,5.20846208
civ,2010,5.24910109
civ,2011,4.5749402
civ,2012,4.75634087
civ,2013,6.21838034
civ,2014,5.24295402
civ,2015,4.90588427
civ,2016,6.32641567
gnq,2000,2.45692049
gnq,2001,2.45692168
gnq,2002,2.45692697
gnq,2003,2.45681341
gnq,2004,2.17821703
gnq,2005,2.17824248
gnq,2006,2.17821018
gnq,2007,2.17822109
gnq,2008,2.17821703
gnq,2009,1.18271582
gnq,2010,1.06501646
gnq,2011,1.06128615
gnq,2012,1.18892013
gnq,2013,1.61172083
gnq,2014,1.31947916
gnq,2015,1.45786805
gnq,2016,2.62240066
com,2000,10.13491484
com,2001,5.79585772
com,2002,7.60877349
com,2003,7.60684107
com,2004,7.63956479
com,2005,6.98175467
com,2006,6.12403654
com,2007,5.34769452
com,2008,4.26542955
com,2009,4.24605928
com,2010,5.48552543
com,2011,9.45064263
com,2012,4.45983749
com,2013,4.96607224
com,2014,4.96607224
com,2015,4.96607224
com,2016,4.96607224
cog,2000,3.0386099
cog,2001,3.97626961
cog,2002,1.95997831
cog,2003,2.64692095
cog,2004,3.37866792
cog,2005,3.60804152
cog,2006,3.19183973
cog,2007,3.27606293
cog,2008,5.61389458
cog,2009,4.19542943
cog,2010,5.2769906
cog,2011,4.00531878
cog,2012,4.66142577
cog,2013,3.34626143
cog,2014,2.91071064
cog,2015,4.07135494
cog,2016,4.07135494
caf,2000,11.24215862
caf,2001,11.78232698
caf,2002,10.80386122
caf,2003,14.14053885
caf,2004,11.82787203
caf,2005,11.22175811
caf,2006,12.20182388
caf,2007,14.54584391
caf,2008,11.34781888
caf,2009,7.74198242
caf,2010,8.60687328
caf,2011,9.62586981
caf,2012,8.01117857
caf,2013,7.22773779
caf,2014,11.46532623
caf,2015,18.56673523
caf,2016,7.63180683
tcd,2000,12.42755906
tcd,2001,13.07341497
tcd,2002,12.77214413
tcd,2003,9.9499684
tcd,2004,15.28717434
tcd,2005,12.94892652
tcd,2006,7.99897654
tcd,2007,7.00589741
tcd,2008,4.91361251
tcd,2009,4.52392468
tcd,2010,3.93263024
tcd,2011,3.99777153
tcd,2012,3.16712384
tcd,2013,8.64067416
tcd,2014,7.44395781
tcd,2015,7.12013874
tcd,2016,7.12013874
cpv,2000,7.72870549
cpv,2001,11.54684686
cpv,2002,9.82565896
cpv,2003,11.55573018
cpv,2004,10.10508507
cpv,2005,9.43989359
cpv,2006,10.09459827
cpv,2007,10.77453704
cpv,2008,8.78631065
cpv,2009,8.61522199
cpv,2010,7.85471684
cpv,2011,9.14444399
cpv,2012,10.60633554
cpv,2013,11.15845357
cpv,2014,12.35419761
cpv,2015,12.33246722
cpv,2016,12.33246722
cmr,2000,4.42626924
cmr,2001,5.34396193
cmr,2002,6.43315237
cmr,2003,6.73414151
cmr,2004,5.37241301
cmr,2005,5.76278355
cmr,2006,5.5442792
cmr,2007,5.25751346
cmr,2008,4.27640343
cmr,2009,5.66149124
cmr,2010,6.61379833
cmr,2011,6.04437469
cmr,2012,3.73180335
cmr,2013,3.98370324
cmr,2014,3.63141496
cmr,2015,4.25664764
cmr,2016,4.25664764
bdi,2000,5.94454002
bdi,2001,6.66263868
bdi,2002,6.6741885
bdi,2003,4.05394316
bdi,2004,6.63071968
bdi,2005,9.12530077
bdi,2006,9.99118453
bdi,2007,9.52594752
bdi,2008,8.02652377
bdi,2009,12.34559703
bdi,2010,13.84696665
bdi,2011,13.11475243
bdi,2012,13.48919767
bdi,2013,13.31487321
bdi,2014,9.09143708
bdi,2015,9.35343441
bdi,2016,16.53514006
ago,2000,2.73894117
ago,2001,5.96915111
ago,2002,4.19228603
ago,2003,4.26046803
ago,2004,5.65940938
ago,2005,4.83783525
ago,2006,4.72743107
ago,2007,4.54728449
ago,2008,4.09321125
ago,2009,5.85429749
ago,2010,4.32343032
ago,2011,4.62953085
ago,2012,4.22162846
ago,2013,4.61749811
ago,2014,3.70443908
ago,2015,4.63465022
ago,2016,5.56626706
bwa,2000,10.66750153
bwa,2001,11.53212245
bwa,2002,6.26861871
bwa,2003,8.63725731
bwa,2004,10.32387965
bwa,2005,9.78334846
bwa,2006,9.72690885
bwa,2007,8.83665616
bwa,2008,7.9060932
bwa,2009,7.65123987
bwa,2010,8.08854153
bwa,2011,10.7316127
bwa,2012,10.56675913
bwa,2013,8.49454992
bwa,2014,8.21360695
bwa,2015,8.60983244
bwa,2016,8.49604196
ben,2000,7.64135014
ben,2001,8.75419723
ben,2002,7.54078305
ben,2003,8.29940568
ben,2004,9.12236087
ben,2005,8.06516922
ben,2006,9.05344996
ben,2007,7.48336076
ben,2008,7.73672565
ben,2009,7.25771984
ben,2010,9.6901015
ben,2011,9.95472367
ben,2012,10.4767163
ben,2013,8.66947813
ben,2014,8.79578776
ben,2015,6.19633116
ben,2016,6.19633116
bfa,2000,7.88170127
bfa,2001,7.68532272
bfa,2002,8.68592685
bfa,2003,11.09127904
bfa,2004,13.76768353
bfa,2005,12.68464975
bfa,2006,13.59707235
bfa,2007,15.81653995
bfa,2008,16.03694131
bfa,2009,14.36881543
bfa,2010,15.76493224
bfa,2011,13.75208774
bfa,2012,11.26521645
bfa,2013,12.68460502
bfa,2014,13.40121291
bfa,2015,13.37155946
bfa,2016,16.828893
dza,2000,8.78847734
dza,2001,9.36155608
dza,2002,8.19025495
dza,2003,8.57788987
dza,2004,8.22148987
dza,2005,8.27547476
dza,2006,7.96413004
dza,2007,8.02930951
dza,2008,7.97341226
dza,2009,8.92269289
dza,2010,9.5469469
dza,2011,9.27285742
dza,2012,10.05309329
dza,2013,11.85232649
dza,2014,11.61456577
dza,2015,10.73546744
dza,2016,10.73546744
sau,2000,9.15866497
sau,2001,8.76187414
sau,2002,8.56823529
sau,2003,8.69626866
sau,2004,8.23897912
sau,2005,8.80391144
sau,2006,9.68641206
sau,2007,8.51324273
sau,2008,7.08181906
sau,2009,7.52241248
sau,2010,6.84370058
sau,2011,7.57989597
sau,2012,8.25906729
sau,2013,8.74786626
sau,2014,9.27807484
sau,2015,10.06429693
sau,2016,10.06429693
vnm,2000,12.40557077
vnm,2001,15.0894313
vnm,2002,10.51909809
vnm,2003,9.53166858
vnm,2004,11.3278797
vnm,2005,11.26776738
vnm,2006,11.99667695
vnm,2007,11.2620149
vnm,2008,10.98743999
vnm,2009,9.6951856
vnm,2010,11.55631741
vnm,2011,12.63120902
vnm,2012,9.52519403
vnm,2013,10.10285944
vnm,2014,9.61995943
vnm,2015,8.68756738
vnm,2016,9.29699954
egy,2000,6.66372605
egy,2001,6.63266277
egy,2002,6.14118392
egy,2003,5.44543413
egy,2004,5.27822602
egy,2005,5.27208209
egy,2006,5.09719665
egy,2007,5.1622443
egy,2008,4.81555846
egy,2009,4.8544343
egy,2010,4.41661074
egy,2011,4.87748944
egy,2012,4.42742977
egy,2013,4.16703541
egy,2014,4.3470479
egy,2015,4.24122659
egy,2016,4.34066123
eth,2000,7.50186149
eth,2001,9.53723443
eth,2002,8.8947239
eth,2003,8.99843347
eth,2004,7.89636489
eth,2005,8.28423282
eth,2006,7.63707405
eth,2007,10.19607457
eth,2008,8.99226428
eth,2009,10.9801399
eth,2010,11.17193284
eth,2011,7.61991754
eth,2012,11.12364008
eth,2013,9.02150646
eth,2014,7.38042939
eth,2015,7.38042939
eth,2016,7.38042939
zwe,2010,14.57772835
zwe,2011,8.7857964
zwe,2012,8.30155056
zwe,2013,7.94563226
zwe,2014,12.05385434
zwe,2015,15.86762428
zwe,2016,15.86762428
ury,2000,14.27625143
ury,2001,15.70110977
ury,2002,16.70381621
ury,2003,17.99684381
ury,2004,15.84367885
ury,2005,13.23219105
ury,2006,16.35226748
ury,2007,16.75902291
ury,2008,17.30975122
ury,2009,17.25556192
ury,2010,16.93867341
ury,2011,17.8427673
ury,2012,18.16904382
ury,2013,18.12166984
ury,2014,18.14462833
ury,2015,18.54524993
ury,2016,18.95119813
ven,2000,6.46492435
ven,2001,6.1079195
ven,2002,5.70334241
ven,2003,5.30239881
ven,2004,5.54679788
ven,2005,5.18531595
ven,2006,4.61336557
ven,2007,5.58539507
ven,2008,5.37507246
ven,2009,6.07477168
ven,2010,6.21977363
ven,2011,6.12098389
ven,2012,4.65885903
ven,2013,4.373468
ven,2014,4.27594264
ven,2015,4.05718636
ven,2016,1.8568114
usa,2000,16.3834051
usa,2001,16.98999875
usa,2002,17.46325981
usa,2003,17.73394616
usa,2004,18.09144963
usa,2005,18.10718679
usa,2006,18.68199399
usa,2007,18.63059282
usa,2008,18.29932559
usa,2009,18.30254066
usa,2010,18.49321983
usa,2011,18.92015781
usa,2012,19.76892829
usa,2013,20.57618863
usa,2014,35.2853713
usa,2015,36.64254306
usa,2016,39.45648368
gbr,2000,13.36709885
gbr,2001,13.69290801
gbr,2002,13.93187491
gbr,2003,14.02645474
gbr,2004,14.2571951
gbr,2005,14.17124362
gbr,2006,14.80508434
gbr,2007,14.80983002
gbr,2008,14.25839307
gbr,2009,14.98065724
gbr,2010,14.73042062
gbr,2011,15.06513766
gbr,2012,15.01502572
gbr,2013,17.61263119
gbr,2014,17.93595449
gbr,2015,18.38873544
gbr,2016,18.71353858
tza,2000,10.77808016
tza,2001,15.38340138
tza,2002,16.88188166
tza,2003,16.10660589
tza,2004,16.9876712
tza,2005,17.98610941
tza,2006,26.07552543
tza,2007,21.49702571
tza,2008,16.4586564
tza,2009,12.53355306
tza,2010,10.24982638
tza,2011,9.84090427
tza,2012,8.87391923
tza,2013,10.80668053
tza,2014,13.2143352
tza,2015,11.81628918
tza,2016,14.25807128
are,2000,7.56610482
are,2001,7.5835771
are,2002,7.80031383
are,2003,8.08750451
are,2004,7.94020659
are,2005,8.37682297
are,2006,8.52716219
are,2007,8.52688609
are,2008,8.52666845
are,2009,8.52688914
are,2010,8.52679053
are,2011,8.52676681
are,2012,8.52671411
are,2013,8.52679815
are,2014,7.77782221
are,2015,7.89050111
are,2016,7.89050111
tto,2000,6.78090376
tto,2001,7.01723473
tto,2002,8.04302134
tto,2003,8.55692034
tto,2004,8.25917892
tto,2005,8.88183251
tto,2006,6.46695484
tto,2007,7.06478258
tto,2008,6.56930823
tto,2009,7.07193922
tto,2010,8.06148871
tto,2011,8.02932723
tto,2012,7.66671611
tto,2013,7.89687486
tto,2014,7.47282107
tto,2015,8.32405105
tto,2016,9.64631278
vct,2000,11.68052859
vct,2001,11.2374029
vct,2002,10.86500309
vct,2003,10.1218159
vct,2004,9.93319807
vct,2005,9.00889089
vct,2006,8.469086
vct,2007,8.18247272
vct,2008,8.45584947
vct,2009,8.33938753
vct,2010,8.69311704
vct,2011,8.70235997
vct,2012,10.71898478
vct,2013,9.28284204
vct,2014,8.57451343
vct,2015,9.37213857
vct,2016,9.62924031
kna,2000,5.80614196
kna,2001,6.16705495
kna,2002,5.4458119
kna,2003,6.79344212
kna,2004,6.54854704
kna,2005,6.41850515
kna,2006,6.85759364
kna,2007,6.51261987
kna,2008,6.53523167
kna,2009,6.68447163
kna,2010,6.05791262
kna,2011,6.39089634
kna,2012,7.06140939
kna,2013,6.4539476
kna,2014,6.69781974
kna,2015,6.56786968
kna,2016,8.14725703
lca,2000,8.08553128
lca,2001,8.09102232
lca,2002,7.82002835
lca,2003,7.25706698
lca,2004,6.89386351
lca,2005,6.54865246
lca,2006,6.93304005
lca,2007,7.13706264
lca,2008,7.63745872
lca,2009,7.74488929
lca,2010,7.32318121
lca,2011,7.0539933
lca,2012,7.30643109
lca,2013,8.27217242
lca,2014,8.2144491
lca,2015,8.72552992
lca,2016,9.20714316
sur,2000,12.54583497
sur,2001,8.51552646
sur,2002,12.42204979
sur,2003,11.15236192
sur,2004,12.11716173
sur,2005,12.65407466
sur,2006,13.69803928
sur,2007,11.75912791
sur,2008,10.13282273
sur,2009,8.36081789
sur,2010,8.99978661
sur,2011,7.43964532
sur,2012,6.76338252
sur,2013,6.8458277
sur,2014,6.68620895
sur,2015,12.79237001
sur,2016,16.78826481
png,2000,8.43052481
png,2001,7.83930082
png,2002,8.59207872
png,2003,7.73913229
png,2004,8.74805746
png,2005,7.98835848
png,2006,8.78612908
png,2007,9.78715468
png,2008,8.41160643
png,2009,7.22170717
png,2010,8.36387879
png,2011,8.77175819
png,2012,8.57727868
png,2013,7.68392975
png,2014,8.58500439
png,2015,8.5848559
png,2016,7.70797202
per,2000,11.0496885
per,2001,12.8259597
per,2002,14.75764334
per,2003,14.2929114
per,2004,13.99372824
per,2005,12.35779506
per,2006,12.16892754
per,2007,11.54618245
per,2008,10.88677126
per,2009,11.63641963
per,2010,11.74938427
per,2011,12.00521652
per,2012,12.53573201
per,2013,12.89039047
per,2014,13.86636706
per,2015,14.59151103
per,2016,15.80912207
pry,2000,6.88801509
pry,2001,5.87121818
pry,2002,4.70946826
pry,2003,5.85281513
pry,2004,5.98802576
pry,2005,5.89106452
pry,2006,6.83056752
pry,2007,7.29847796
pry,2008,7.26398183
pry,2009,8.11733714
pry,2010,9.02779543
pry,2011,9.71389782
pry,2012,8.84781742
pry,2013,9.96533954
pry,2014,11.17799051
pry,2015,10.86640337
pry,2016,16.19533188
pan,2000,20.38166667
pan,2001,10.0915243
pan,2002,9.75536591
pan,2003,9.58179103
pan,2004,10.09668314
pan,2005,10.02544738
pan,2006,11.32912242
pan,2007,13.31486838
pan,2008,13.82180066
pan,2009,12.96034463
pan,2010,13.06565472
pan,2011,11.37675931
pan,2012,10.97678605
pan,2013,11.47134788
pan,2014,11.97304252
pan,2015,11.73222928
pan,2016,21.65554336
nzl,2000,17.12730216
nzl,2001,17.61953156
nzl,2002,18.81450993
nzl,2003,18.71814639
nzl,2004,19.54056666
nzl,2005,20.00902385
nzl,2006,20.68217061
nzl,2007,20.96486761
nzl,2008,21.26030613
nzl,2009,21.70897357
nzl,2010,20.11557811
nzl,2011,20.09201078
nzl,2012,21.78173685
nzl,2013,22.02147835
nzl,2014,22.20684829
nzl,2015,22.11085355
nzl,2016,22.48333276
nic,2000,10.3412585
nic,2001,10.99726494
nic,2002,10.91075912
nic,2003,8.57398038
nic,2004,11.00954358
nic,2005,11.80617954
nic,2006,12.95321665
nic,2007,15.58842844
nic,2008,15.73266439
nic,2009,17.54152824
nic,2010,14.91768223
nic,2011,17.1576424
nic,2012,18.11092343
nic,2013,17.43543876
nic,2014,18.88426338
nic,2015,18.9954817
nic,2016,21.12493399
mda,2000,8.52794461
mda,2001,9.70953397
mda,2002,11.54192385
mda,2003,9.80149141
mda,2004,15.37085202
mda,2005,13.75218231
mda,2006,13.18532853
mda,2007,13.8407607
mda,2008,13.43355291
mda,2009,14.38825205
mda,2010,14.99347656
mda,2011,14.08477754
mda,2012,14.55937826
mda,2013,13.61575853
mda,2014,14.23130216
mda,2015,13.17813427
mda,2016,12.4595352
mex,2000,9.96524872
mex,2001,10.36801843
mex,2002,10.19189548
mex,2003,10.53912031
mex,2004,11.98773606
mex,2005,11.15102639
mex,2006,10.56682039
mex,2007,10.78478737
mex,2008,10.09863849
mex,2009,10.07838506
mex,2010,10.83318937
mex,2011,10.78372457
mex,2012,10.57732913
mex,2013,11.17351288
mex,2014,10.28456145
mex,2015,10.79672257
mex,2016,10.34830891
mkd,2000,14.95025619
mkd,2001,12.39530642
mkd,2002,12.58632212
mkd,2003,13.88828583
mkd,2004,13.87755102
mkd,2005,13.78408853
mkd,2006,14.3652022
mkd,2007,13.1125873
mkd,2008,12.90674929
mkd,2009,12.51257581
mkd,2010,12.8081763
mkd,2011,13.01616285
mkd,2012,12.82963192
mkd,2013,14.05185376
mkd,2014,12.87536977
mkd,2015,12.92391232
mkd,2016,13.24198692
kor,2000,8.71964191
kor,2001,10.09677386
kor,2002,9.70877722
kor,2003,8.22417136
kor,2004,9.08389173
kor,2005,9.68111653
kor,2006,10.46904599
kor,2007,10.97271611
kor,2008,10.40686664
kor,2009,10.56353565
kor,2010,12.15490947
kor,2011,11.62073529
kor,2012,11.58212853
kor,2013,12.21135791
kor,2014,12.53053764
kor,2015,12.8555101
kor,2016,13.45279736
jam,2000,11.88947434
jam,2001,8.28648055
jam,2002,8.74928722
jam,2003,6.90981688
jam,2004,9.83077099
jam,2005,7.85171103
jam,2006,8.17951761
jam,2007,8.73509479
jam,2008,8.60006246
jam,2009,7.54974398
jam,2010,9.30143427
jam,2011,9.61105379
jam,2012,9.63536775
jam,2013,11.91194256
jam,2014,11.67628532
jam,2015,13.06584238
jam,2016,13.03093636
hnd,2000,14.42572871
hnd,2001,10.30254026
hnd,2002,10.3124639
hnd,2003,11.86081614
hnd,2004,11.62768149
hnd,2005,13.86750265
hnd,2006,14.08159615
hnd,2007,14.88687307
hnd,2008,14.16551417
hnd,2009,15.65807009
hnd,2010,15.5437238
hnd,2011,16.30880523
hnd,2012,14.35429507
hnd,2013,12.35010667
hnd,2014,13.34514294
hnd,2015,13.27562893
hnd,2016,15.00173054
hti,2000,16.1441636
hti,2001,13.75127851
hti,2002,7.96981377
hti,2003,7.73405633
hti,2004,8.09952405
hti,2005,6.77966349
hti,2006,8.28098393
hti,2007,7.37105264
hti,2008,7.61089278
hti,2009,6.92216184
hti,2010,6.50003766
hti,2011,6.64166158
hti,2012,3.50380322
hti,2013,3.51716812
hti,2014,8.39981265
hti,2015,5.01525024
hti,2016,5.050592
guy,2000,7.26417058
guy,2001,7.09229291
guy,2002,7.99480535
guy,2003,7.85232771
guy,2004,7.76554138
guy,2005,6.6118682
guy,2006,6.29496892
guy,2007,6.97394475
guy,2008,7.35068287
guy,2009,7.86690854
guy,2010,8.09997751
guy,2011,8.7814933
guy,2012,8.35449828
guy,2013,8.99005977
guy,2014,9.54215409
guy,2015,8.53481975
guy,2016,8.14490453
gtm,2000,14.07923285
gtm,2001,14.40048847
gtm,2002,14.79507148
gtm,2003,14.20930161
gtm,2004,15.73278823
gtm,2005,14.20298584
gtm,2006,14.58655494
gtm,2007,14.22989526
gtm,2008,15.49130486
gtm,2009,16.02462861
gtm,2010,14.24833073
gtm,2011,13.76060119
gtm,2012,14.31941357
gtm,2013,15.82741418
gtm,2014,16.45911639
gtm,2015,15.22361943
gtm,2016,17.30640001
grd,2000,7.10382514
grd,2001,7.12589074
grd,2002,6.98113208
grd,2003,7.85562633
grd,2004,10.07371007
grd,2005,10.07905138
grd,2006,9.06148867
grd,2007,9.54861111
grd,2008,8.86075949
grd,2009,10.2915952
grd,2010,10.20408163
grd,2011,9.75206612
grd,2012,9.375
grd,2013,8.28125
grd,2014,7.3816156
grd,2015,7.95947902
grd,2016,9.18367347
slv,2000,18.83942766
slv,2001,19.39178515
slv,2002,19.30618401
slv,2003,17.62114537
slv,2004,19.8824343
slv,2005,20.45811108
slv,2006,21.73055242
slv,2007,20.15524625
slv,2008,19.25782197
slv,2009,19.31252827
slv,2010,19.89177489
slv,2011,20.0923324
slv,2012,19.30331024
slv,2013,20.91941187
slv,2014,20.88383368
slv,2015,21.43115942
slv,2016,21.45220268
dom,2000,11.29260743
dom,2001,10.98435269
dom,2002,10.85025381
dom,2003,5.9211352
dom,2004,6.76780631
dom,2005,9.06614169
dom,2006,8.52208894
dom,2007,10.41263742
dom,2008,11.8758701
dom,2009,14.54359818
dom,2010,16.4577768
dom,2011,17.40130851
dom,2012,14.14303869
dom,2013,15.90823764
dom,2014,16.1481552
dom,2015,16.46307949
dom,2016,16.22505781
ecu,2000,4.30402069
ecu,2001,6.32908834
ecu,2002,6.61175134
ecu,2003,8.22832853
ecu,2004,8.51461364
ecu,2005,7.90540541
ecu,2006,8.60193392
ecu,2007,9.33766761
ecu,2008,6.57138918
ecu,2009,8.12227074
ecu,2010,9.227708
ecu,2011,9.47587089
ecu,2012,10.4141945
ecu,2013,10.04157954
ecu,2014,10.21287151
ecu,2015,10.91366072
ecu,2016,11.04564089
cri,2000,25.69716826
cri,2001,24.86728669
cri,2002,25.06354703
cri,2003,26.69432473
cri,2004,26.05487449
cri,2005,26.06273087
cri,2006,29.86728387
cri,2007,31.56288249
cri,2008,32.73542939
cri,2009,33.467382
cri,2010,32.0863069
cri,2011,33.07565486
cri,2012,31.64708821
cri,2013,29.50806299
cri,2014,29.2918632
cri,2015,29.89911732
cri,2016,29.14611243
dma,2000,8.57142857
dma,2001,11.15241636
dma,2002,11.49425287
dma,2003,10.38062284
dma,2004,10.06287625
dma,2005,9.5831746
dma,2006,10.22673723
dma,2007,8.81987896
dma,2008,8.46396396
dma,2009,9.22268908
dma,2010,8.54716981
dma,2011,10.44776119
dma,2012,9.81288981
dma,2013,9.80434783
dma,2014,10.81318681
dma,2015,10.67622951
dma,2016,8.40840841
col,2000,16.22455247
col,2001,15.69692879
col,2002,15.15119946
col,2003,16.47838955
col,2004,14.55179077
col,2005,15.54535953
col,2006,14.77418031
col,2007,14.43169421
col,2008,15.50299478
col,2009,15.42288397
col,2010,14.9969414
col,2011,14.08015994
col,2012,13.90572333
col,2013,13.1842679
col,2014,12.95355102
col,2015,13.24295174
col,2016,13.78215293
cod,2000,2.85705416
cod,2001,2.85705416
cod,2002,3.23705487
cod,2003,6.431127
cod,2004,6.93743115
cod,2005,7.58018594
cod,2006,8.09755751
cod,2007,9.25206426
cod,2008,15.67397488
cod,2009,16.33599289
cod,2010,13.2950119
cod,2011,13.13783833
cod,2012,10.69651741
cod,2013,9.62371955
cod,2014,8.082134
cod,2015,10.51030153
cod,2016,10.58655021
chl,2000,16.32281788
chl,2001,16.14046864
chl,2002,16.407589
chl,2003,17.03803065
chl,2004,17.5940467
chl,2005,17.31383419
chl,2006,17.53719534
chl,2007,17.69193361
chl,2008,17.44406551
chl,2009,16.95089523
chl,2010,17.14454771
chl,2011,17.66720329
chl,2012,18.2409886
chl,2013,19.16512317
chl,2014,19.3787386
chl,2015,19.60295192
chl,2016,19.73678604
can,2000,14.23015965
can,2001,14.62720818
can,2002,15.18731135
can,2003,15.64965925
can,2004,16.18871376
can,2005,16.38650359
can,2006,16.51491741
can,2007,16.78148889
can,2008,16.99296851
can,2009,17.05784577
can,2010,17.10845197
can,2011,17.33390697
can,2012,17.60744874
can,2013,17.82158476
can,2014,18.24316156
can,2015,18.34434647
can,2016,18.20450452
bol,2000,8.92924998
bol,2001,9.00357626
bol,2002,8.72703159
bol,2003,10.06142519
bol,2004,9.07389905
bol,2005,9.49114259
bol,2006,9.68066073
bol,2007,9.1066308
bol,2008,8.26095365
bol,2009,9.34778175
bol,2010,10.19606594
bol,2011,8.96735475
bol,2012,8.7074989
bol,2013,8.83010428
bol,2014,8.79051468
bol,2015,9.93747501
bol,2016,11.54332878
bra,2000,4.9220016
bra,2001,4.71410982
bra,2002,8.20762077
bra,2003,7.70603746
bra,2004,8.87504642
bra,2005,8.92740319
bra,2006,9.24095309
bra,2007,9.44685898
bra,2008,9.63495695
bra,2009,10.11216877
bra,2010,8.83537573
bra,2011,9.38170629
bra,2012,9.58310366
bra,2013,9.51287363
bra,2014,9.70148981
bra,2015,9.91273242
bra,2016,9.91273242
brb,2000,9.24610235
brb,2001,9.23148428
brb,2002,9.98611662
brb,2003,12.23443192
brb,2004,14.64375035
brb,2005,13.29658081
brb,2006,12.93670492
brb,2007,10.67393726
brb,2008,11.63517369
brb,2009,12.14701353
brb,2010,10.98955469
brb,2011,11.07750297
brb,2012,12.24390244
brb,2013,11.04617877
brb,2014,10.27609113
brb,2015,9.36520606
brb,2016,9.51171607
blz,2000,6.60253985
blz,2001,6.68814125
blz,2002,6.12307787
blz,2003,7.5022649
blz,2004,7.26835508
blz,2005,8.58961765
blz,2006,8.32349877
blz,2007,9.90654206
blz,2008,10.3095176
blz,2009,11.85911458
blz,2010,13.06811442
blz,2011,12.77968731
blz,2012,13.21890094
blz,2013,12.22406757
blz,2014,11.94842271
blz,2015,11.67254107
blz,2016,12.6352507
arg,2000,17.82113026
arg,2001,17.37962625
arg,2002,18.45903699
arg,2003,17.13268814
arg,2004,16.26631647
arg,2005,16.02923634
arg,2006,15.10031039
arg,2007,14.40728324
arg,2008,14.65660698
arg,2009,16.42940758
arg,2010,16.70310788
arg,2011,16.29678424
arg,2012,16.68629149
arg,2013,16.65775489
arg,2014,16.37311716
arg,2015,16.64800928
arg,2016,13.62840027
atg,2000,11.30604288
atg,2001,10.82024433
atg,2002,9.87460815
atg,2003,10.62801932
atg,2004,10.52631579
atg,2005,11.87969925
atg,2006,9.82532751
atg,2007,10.65830721
atg,2008,12.29508197
atg,2009,8.9092423
atg,2010,17.0
atg,2011,16.77852238
atg,2012,16.09008273
atg,2013,15.60708096
atg,2014,17.86202805
atg,2015,12.30343753
atg,2016,10.76188
bhs,2000,15.94963274
bhs,2001,16.1025641
bhs,2002,16.84518014
bhs,2003,16.25344353
bhs,2004,17.47747748
bhs,2005,16.21399177
bhs,2006,18.76412962
bhs,2007,16.83103222
bhs,2008,17.3968254
bhs,2009,16.48873072
bhs,2010,17.26662599
bhs,2011,16.04664076
bhs,2012,16.04221636
bhs,2013,15.85879874
bhs,2014,14.84172289
bhs,2015,15.8685446
bhs,2016,15.98214286
