country,year,sha11_fs_5_current_us_per_capita
brb,2000,48.82132364
brb,2001,49.66068877
brb,2002,48.65846444
brb,2003,43.33419551
brb,2004,49.11582727
brb,2005,56.65073321
brb,2006,63.25328761
brb,2007,63.35904778
brb,2008,62.67155565
brb,2009,59.1148836
brb,2010,62.19968103
brb,2011,66.33273378
brb,2012,66.09016816
brb,2013,75.99739095
brb,2014,77.52109958
brb,2015,77.64603447
brb,2016,77.94030234
bhs,2000,335.69438383
bhs,2001,336.48374487
bhs,2002,339.63326077
bhs,2003,342.04708848
bhs,2004,341.05777519
bhs,2005,358.39136945
bhs,2006,410.92219278
bhs,2007,426.49155196
bhs,2008,421.59483303
bhs,2009,388.89014135
bhs,2010,393.53494147
bhs,2011,392.83298051
bhs,2012,416.62298845
bhs,2013,405.57735129
bhs,2014,423.89623439
bhs,2015,390.34427848
bhs,2016,403.85244561
atg,2000,23.31008327
atg,2001,26.19125998
atg,2002,25.54366726
atg,2003,28.60194976
atg,2004,29.16388124
atg,2005,34.84738141
atg,2006,40.49696755
atg,2007,46.73838106
atg,2008,44.67422883
atg,2009,31.17958417
atg,2010,36.24671195
atg,2011,37.51554028
atg,2012,41.11410769
atg,2013,40.06685476
atg,2014,42.32380952
atg,2015,37.39214703
atg,2016,45.12836386
arg,2000,94.41419164
arg,2001,85.76133946
arg,2002,27.87234526
arg,2003,36.01469674
arg,2004,42.29098095
arg,2005,49.03000568
arg,2006,54.61606966
arg,2007,65.69750099
arg,2008,88.31298128
arg,2009,89.50244968
arg,2010,115.63908144
arg,2011,123.59855987
arg,2012,123.02729241
arg,2013,101.50255791
arg,2014,64.56583367
arg,2015,79.24980264
arg,2016,67.98210419
blz,2000,2.0217132
blz,2001,1.96090735
blz,2002,1.90689763
blz,2003,3.71567644
blz,2004,3.62202044
blz,2005,3.53011363
blz,2006,6.8788328
blz,2007,8.37781956
blz,2008,9.79863799
blz,2009,11.14901777
blz,2010,13.99218925
blz,2011,14.2773822
blz,2012,14.49357145
blz,2013,15.35529271
blz,2014,15.21208778
blz,2015,16.4213667
blz,2016,21.30052257
bra,2000,63.79664619
bra,2001,53.13797157
bra,2002,48.77910816
bra,2003,51.18198882
bra,2004,60.38135352
bra,2005,81.90673033
bra,2006,103.67402514
bra,2007,139.39613735
bra,2008,170.77329664
bra,2009,168.67406112
bra,2010,214.48300237
bra,2011,253.83549388
bra,2012,243.07818412
bra,2013,249.84243334
bra,2014,263.30286785
bra,2015,209.15572603
bra,2016,222.85652698
bol,2000,1.80936697
bol,2001,2.07500966
bol,2002,1.85635814
bol,2003,1.98845119
bol,2004,1.9190307
bol,2005,2.15382301
bol,2006,2.31371039
bol,2007,2.43137719
bol,2008,2.65994804
bol,2009,3.08915056
bol,2010,3.17806968
bol,2011,3.58363085
bol,2012,3.93162915
bol,2013,4.46401356
bol,2014,5.04274592
bol,2015,5.65262291
bol,2016,6.27712228
can,2000,181.98151875
can,2001,201.0491696
can,2002,215.71441036
can,2003,257.49929082
can,2004,293.28384739
can,2005,329.58376512
can,2006,365.75893548
can,2007,412.14214786
can,2008,440.07221091
can,2009,425.37613841
can,2010,483.68925499
can,2011,520.13350114
can,2012,530.31598709
can,2013,532.44866994
can,2014,501.25218265
can,2015,445.62428467
can,2016,443.52847705
chl,2000,12.54848335
chl,2001,14.15629692
chl,2002,14.08966788
chl,2003,16.3878497
chl,2004,20.57426565
chl,2005,21.29012955
chl,2006,27.33933552
chl,2007,35.66872634
chl,2008,42.3090044
chl,2009,49.56372799
chl,2010,54.0588622
chl,2011,57.04330563
chl,2012,67.80070065
chl,2013,79.38659449
chl,2014,74.79774335
chl,2015,73.47355093
chl,2016,76.98216104
cod,2000,1.30008149
cod,2001,0.2262618
cod,2002,0.17766819
cod,2003,0.17642418
cod,2004,0.19686281
cod,2005,0.2215557
cod,2006,0.25635101
cod,2007,0.28400865
cod,2008,0.32253507
cod,2009,0.29668886
cod,2010,0.3210142
cod,2011,0.17009364
cod,2012,0.2264291
cod,2013,0.22519685
cod,2014,0.57545846
cod,2015,0.53082144
cod,2016,0.60269199
col,2000,11.50532101
col,2001,11.63356608
col,2002,10.94444664
col,2003,11.46873794
col,2004,13.20232104
col,2005,16.41520457
col,2006,15.82212134
col,2007,21.07336299
col,2008,26.28751731
col,2009,27.31708896
col,2010,33.624923
col,2011,37.13758589
col,2012,40.82214605
col,2013,44.78508829
col,2014,47.54632925
col,2015,38.71539584
col,2016,39.21546711
dom,2000,10.68616393
dom,2001,10.90006259
dom,2002,10.94500085
dom,2003,8.69494789
dom,2004,9.21389465
dom,2005,20.80228549
dom,2006,14.58773796
dom,2007,17.42535032
dom,2008,20.73884297
dom,2009,22.4774637
dom,2010,23.31690665
dom,2011,23.50845286
dom,2012,26.43123567
dom,2013,27.31934677
dom,2014,29.04222951
dom,2015,30.00914841
dom,2016,32.84864198
dma,2000,2.17152003
dma,2001,2.41301145
dma,2002,2.40831137
dma,2003,2.49219096
dma,2004,2.63972123
dma,2005,2.67970292
dma,2006,2.75658506
dma,2007,3.19001357
dma,2008,3.78547117
dma,2009,3.782207
dma,2010,3.54169259
dma,2011,3.54673361
dma,2012,3.77517227
dma,2013,3.21867086
dma,2014,3.16581664
dma,2015,3.0521683
dma,2016,5.03610636
cri,2000,0.90406467
cri,2001,0.87620144
cri,2002,0.87884676
cri,2003,1.77313946
cri,2004,1.83043604
cri,2005,6.44683561
cri,2006,6.31721756
cri,2007,7.78449322
cri,2008,8.17506691
cri,2009,7.46890274
cri,2010,7.36122232
cri,2011,7.5154549
cri,2012,9.67510037
cri,2013,14.71451431
cri,2014,21.11369277
cri,2015,21.71996111
cri,2016,22.86437495
ecu,2000,1.66289269
ecu,2001,1.47828228
ecu,2002,2.98346244
ecu,2003,6.99795276
ecu,2004,8.21635088
ecu,2005,8.66385011
ecu,2006,9.30733389
ecu,2007,13.37514545
ecu,2008,15.71199348
ecu,2009,15.79168588
ecu,2010,19.81962799
ecu,2011,23.32422217
ecu,2012,27.49735306
ecu,2013,25.92336504
ecu,2014,27.29025615
ecu,2015,28.6787318
ecu,2016,34.23727018
slv,2000,5.28322698
slv,2001,6.94213745
slv,2002,6.56532167
slv,2003,6.53098408
slv,2004,7.16574109
slv,2005,7.96157082
slv,2006,8.58584808
slv,2007,9.36964482
slv,2008,9.81948352
slv,2009,10.91689538
slv,2010,10.38181392
slv,2011,11.14240314
slv,2012,12.37694185
slv,2013,13.11836912
slv,2014,14.48770289
slv,2015,16.47530494
slv,2016,17.96769031
grd,2000,0.0
grd,2001,0.0
grd,2002,0.0
grd,2003,0.0
grd,2004,0.0
grd,2005,0.0
grd,2006,0.0
grd,2007,0.0
grd,2008,0.0
grd,2009,0.0
grd,2010,0.0
grd,2011,0.0
grd,2012,0.0
grd,2013,0.0
grd,2014,0.0
grd,2015,0.0
grd,2016,0.0
gtm,2000,2.201101
gtm,2001,1.83954694
gtm,2002,1.65203736
gtm,2003,2.01785259
gtm,2004,2.78627975
gtm,2005,3.37160132
gtm,2006,2.96874744
gtm,2007,3.60351276
gtm,2008,4.13247751
gtm,2009,4.27585165
gtm,2010,4.7632023
gtm,2011,5.09637149
gtm,2012,5.85642454
gtm,2013,6.39991912
gtm,2014,6.64057801
gtm,2015,7.88754302
gtm,2016,9.93868069
guy,2000,0.02941752
guy,2001,0.02988985
guy,2002,0.02974385
guy,2003,0.0282636
guy,2004,0.02900182
guy,2005,0.03789687
guy,2006,0.07427809
guy,2007,0.09668327
guy,2008,0.11304534
guy,2009,0.10511222
guy,2010,0.12424281
guy,2011,0.14669823
guy,2012,0.1624427
guy,2013,0.15093686
guy,2014,0.14021155
guy,2015,0.12943953
guy,2016,0.18786743
hti,2000,0.68350448
hti,2001,0.63827548
hti,2002,0.59054429
hti,2003,0.53567644
hti,2004,0.70718761
hti,2005,0.82007315
hti,2006,0.96798965
hti,2007,1.20164005
hti,2008,1.36766304
hti,2009,1.3327035
hti,2010,1.46023354
hti,2011,1.58081538
hti,2012,1.9087519
hti,2013,2.20087653
hti,2014,2.35210859
hti,2015,2.11450687
hti,2016,1.71575831
hnd,2000,1.63181945
hnd,2001,1.62181991
hnd,2002,1.54241492
hnd,2003,2.62997655
hnd,2004,2.98813182
hnd,2005,2.93103175
hnd,2006,3.12990281
hnd,2007,3.55664433
hnd,2008,4.31385443
hnd,2009,4.33400774
hnd,2010,6.47760625
hnd,2011,7.05115057
hnd,2012,7.52957435
hnd,2013,7.72335985
hnd,2014,8.36757119
hnd,2015,8.61950775
hnd,2016,9.47444111
jam,2000,26.13671534
jam,2001,25.70402487
jam,2002,24.26772386
jam,2003,24.12165458
jam,2004,24.91114747
jam,2005,27.38384587
jam,2006,26.45045049
jam,2007,27.59833625
jam,2008,31.59626398
jam,2009,25.12757333
jam,2010,27.75088442
jam,2011,31.55138641
jam,2012,45.93863609
jam,2013,48.44541193
jam,2014,44.93167865
jam,2015,46.67847909
jam,2016,47.06428021
kor,2000,7.46326008
kor,2001,7.18373902
kor,2002,8.44729278
kor,2003,11.51913965
kor,2004,14.08817795
kor,2005,17.24949122
kor,2006,21.39693745
kor,2007,28.71361794
kor,2008,34.17167331
kor,2009,44.60136588
kor,2010,58.35538523
kor,2011,75.01856151
kor,2012,84.70362059
kor,2013,96.67191763
kor,2014,118.47730467
kor,2015,122.56201469
kor,2016,138.67868932
mkd,2013,0.00025966
mkd,2014,0.00481882
mkd,2015,0.00752352
mkd,2016,0.02403144
nic,2000,1.01628169
nic,2001,1.58136421
nic,2002,1.74888594
nic,2003,2.15634831
nic,2004,1.05409879
nic,2005,1.08982965
nic,2006,1.14974699
nic,2007,1.11411473
nic,2008,1.37853157
nic,2009,1.93065272
nic,2010,1.97946036
nic,2011,2.00807568
nic,2012,2.21781372
nic,2013,2.59268832
nic,2014,2.76647447
nic,2015,2.95740512
nic,2016,2.55861856
mex,2000,7.92336359
mex,2001,9.9588135
mex,2002,11.07415541
mex,2003,12.12963884
mex,2004,13.31967745
mex,2005,15.84444327
mex,2006,17.98152476
mex,2007,20.9455905
mex,2008,22.15885438
mex,2009,20.2386592
mex,2010,23.05319273
mex,2011,25.51010455
mex,2012,25.87341333
mex,2013,28.18989292
mex,2014,31.12292958
mex,2015,27.07711133
mex,2016,26.6157357
mda,2002,0.50780792
mda,2003,0.61438527
mda,2004,0.24730966
mda,2005,0.10702285
mda,2006,0.12303865
mda,2007,0.18916846
mda,2008,0.16981937
mda,2009,0.37846729
mda,2010,0.06805765
mda,2011,0.40675201
mda,2012,0.44072119
mda,2013,0.35712276
mda,2014,0.38050505
mda,2015,0.37367716
mda,2016,0.37263007
pan,2000,13.18660866
pan,2001,12.69385478
pan,2002,13.1586259
pan,2003,13.60474689
pan,2004,14.25888221
pan,2005,14.79793362
pan,2006,16.36248657
pan,2007,17.35476244
pan,2008,17.88828383
pan,2009,18.948693
pan,2010,20.7819494
pan,2011,23.27890663
pan,2012,35.5001858
pan,2013,39.88135352
pan,2014,59.08993552
pan,2015,59.75714801
pan,2016,64.97191123
nzl,2000,66.0283371
nzl,2001,65.64113928
nzl,2002,71.45584229
nzl,2003,92.68579739
nzl,2004,109.10158385
nzl,2005,118.44824631
nzl,2006,118.06098076
nzl,2007,137.83973839
nzl,2008,129.95145237
nzl,2009,125.11986632
nzl,2010,153.6706014
nzl,2011,169.14559069
nzl,2012,181.15995574
nzl,2013,196.05321056
nzl,2014,206.01593476
nzl,2015,179.69650945
nzl,2016,193.74486879
per,2000,7.72979844
per,2001,9.20349604
per,2002,10.64815924
per,2003,13.41365766
per,2004,7.81162427
per,2005,8.92372441
per,2006,8.9000654
per,2007,9.61078048
per,2008,11.16045248
per,2009,12.25313597
per,2010,14.14844868
per,2011,15.89707846
per,2012,18.22972312
per,2013,20.59876349
per,2014,21.08785977
per,2015,21.27901321
per,2016,20.91892124
pry,2000,9.39098794
pry,2001,9.86351186
pry,2002,7.07582084
pry,2003,7.16160463
pry,2004,7.78461428
pry,2005,7.66715579
pry,2006,8.75158582
pry,2007,10.59738858
pry,2008,13.92662896
pry,2009,10.64631768
pry,2010,14.90326867
pry,2011,21.58156372
pry,2012,22.82888598
pry,2013,29.65055423
pry,2014,30.86579547
pry,2015,31.74907959
pry,2016,34.25911833
kna,2000,24.01453843
kna,2001,22.91140812
kna,2002,24.13275174
kna,2003,24.44964213
kna,2004,22.42508946
kna,2005,26.1485307
kna,2006,33.44501163
kna,2007,34.7566416
kna,2008,47.74924398
kna,2009,45.06365805
kna,2010,44.64076687
kna,2011,47.20418299
kna,2012,42.31631803
kna,2013,43.02499187
kna,2014,44.63538971
kna,2015,45.46752812
kna,2016,49.10304182
sur,2000,0.61347975
sur,2001,3.33874812
sur,2002,8.51981948
sur,2003,12.87025626
sur,2004,18.14537418
sur,2005,24.66594337
sur,2006,25.84097583
sur,2007,26.12258199
sur,2008,33.50509834
sur,2009,36.9178755
sur,2010,39.79241186
sur,2011,41.35531062
sur,2012,44.16081559
sur,2013,45.18025583
sur,2014,47.73557895
sur,2015,42.11435869
sur,2016,18.94839113
lca,2000,19.42204509
lca,2001,23.68561201
lca,2002,27.01762182
lca,2003,27.31315206
lca,2004,28.49300142
lca,2005,29.87478978
lca,2006,30.39016925
lca,2007,30.0292409
lca,2008,29.33168591
lca,2009,25.9895954
lca,2010,30.85463315
lca,2011,33.2
lca,2012,33.7031648
lca,2013,33.85544916
lca,2014,35.51780075
lca,2015,28.32149701
lca,2016,27.21400802
vct,2000,2.38132468
vct,2001,2.71102859
vct,2002,2.8960554
vct,2003,3.13250314
vct,2004,3.54911837
vct,2005,3.79401077
vct,2006,4.17321694
vct,2007,4.95223724
vct,2008,4.96385438
vct,2009,4.94202705
vct,2010,5.05776273
vct,2011,4.99040901
vct,2012,5.23797739
vct,2013,5.50777043
vct,2014,5.61059564
vct,2015,5.24614415
vct,2016,5.32838911
tza,2000,0.25472969
tza,2010,0.33593765
tza,2011,0.61412599
tza,2012,0.89944359
tza,2013,0.54588328
tza,2014,0.21922948
tza,2015,0.59774999
tza,2016,0.27025994
tto,2000,15.64062317
tto,2001,15.59078846
tto,2002,20.11801039
tto,2003,21.86796211
tto,2004,17.15121256
tto,2005,28.636038
tto,2006,33.31223829
tto,2007,30.18988301
tto,2008,40.21897984
tto,2009,37.63811081
tto,2010,43.51955216
tto,2011,46.45757107
tto,2012,59.807703
tto,2013,53.16120082
tto,2014,72.2899602
tto,2015,79.26330777
tto,2016,74.94732029
are,2000,33.91889585
are,2001,33.89316402
are,2002,39.82823543
are,2003,46.28064683
are,2004,52.4881005
are,2005,58.03153658
are,2006,62.85269413
are,2007,67.5321472
are,2008,73.38183519
are,2009,87.94811043
are,2010,98.34459966
are,2011,101.03288343
are,2012,97.30068468
are,2013,107.66353739
are,2014,115.85311919
are,2015,100.57011795
are,2016,99.05201934
gbr,2000,57.6532184
gbr,2001,67.85493257
gbr,2002,75.19101425
gbr,2003,92.3086942
gbr,2004,107.50760319
gbr,2005,120.81568392
gbr,2006,93.48523795
gbr,2007,134.4244779
gbr,2008,130.08734007
gbr,2009,106.13627148
gbr,2010,107.0811838
gbr,2011,127.79984448
gbr,2012,128.67108444
gbr,2013,151.01238685
gbr,2014,163.34975413
gbr,2015,148.43437553
gbr,2016,128.96528262
usa,2000,1624.13601727
usa,2001,1762.10220753
usa,2002,1951.12873607
usa,2003,2120.96184328
usa,2004,2250.18806019
usa,2005,2375.82536014
usa,2006,2462.17175564
usa,2007,2569.18994458
usa,2008,2633.97686197
usa,2009,2708.57705764
usa,2010,2787.94707415
usa,2011,2877.49619739
usa,2012,2952.69860057
usa,2013,2993.86822152
usa,2014,251.79500013
usa,2015,256.93187669
usa,2016,263.20722567
ven,2000,33.88813635
ven,2001,41.1960172
ven,2002,28.52137204
ven,2003,30.51241351
ven,2004,35.34714261
ven,2005,48.3191652
ven,2006,76.82829025
ven,2007,111.04110658
ven,2008,158.03696339
ven,2009,226.40392926
ven,2010,219.02192137
ven,2011,172.22974308
ven,2012,218.89475167
ven,2013,206.40060451
ven,2014,323.43260613
ven,2015,530.17488904
ury,2000,221.82015371
ury,2001,201.08736098
ury,2002,126.56499291
ury,2003,95.85143948
ury,2004,82.79710405
ury,2005,122.64403152
ury,2006,98.0179526
ury,2007,97.91146301
ury,2008,114.07818043
ury,2009,151.05955393
ury,2010,190.56463945
ury,2011,200.15094739
ury,2012,185.09796432
ury,2013,205.66915774
ury,2014,192.55045898
ury,2015,165.08615107
ury,2016,142.94353996
eth,2000,0.01191258
eth,2001,0.01702594
eth,2002,0.02472588
eth,2003,0.03624897
eth,2004,0.05313859
eth,2005,0.07798106
eth,2006,0.08611937
eth,2007,0.09780668
eth,2008,0.09598606
eth,2009,0.11209428
eth,2010,0.09653736
eth,2011,0.0959977
eth,2012,0.11919059
eth,2013,0.11558042
eth,2014,0.11771861
eth,2015,0.13141207
eth,2016,0.14045096
egy,2000,0.18128102
egy,2001,0.15901924
egy,2002,0.13777
egy,2003,0.14092346
egy,2004,0.1905437
egy,2005,0.28398326
egy,2006,0.40616038
egy,2007,0.61352857
egy,2008,0.95501871
egy,2009,1.12634358
egy,2010,1.23506878
egy,2011,1.31864141
egy,2012,1.55132865
egy,2013,1.49593298
egy,2014,1.65739887
egy,2015,1.66234064
egy,2016,1.39080772
zwe,2010,5.17272278
zwe,2011,5.70279026
zwe,2012,6.2011114
zwe,2013,6.66929223
zwe,2014,7.11034517
zwe,2015,7.52730956
zwe,2016,6.17808418
sau,2000,11.35281214
sau,2001,12.51745089
sau,2002,10.1523269
sau,2003,10.82913922
sau,2004,11.3881177
sau,2005,15.28229821
sau,2006,13.45360148
sau,2007,20.04284528
sau,2008,29.19471293
sau,2009,40.10778292
sau,2010,52.89447256
sau,2011,68.90945848
sau,2012,78.03887804
sau,2013,92.66038473
sau,2014,100.22293256
sau,2015,110.74935467
sau,2016,153.92391183
dza,2000,0.50151781
dza,2001,0.56366579
dza,2002,0.63151469
dza,2003,0.73967176
dza,2004,1.33145655
dza,2005,1.37870034
dza,2006,1.4454829
dza,2007,1.61229614
dza,2008,1.91422563
dza,2009,1.87875732
dza,2010,1.98058252
dza,2011,2.18970082
dza,2012,2.31311786
dza,2013,2.45160073
dza,2014,2.56997654
dza,2015,2.20731413
dza,2016,2.16630428
vnm,2000,0.34322697
vnm,2001,0.35749099
vnm,2002,0.35600628
vnm,2003,0.40509569
vnm,2004,0.52273048
vnm,2005,0.63640824
vnm,2006,0.76967259
vnm,2007,0.90024206
vnm,2008,1.0726825
vnm,2009,1.17044339
vnm,2010,1.43404797
vnm,2011,1.63217615
vnm,2012,1.99882349
vnm,2013,2.06881431
vnm,2014,3.00382365
vnm,2015,1.78970056
vnm,2016,1.75983132
bfa,2000,0.06862576
bfa,2001,0.07123215
bfa,2002,0.07792843
bfa,2003,0.09707854
bfa,2004,0.15282142
bfa,2005,0.25947645
bfa,2006,0.25649345
bfa,2007,0.35165696
bfa,2008,0.53571403
bfa,2009,0.76691543
bfa,2010,0.40678464
bfa,2011,0.42942827
bfa,2012,0.46067556
bfa,2013,0.59862476
bfa,2014,1.07753569
bfa,2015,0.84740544
bfa,2016,0.59066223
bwa,2000,2.51259552
bwa,2001,2.83216138
bwa,2002,10.44661239
bwa,2003,23.09856086
bwa,2004,34.34651772
bwa,2005,40.39063086
bwa,2006,42.98093566
bwa,2007,46.26174628
bwa,2008,44.3106207
bwa,2009,71.9069477
bwa,2010,93.88459613
bwa,2011,107.57239215
bwa,2012,120.43026092
bwa,2013,96.76403635
bwa,2014,100.36100641
bwa,2015,98.59122952
bwa,2016,101.56580399
ben,2000,0.74257361
ben,2001,0.7232121
ben,2002,0.85799911
ben,2003,1.08178295
ben,2004,1.19414586
ben,2005,1.28668569
ben,2006,1.31647338
ben,2007,1.47985405
ben,2008,1.73536953
ben,2009,1.65197693
ben,2010,1.53038701
ben,2011,1.63259544
ben,2012,1.73062204
ben,2013,1.9321817
ben,2014,1.96661194
ben,2015,1.58061969
ben,2016,1.64876793
ago,2000,0.2054389
ago,2001,0.75477981
ago,2002,0.83435054
ago,2003,0.97695874
ago,2004,1.34714847
ago,2005,1.32433638
ago,2006,1.23495554
ago,2007,2.77062214
ago,2008,3.79459731
ago,2009,5.35494547
ago,2010,4.03748454
ago,2011,4.49829209
ago,2012,4.47764243
ago,2013,5.57975114
ago,2014,6.47983133
ago,2015,6.62616902
ago,2016,6.09747221
cmr,2000,0.27436779
cmr,2001,0.27736013
cmr,2002,0.30521228
cmr,2003,0.37220732
cmr,2004,0.41973657
cmr,2005,0.42965736
cmr,2006,0.45258087
cmr,2007,0.50118401
cmr,2008,0.55660578
cmr,2009,0.54292031
cmr,2010,0.5337485
cmr,2011,0.46282099
cmr,2012,3.5519412
cmr,2013,3.86224605
cmr,2014,4.07665604
cmr,2015,3.52020608
cmr,2016,3.55429014
cpv,2000,0.42089065
cpv,2001,0.42425002
cpv,2002,0.46075063
cpv,2003,0.57930359
cpv,2004,0.6594563
cpv,2005,0.67503581
cpv,2006,0.74176362
cpv,2007,0.81297465
cpv,2008,0.93047207
cpv,2009,1.07697791
cpv,2010,1.98972792
cpv,2011,1.71309539
cpv,2012,1.63642652
cpv,2013,1.65649504
cpv,2014,1.53849268
cpv,2015,1.21630653
cpv,2016,1.31626081
bdi,2000,0.04008443
bdi,2001,0.03942382
bdi,2002,0.03727981
bdi,2003,0.03414082
bdi,2004,0.0398483
bdi,2005,0.05091588
bdi,2006,0.06558151
bdi,2007,0.07370146
bdi,2008,0.07126526
bdi,2009,0.0692797
bdi,2010,0.0502137
bdi,2011,0.34166258
bdi,2012,0.23966556
bdi,2013,0.17936239
bdi,2014,0.24578778
bdi,2015,0.22313485
bdi,2016,0.20654799
caf,2000,0.06433608
caf,2001,0.06621214
caf,2002,0.06866015
caf,2003,0.07821463
caf,2004,0.08729287
caf,2005,0.08818095
caf,2006,0.09603753
caf,2007,0.119556
caf,2008,0.13464299
caf,2009,0.1548362
caf,2010,0.15386346
caf,2011,0.16665523
caf,2012,0.16096111
caf,2013,0.11560908
caf,2014,0.14960958
caf,2015,0.11121914
caf,2016,0.10975538
tcd,2000,0.02272841
tcd,2001,0.14896884
tcd,2002,0.28004146
tcd,2003,0.47239894
tcd,2004,0.65871707
tcd,2005,0.78907327
tcd,2006,0.91772413
tcd,2007,1.12538847
tcd,2008,1.32837219
tcd,2009,1.3686933
tcd,2010,1.40043462
tcd,2011,1.56175683
tcd,2012,1.48466398
tcd,2013,1.56522626
tcd,2014,1.62812774
tcd,2015,1.33064832
tcd,2016,1.28600375
cog,2000,0.07619824
cog,2001,0.0921578
cog,2002,0.08548217
cog,2003,0.08154583
cog,2004,0.14857993
cog,2005,0.15398306
cog,2006,0.17271117
cog,2007,0.24820502
cog,2008,0.38905789
cog,2009,0.3295919
cog,2010,0.20574159
cog,2011,0.15425577
cog,2012,0.2363932
cog,2013,0.33270095
cog,2014,0.29774522
cog,2015,0.27608392
cog,2016,0.50915074
com,2000,0.30720826
com,2001,0.30964362
com,2002,0.33550686
com,2003,0.43342866
com,2004,0.50193091
com,2005,0.54913816
com,2006,0.56475142
com,2007,0.64013102
com,2008,0.74237965
com,2009,0.74332712
com,2010,0.72071503
com,2011,0.78952285
com,2012,0.76756916
com,2013,0.80455584
com,2014,0.78879118
com,2015,0.63094047
com,2016,0.62161645
est,2004,0.30459105
est,2005,1.37529496
est,2006,1.84743052
est,2007,2.46396063
est,2008,3.06398269
est,2009,2.63048487
est,2010,2.39440855
est,2011,2.90225515
est,2012,2.88149668
est,2013,3.1469346
est,2014,2.89884716
est,2015,3.24992898
est,2016,3.2900172
civ,2000,1.07882654
civ,2001,1.09749086
civ,2002,1.15064051
civ,2003,1.3977291
civ,2004,1.52390979
civ,2005,1.55321036
civ,2006,1.60522772
civ,2007,1.8651645
civ,2008,2.07929686
civ,2009,2.02111408
civ,2010,2.00334379
civ,2011,2.15483004
civ,2012,2.16181526
civ,2013,2.4876713
civ,2014,2.64882796
civ,2015,6.44030043
civ,2016,7.19839859
gab,2000,9.22123184
gab,2001,8.67751962
gab,2002,10.06759353
gab,2003,11.81140687
gab,2004,12.89217944
gab,2005,14.05327935
gab,2006,15.40690775
gab,2007,18.07038964
gab,2008,19.97499023
gab,2009,20.29100383
gab,2010,18.81775833
gab,2011,18.59317871
gab,2012,21.23506285
gab,2013,16.43849294
gab,2014,24.62912497
gab,2015,25.71889604
gab,2016,23.16523363
fra,2000,283.03623297
fra,2001,285.59819016
fra,2002,316.3296017
fra,2003,393.66864066
fra,2004,457.51373918
fra,2005,473.2484251
fra,2006,484.55188681
fra,2007,549.9466974
fra,2008,612.78472397
fra,2009,596.79647577
fra,2010,589.2080331
fra,2011,647.38181745
fra,2012,611.74044254
fra,2013,643.88127025
fra,2014,651.46494865
fra,2015,548.6921903
fra,2016,286.72145191
grc,2000,18.59069374
grc,2001,20.21145885
grc,2002,25.17006708
grc,2003,31.75477322
grc,2004,37.30988745
grc,2005,42.58910647
grc,2006,44.19209652
grc,2007,54.5650474
grc,2008,68.54407032
grc,2009,54.3177091
grc,2010,63.92042606
grc,2011,66.75883369
grc,2012,60.93168214
grc,2013,59.73607147
grc,2014,64.95753263
grc,2015,55.28961212
grc,2016,58.21619228
deu,2000,183.91950579
deu,2001,186.29143389
deu,2002,206.58214551
deu,2003,261.39642206
deu,2004,298.26329125
deu,2005,311.43832568
deu,2006,323.27619443
deu,2007,369.93868939
deu,2008,419.57621934
deu,2009,64.18898218
deu,2010,62.99747
deu,2011,71.51503661
deu,2012,69.17927654
deu,2013,78.81652014
deu,2014,78.2069524
deu,2015,68.11679263
deu,2016,67.74829315
gin,2000,0.0024574
gin,2001,0.00356044
gin,2002,0.005686
gin,2003,0.00915293
gin,2004,0.01308673
gin,2005,0.0130168
gin,2006,0.01487079
gin,2007,0.02941217
gin,2008,0.04323786
gin,2009,0.06677323
gin,2010,0.09021642
gin,2011,0.12504771
gin,2012,0.19208171
gin,2013,0.32587156
gin,2014,0.23876632
gin,2015,0.22042843
gin,2016,0.20732992
lbn,2000,70.03076493
lbn,2001,66.76571724
lbn,2002,63.24802426
lbn,2003,60.01273699
lbn,2004,57.56838493
lbn,2005,56.12113934
lbn,2006,63.04723861
lbn,2007,71.59099212
lbn,2008,81.41410287
lbn,2009,91.56809216
lbn,2010,101.10982021
lbn,2011,109.45658867
lbn,2012,117.03412429
lbn,2013,112.18770008
lbn,2014,103.69145795
lbn,2015,103.42580668
lbn,2016,98.59439658
mdg,2000,0.33291835
mdg,2001,0.34353836
mdg,2002,0.36025681
mdg,2003,0.43416818
mdg,2004,0.37123108
mdg,2005,0.4470987
mdg,2006,0.53978513
mdg,2007,0.76546685
mdg,2008,1.00566017
mdg,2009,0.95490467
mdg,2010,0.64875999
mdg,2011,0.74009158
mdg,2012,0.70101019
mdg,2013,0.72547132
mdg,2014,0.6834105
mdg,2015,0.61504003
mdg,2016,0.59393853
lux,2000,57.13271995
lux,2001,55.65091423
lux,2002,61.58071811
lux,2003,105.75691368
lux,2004,121.46375694
lux,2005,136.4619198
lux,2006,138.41713469
lux,2007,233.64054681
lux,2008,140.2911323
lux,2009,208.65043457
lux,2010,231.00368826
lux,2011,203.48746869
lux,2012,266.50595065
lux,2013,341.51367018
lux,2014,325.6226527
lux,2015,290.6621746
lux,2016,317.74687328
kaz,2000,0.05369435
kaz,2001,0.06092136
kaz,2002,0.0635984
kaz,2003,0.07876905
kaz,2004,0.10722987
kaz,2005,0.1308791
kaz,2006,0.16857817
kaz,2007,0.21319937
kaz,2008,0.64709255
kaz,2009,0.87021668
kaz,2010,1.20382155
kaz,2011,5.08131059
kaz,2012,5.85415197
kaz,2013,6.8705095
kaz,2014,6.27580643
kaz,2015,5.22855722
kaz,2016,3.37657024
mdv,2000,8.534131
mdv,2001,8.08245416
mdv,2002,7.81700043
mdv,2003,7.71027263
mdv,2004,9.23910781
mdv,2005,9.66957664
mdv,2006,10.79326802
mdv,2007,12.57596221
mdv,2008,15.200817
mdv,2009,14.60024333
mdv,2010,15.69208546
mdv,2011,16.72427632
mdv,2012,14.85295746
mdv,2013,0.0
mdv,2014,0.0
mdv,2015,0.0
mdv,2016,0.0
mhl,2000,13.93337679
mhl,2001,14.32389859
mhl,2002,15.49888799
mhl,2003,16.05980889
mhl,2004,17.15218727
mhl,2005,18.04867928
mhl,2006,18.81771573
mhl,2007,20.18936648
mhl,2008,21.43565437
mhl,2009,21.25483563
mhl,2010,22.78420601
mhl,2011,23.8265578
mhl,2012,23.99054365
mhl,2013,24.10380164
mhl,2014,24.30785663
mhl,2015,24.51526588
mhl,2016,25.28926243
mrt,2009,0.02391486
mrt,2011,0.04223496
mrt,2012,0.04083325
mrt,2013,0.16163829
mrt,2014,0.04270515
mrt,2015,0.03772035
mrt,2016,0.03472623
mmr,2000,0.0
mmr,2001,0.0
mmr,2002,0.0
mmr,2003,0.0
mmr,2004,0.0
mmr,2005,0.0
mmr,2006,0.0
mmr,2007,0.0
mmr,2008,0.0
mmr,2009,0.0
mmr,2010,0.0
mmr,2011,0.0
mmr,2012,0.0
mmr,2013,0.0
mmr,2014,0.0
mmr,2015,0.0
mmr,2016,0.0
mar,2000,8.86980668
mar,2001,9.18319811
mar,2002,9.82525368
mar,2003,11.80804915
mar,2004,13.30566321
mar,2005,11.59036602
mar,2006,0.98337505
mar,2007,1.14145958
mar,2008,1.30673104
mar,2009,1.36261775
mar,2010,1.48828582
mar,2011,1.75680301
mar,2012,1.80447206
mar,2013,2.09978939
mar,2014,2.13696857
mar,2015,1.85516526
mar,2016,2.50211985
rus,2000,3.10829231
rus,2001,5.57227387
rus,2002,5.84404516
rus,2003,7.03083784
rus,2004,7.49314878
rus,2005,8.68997048
rus,2006,13.67685813
rus,2007,16.73990047
rus,2008,19.82546762
rus,2009,14.24956895
rus,2010,15.29001206
rus,2011,17.69457624
rus,2012,18.63844327
rus,2013,19.59962822
rus,2014,15.25274237
rus,2015,11.530097
rus,2016,10.55677089
ner,2000,0.0783995
ner,2001,0.08587695
ner,2002,0.09565972
ner,2003,0.10982449
ner,2004,0.12789241
ner,2005,0.16179253
ner,2006,0.17500025
ner,2007,0.1860632
ner,2008,0.2170993
ner,2009,0.21209405
ner,2010,0.19874265
ner,2011,0.08930476
ner,2012,0.14402376
ner,2013,0.07029656
ner,2014,0.02509226
ner,2015,0.22847721
ner,2016,0.14821828
srb,2005,1.64448062
srb,2006,2.52311322
srb,2007,4.01000162
srb,2008,5.18965754
srb,2009,4.20012576
srb,2010,1.8030067
srb,2011,1.82782098
srb,2012,1.70615379
srb,2013,1.89349126
srb,2014,2.09697851
srb,2015,2.04792044
srb,2016,2.05684289
smr,2000,18.05491523
smr,2001,19.74346757
smr,2002,20.64807462
smr,2003,22.26471353
smr,2004,27.27543821
smr,2005,27.91262056
smr,2006,28.65558987
smr,2007,35.19444461
smr,2008,38.45971909
smr,2009,38.84336254
smr,2010,35.05829452
smr,2011,33.14893558
smr,2012,30.14357336
smr,2013,31.9389283
smr,2014,30.76935105
smr,2015,25.9574479
smr,2016,24.6904584
sdn,2000,0.27116803
sdn,2001,0.30431161
sdn,2002,0.3310602
sdn,2003,0.39050837
sdn,2004,0.46241537
sdn,2005,0.61086361
sdn,2006,0.75762219
sdn,2007,0.93723879
sdn,2008,0.79846285
sdn,2009,0.80053692
sdn,2010,0.81973351
sdn,2011,0.83175292
sdn,2012,0.88652857
sdn,2013,0.90138281
sdn,2014,0.98846464
sdn,2015,1.18515299
sdn,2016,1.33255144
syc,2013,0.55426934
syc,2014,0.15983689
syc,2015,0.15223457
syc,2016,0.15537431
tls,2002,0.0
tls,2003,0.0
tls,2004,0.0
tls,2005,0.0
tls,2006,0.0
tls,2007,0.0
tls,2008,0.0
tls,2009,0.0
tls,2010,0.0
tls,2011,0.0
tls,2012,0.0
tls,2013,0.0
tls,2014,3.2074168
tls,2015,3.8679202
tls,2016,2.96373134
yem,2000,0.25306008
yem,2001,0.2735129
yem,2002,0.2948841
yem,2003,0.31033918
yem,2004,0.34283869
yem,2005,0.36661122
yem,2006,0.45912443
yem,2007,0.52296523
yem,2008,0.62101177
yem,2009,0.63409887
yem,2010,0.65238921
yem,2011,0.60874862
yem,2012,0.68987345
yem,2013,0.7629046
yem,2014,0.79518039
yem,2015,0.76106189
tuv,2000,1.48810733
tuv,2001,7.52647458
tuv,2002,10.32459345
tuv,2003,13.66741311
tuv,2004,12.77096042
tuv,2005,12.18429111
tuv,2006,8.74361607
tuv,2007,12.16693756
tuv,2008,14.90116249
tuv,2009,10.86784205
tuv,2010,12.30896288
tuv,2011,16.52856931
tuv,2012,16.19462663
tuv,2013,15.70819033
tuv,2014,14.87975669
tuv,2015,4.94587371
tuv,2016,13.49990436
zmb,2000,0.07429947
zmb,2001,0.0813035
zmb,2002,0.07318942
zmb,2003,0.07817909
zmb,2004,0.08233366
zmb,2005,0.14731003
zmb,2006,0.21902606
zmb,2007,0.20075311
zmb,2008,0.27673926
zmb,2009,0.21648693
zmb,2010,0.25691005
zmb,2011,0.2804953
zmb,2012,0.32822873
zmb,2013,0.22747787
zmb,2014,0.21502298
zmb,2015,0.15504195
zmb,2016,0.29823827
afg,2016,0.0
dnk,2000,36.88202372
dnk,2001,37.08402947
dnk,2002,40.91396273
dnk,2003,52.98213618
dnk,2004,63.888538
dnk,2005,66.12902932
dnk,2006,73.7392438
dnk,2007,90.81927227
dnk,2008,109.97159426
dnk,2009,111.18197655
dnk,2010,99.86985382
dnk,2011,110.33811448
dnk,2012,106.89050165
dnk,2013,115.72569226
dnk,2014,125.6902886
dnk,2015,113.59926707
dnk,2016,116.68269581
bhr,2000,39.34454611
bhr,2001,37.28099266
bhr,2002,37.69323508
bhr,2003,34.1535495
bhr,2004,22.43425456
bhr,2005,23.62655732
bhr,2006,23.17658753
bhr,2007,29.71283206
bhr,2008,50.66265183
bhr,2009,60.64354687
bhr,2010,68.05924241
bhr,2011,72.49664411
bhr,2012,76.02045282
bhr,2013,83.6543815
bhr,2014,95.31423639
bhr,2015,103.52111371
bhr,2016,115.93047058
dji,2000,0.21128067
dji,2001,0.20984007
dji,2002,0.21113091
dji,2003,0.22158029
dji,2004,0.22291841
dji,2005,0.23736935
dji,2006,0.19258784
dji,2007,0.22863126
dji,2008,0.26794524
dji,2009,0.26114993
dji,2010,0.27653613
dji,2011,0.40936952
dji,2012,0.44059874
dji,2013,0.48318186
dji,2014,0.5119963
dji,2015,0.54281958
dji,2016,0.0
idn,2000,0.82965686
idn,2001,0.71976665
idn,2002,0.41973955
idn,2003,0.58509429
idn,2004,0.4812954
idn,2005,0.54523238
idn,2006,0.63233691
idn,2007,0.83571238
idn,2008,1.06269163
idn,2009,1.23197108
idn,2010,3.16028576
idn,2011,3.14355762
idn,2012,3.55552266
idn,2013,3.67810197
idn,2014,3.36061385
idn,2015,3.03693493
idn,2016,3.86834445
jpn,2000,68.5763717
jpn,2001,60.15701298
jpn,2002,58.80988147
jpn,2003,64.55216674
jpn,2004,70.2172148
jpn,2005,71.46644762
jpn,2006,70.40951113
jpn,2007,70.71366191
jpn,2008,79.00694191
jpn,2009,90.54449079
jpn,2010,99.34780025
jpn,2011,112.45762205
jpn,2012,114.21273657
jpn,2013,95.41711393
jpn,2014,90.01387261
jpn,2015,81.56292414
jpn,2016,91.914003
kir,2000,0.0
kir,2001,0.0
kir,2002,0.0
kir,2003,0.0
kir,2004,0.0
kir,2005,0.0
kir,2006,0.0
kir,2007,0.0
kir,2008,0.0
kir,2009,0.0
kir,2010,0.0
kir,2011,0.0
kir,2012,0.0
kir,2013,0.0
kir,2014,0.0
kir,2015,0.0
kir,2016,0.0
irn,2000,1.43781694
irn,2001,1.55026561
irn,2002,1.09290697
irn,2003,1.41370223
irn,2004,2.02512682
irn,2005,2.95913295
irn,2006,2.3707508
irn,2007,3.18145468
irn,2008,4.34674271
irn,2009,6.82688254
irn,2010,12.79340368
irn,2011,18.63728633
irn,2012,26.39177385
irn,2013,23.84157616
irn,2014,17.49367374
irn,2015,16.63405555
irn,2016,17.4573776
lva,2000,2.882716
lva,2001,4.95810186
lva,2002,6.7361272
lva,2003,4.50977392
lva,2004,10.78962239
lva,2005,10.0658519
lva,2006,14.39868055
lva,2007,17.11920544
lva,2008,18.41474484
lva,2009,6.26688093
lva,2010,17.02037607
lva,2011,15.94901706
lva,2012,12.90775514
lva,2013,10.75988746
lva,2014,7.54954129
lva,2015,6.28329087
lva,2016,5.53340875
lbr,2000,0.33370184
lbr,2001,0.27759013
lbr,2002,0.2998773
lbr,2003,0.16505522
lbr,2004,0.25214511
lbr,2005,0.27262464
lbr,2006,0.26772238
lbr,2007,0.48526548
lbr,2008,1.00900438
lbr,2009,1.14511337
lbr,2010,1.22460536
lbr,2011,1.26731927
lbr,2012,1.4496944
lbr,2013,1.5304872
lbr,2014,1.47096061
lbr,2015,5.55655345
lbr,2016,5.32775648
nor,2000,0.0
nor,2001,0.0
nor,2002,0.0
nor,2003,0.0
nor,2004,0.0
nor,2005,0.0
nor,2006,0.0
nor,2007,0.0
nor,2008,0.0
nor,2009,0.0
nor,2010,0.0
nor,2011,0.0
nor,2012,0.0
nor,2013,0.0
nor,2014,0.0
nor,2015,0.0
nor,2016,0.0
stp,2012,0.02490978
stp,2013,0.02894866
stp,2014,0.03062161
stp,2015,0.02741321
stp,2016,0.02963515
prt,2000,35.21129822
prt,2001,37.80421881
prt,2002,44.32118433
prt,2003,68.86188092
prt,2004,85.5907347
prt,2005,81.43974205
prt,2006,88.74536065
prt,2007,98.95771637
prt,2008,113.471014
prt,2009,104.54407436
prt,2010,104.62027614
prt,2011,111.06706843
prt,2012,101.3634824
prt,2013,102.47061505
prt,2014,106.2490933
prt,2015,89.63251615
prt,2016,89.747117
omn,2000,10.26451527
omn,2001,10.73968526
omn,2002,10.60870528
omn,2003,11.59289626
omn,2004,12.80125753
omn,2005,12.86272158
omn,2006,14.554638
omn,2007,16.4565339
omn,2008,21.0615821
omn,2009,20.8000078
omn,2010,20.9714549
omn,2011,22.09931884
omn,2012,22.41420242
omn,2013,16.11698862
omn,2014,15.89586331
omn,2015,20.94097316
omn,2016,19.81213727
slb,2000,0.0
slb,2001,0.0
slb,2002,0.0
slb,2003,0.0
slb,2004,0.0
slb,2005,0.0
slb,2006,0.0
slb,2007,0.0
slb,2008,0.0
slb,2009,0.0
slb,2010,0.0
slb,2011,0.0
slb,2012,0.0
slb,2013,0.0
slb,2014,0.0
slb,2015,0.0
slb,2016,0.0
che,2000,366.45775632
che,2001,375.23633395
che,2002,397.48117882
che,2003,443.69052225
che,2004,482.34801827
che,2005,495.71572174
che,2006,505.4222803
che,2007,552.96461269
che,2008,627.2769478
che,2009,634.91018072
che,2010,655.18340407
che,2011,782.22814986
che,2012,628.37184415
che,2013,643.36584789
che,2014,659.10065776
che,2015,643.05572875
che,2016,654.92657383
ton,2000,0.07856679
ton,2001,0.06774725
ton,2002,0.0788596
ton,2003,0.08869999
ton,2004,0.10372469
ton,2005,1.64987351
ton,2006,3.25262209
ton,2007,3.01682586
ton,2008,2.64058934
ton,2009,2.50179717
ton,2010,2.63325951
ton,2011,2.85061909
ton,2012,2.90838923
ton,2013,2.87871767
ton,2014,2.84025659
ton,2015,2.60576331
ton,2016,2.56831026
lka,2000,0.63524003
lka,2001,0.60395565
lka,2002,0.84416971
lka,2003,0.81765815
lka,2004,0.96336527
lka,2005,1.23746642
lka,2006,1.17456935
lka,2007,1.26772631
lka,2008,1.41877105
lka,2009,1.33758425
lka,2010,1.43421594
lka,2011,2.07501127
lka,2012,1.97640916
lka,2013,2.28248831
lka,2014,2.58542295
lka,2015,2.95915649
lka,2016,3.13068473
ukr,2000,0.18818232
ukr,2001,0.14998271
ukr,2002,0.10955984
ukr,2003,0.0669996
ukr,2004,0.08361498
ukr,2005,0.79897376
ukr,2006,1.23612668
ukr,2007,1.63926663
ukr,2008,2.1745103
ukr,2009,1.80829485
ukr,2010,2.04187792
ukr,2011,2.4261031
ukr,2012,2.7126674
ukr,2013,2.98506505
ukr,2014,2.13986439
ukr,2015,1.38092006
ukr,2016,1.16533824
alb,2016,0.0
arm,2001,0.022234
arm,2002,0.05388691
arm,2003,0.07197893
arm,2004,0.0985207
arm,2005,0.04762975
arm,2006,0.08541457
arm,2007,0.17242459
arm,2008,0.34830505
arm,2009,0.40638501
arm,2010,0.57676345
arm,2011,0.97274767
arm,2012,2.7948292
arm,2013,4.04975824
arm,2014,3.83948951
arm,2015,3.69495288
arm,2016,2.391094
and,2000,216.07372283
and,2001,217.15953762
and,2002,238.84475808
and,2003,311.65826216
and,2004,368.12657407
and,2005,392.83081756
and,2006,413.3465731
and,2007,456.73470761
and,2008,447.52768613
and,2009,401.14536574
and,2010,375.2884921
and,2011,392.07548967
and,2012,372.43542483
and,2013,391.09117429
and,2014,409.28158364
and,2015,344.86676789
and,2016,351.77191146
aut,2000,119.91426222
aut,2001,119.59139969
aut,2002,130.95228522
aut,2003,163.05822424
aut,2004,207.08907577
aut,2005,195.13207588
aut,2006,198.56168641
aut,2007,223.53959937
aut,2008,249.5413866
aut,2009,242.66947144
aut,2010,234.9469418
aut,2011,254.18774508
aut,2012,245.48508925
aut,2013,266.87154198
aut,2014,276.56269913
aut,2015,235.15569556
aut,2016,245.44092086
aze,2000,0.08362017
aze,2001,0.08563394
aze,2002,0.09479515
aze,2003,0.15657065
aze,2004,0.22933419
aze,2005,0.32698978
aze,2006,0.43270516
aze,2007,0.96439834
aze,2008,1.26815235
aze,2009,1.64479275
aze,2010,1.74343052
aze,2011,1.95447401
aze,2012,1.8774487
aze,2013,2.25372795
aze,2014,2.78089934
aze,2015,2.61928574
aze,2016,1.98856007
bih,2009,1.5940849
bih,2010,1.3625914
bih,2011,1.12150115
bih,2012,1.06336087
bih,2013,1.15375666
bih,2014,1.18241387
bih,2015,1.14828047
bih,2016,1.28702434
blr,2000,0.0154892
blr,2001,0.01871983
blr,2002,0.02297914
blr,2003,0.02713783
blr,2004,0.04721927
blr,2005,0.04236824
blr,2006,0.05103657
blr,2007,0.08085755
blr,2008,0.14433739
blr,2009,0.12171863
blr,2010,0.55735053
blr,2011,0.74556844
blr,2012,0.92837003
blr,2013,1.90872436
blr,2014,2.08015779
blr,2015,2.51723876
blr,2016,2.19494553
hrv,2000,0.0
hrv,2001,8.98698167
hrv,2002,5.05895023
hrv,2003,3.58969872
hrv,2004,4.88788262
hrv,2005,4.01043517
hrv,2006,4.54074689
hrv,2007,5.405984
hrv,2008,7.66706572
hrv,2009,6.90293963
hrv,2010,6.64358672
hrv,2011,59.06766338
hrv,2012,50.54979813
hrv,2013,38.5228993
hrv,2014,36.54131645
hrv,2015,34.88593513
hrv,2016,34.37489556
bgr,2001,0.0315704
bgr,2002,0.06141101
bgr,2003,0.1907807
bgr,2004,0.46193345
bgr,2005,0.7823459
bgr,2006,1.05917264
bgr,2007,1.41571989
bgr,2008,2.10091355
bgr,2009,2.06827845
bgr,2010,2.23777022
bgr,2011,2.3152968
bgr,2012,2.42092374
bgr,2013,2.09316834
bgr,2014,2.24086761
bgr,2015,2.27681494
bgr,2016,2.45086306
cyp,2000,18.68342335
cyp,2001,19.24627735
cyp,2002,20.02669686
cyp,2003,66.63258787
cyp,2004,80.8847193
cyp,2005,90.02659474
cyp,2006,94.94939334
cyp,2007,94.25654514
cyp,2008,112.25552146
cyp,2009,125.62452436
cyp,2010,95.55842111
cyp,2011,108.29558249
cyp,2012,102.43356115
cyp,2013,101.19916261
cyp,2014,108.24609471
cyp,2015,107.00924238
cyp,2016,104.67995076
fji,2000,3.44089873
fji,2001,3.48678818
fji,2002,3.7085809
fji,2003,4.84132527
fji,2004,6.28260602
fji,2005,6.4332044
fji,2006,9.57468099
fji,2007,12.99576725
fji,2008,11.01159356
fji,2009,8.48758183
fji,2010,10.03243569
fji,2011,14.329323
fji,2012,15.87317658
fji,2013,23.09406611
fji,2014,27.14995937
fji,2015,22.45364922
fji,2016,22.25721043
gmb,2000,0.39232218
gmb,2001,0.32513054
gmb,2002,0.27833909
gmb,2003,0.31007476
gmb,2004,0.28571929
gmb,2005,0.42138417
gmb,2006,0.54484732
gmb,2007,0.72564658
gmb,2008,0.94456976
gmb,2009,0.90259755
gmb,2010,0.949992
gmb,2011,0.98385811
gmb,2012,0.98344483
gmb,2013,0.89070964
gmb,2014,0.81689523
gmb,2015,0.84719088
gmb,2016,0.81548706
fin,2000,45.9328345
fin,2001,45.48773041
fin,2002,50.03600182
fin,2003,61.56538935
fin,2004,70.34055751
fin,2005,78.7381241
fin,2006,84.90884413
fin,2007,94.95993541
fin,2008,117.64123162
fin,2009,116.8150185
fin,2010,114.49861204
fin,2011,128.47899498
fin,2012,127.2005081
fin,2013,136.05542891
fin,2014,150.49561347
fin,2015,103.1267234
fin,2016,94.05987314
geo,2000,0.21432246
geo,2001,0.61948965
geo,2002,0.39390049
geo,2003,0.40712972
geo,2004,0.92074902
geo,2005,1.47551317
geo,2006,1.89801091
geo,2007,5.31741656
geo,2008,13.29039552
geo,2009,10.4710636
geo,2010,6.23169489
geo,2011,10.37694871
geo,2012,8.99296964
geo,2013,12.33289907
geo,2014,13.9021185
geo,2015,12.93604305
geo,2016,17.22234562
gha,2000,0.67828835
gha,2001,0.71881446
gha,2002,0.76004535
gha,2003,0.90280506
gha,2004,1.05947461
gha,2005,1.28053633
gha,2006,1.43097607
gha,2007,1.55438039
gha,2008,1.82580517
gha,2009,1.45505439
gha,2010,1.79602649
gha,2011,1.79039775
gha,2012,1.45418662
gha,2013,0.538636
gha,2014,0.17739893
gha,2015,0.68967115
gha,2016,1.13965541
gnb,2000,0.0
gnb,2001,0.0
gnb,2002,0.0
gnb,2003,0.0
gnb,2004,0.0
gnb,2005,0.0
gnb,2006,0.0
gnb,2007,0.0
gnb,2008,0.0
gnb,2009,0.0
gnb,2010,0.0
gnb,2011,0.0
gnb,2012,0.0
gnb,2013,0.0
gnb,2014,0.0
gnb,2015,0.0
irq,2016,0.0
hun,2000,1.87879796
hun,2001,2.15078126
hun,2002,2.74011861
hun,2003,4.19911624
hun,2004,9.12265423
hun,2005,10.09469053
hun,2006,14.18338233
hun,2007,21.16570563
hun,2008,24.38313152
hun,2009,26.27220329
hun,2010,27.76572148
hun,2011,28.42752473
hun,2012,26.40487835
hun,2013,27.10082461
hun,2014,25.7506878
hun,2015,20.43492278
hun,2016,20.14002726
jor,2000,4.42218712
jor,2001,6.51803495
jor,2002,6.40200068
jor,2003,6.27235709
jor,2004,5.8602655
jor,2005,5.67718345
jor,2006,5.46659726
jor,2007,5.23802139
jor,2008,14.98173014
jor,2009,17.75761628
jor,2010,18.82538648
jor,2011,22.31225826
jor,2012,22.20371196
jor,2013,21.59516471
jor,2014,20.94456047
jor,2015,21.3744069
jor,2016,0.0
isr,2000,62.164275430000004
isr,2001,62.78115614
isr,2002,67.2027968
isr,2003,79.31898228
isr,2004,87.04561846
isr,2005,97.81983
isr,2006,134.91728769
isr,2007,169.30996167
isr,2008,210.51882479
isr,2009,208.60889304
isr,2010,231.97874295
isr,2011,258.28916445
isr,2012,261.56099294
isr,2013,296.88261798
isr,2014,316.01198228
isr,2015,304.89178814
isr,2016,316.38906528
irl,2000,132.9379957
irl,2001,163.35195097
irl,2002,189.62909465
irl,2003,192.96305523
irl,2004,253.17074499
irl,2005,245.07010513
irl,2006,280.61095307
irl,2007,366.48499999
irl,2008,406.65002051
irl,2009,460.44051977
irl,2010,422.36358506
irl,2011,687.66173696
irl,2012,677.19445547
irl,2013,679.88777072
irl,2014,688.23810326
irl,2015,581.80167765
irl,2016,585.74124566
lao,2000,0.01469156
lao,2001,0.01546864
lao,2002,0.04650666
lao,2003,0.05175373
lao,2004,0.06924389
lao,2005,0.07355095
lao,2006,0.08669442
lao,2007,0.0181066
lao,2008,0.11514965
lao,2009,0.11078374
lao,2010,0.14324741
lao,2011,0.25400992
lao,2012,1.09234455
lao,2013,0.14123931
lao,2014,0.11520189
lao,2015,0.09539331
lao,2016,0.0692356
kwt,2000,7.94826579
kwt,2001,7.72916375
kwt,2002,9.20893134
kwt,2003,13.92279019
kwt,2004,13.83169178
kwt,2005,16.54697896
kwt,2006,17.39574747
kwt,2007,19.67662674
kwt,2008,22.43962986
kwt,2009,17.25732865
kwt,2010,15.12911515
kwt,2011,17.03262448
kwt,2012,18.9366668
kwt,2013,18.61898141
kwt,2014,18.58112696
kwt,2015,17.73511419
kwt,2016,0.0
ltu,2000,0.22667731
ltu,2001,0.14774704
ltu,2002,0.3139113
ltu,2003,0.43664017
ltu,2004,1.49354145
ltu,2005,1.62147172
ltu,2006,2.26712769
ltu,2007,2.94554097
ltu,2008,4.86721153
ltu,2009,5.64756612
ltu,2010,4.58051473
ltu,2011,5.84524621
ltu,2012,6.78053489
ltu,2013,7.81324974
ltu,2014,8.46783867
ltu,2015,8.22139123
ltu,2016,6.68459536
mng,2000,0.00618579
mng,2001,0.00697618
mng,2002,0.00773988
mng,2003,0.00884555
mng,2004,0.01230753
mng,2005,0.01544964
mng,2006,0.02083551
mng,2007,0.02616068
mng,2008,0.03484855
mng,2009,0.14180053
mng,2010,0.20105915
mng,2011,0.33100067
mng,2012,0.41870895
mng,2013,0.43830162
mng,2014,0.54166281
mng,2015,0.59520204
mng,2016,0.53878731
mli,2000,0.00741629
mli,2001,0.00139911
mli,2002,0.01856104
mli,2003,0.01991985
mli,2004,0.03715442
mli,2005,0.04305609
mli,2006,0.05022351
mli,2007,0.06333432
mli,2008,0.07835404
mli,2009,0.08595376
mli,2010,0.09488586
mli,2011,0.11545005
mli,2012,0.12380947
mli,2013,0.04925639
mli,2014,0.36507885
mli,2015,0.26040028
mli,2016,0.19466319
fsm,2000,0.0
fsm,2001,0.0
fsm,2002,0.0
fsm,2003,0.0
fsm,2004,0.0
fsm,2005,0.0
fsm,2006,0.0
fsm,2007,0.0
fsm,2008,0.0
fsm,2009,0.0
fsm,2010,0.0
fsm,2011,0.0
fsm,2012,0.0
fsm,2013,0.0
fsm,2014,0.0
fsm,2015,0.0
fsm,2016,0.0
npl,2000,0.0107546
npl,2001,0.01214861
npl,2002,0.0182945
npl,2003,0.023687
npl,2004,0.02796948
npl,2005,0.03747307
npl,2006,0.04660383
npl,2007,0.03733358
npl,2008,0.03898212
npl,2009,0.03808332
npl,2010,0.1419064
npl,2011,0.14763423
npl,2012,0.16039533
npl,2013,0.22356979
npl,2014,0.20101632
npl,2015,0.1717581
npl,2016,0.17747021
phl,2000,1.95009061
phl,2001,1.65218221
phl,2002,1.88131153
phl,2003,2.57829448
phl,2004,2.63318005
phl,2005,3.34233138
phl,2006,3.75820335
phl,2007,4.91754791
phl,2008,5.92056381
phl,2009,6.54641552
phl,2010,7.78386534
phl,2011,10.47204922
phl,2012,12.36014241
phl,2013,13.84021768
phl,2014,15.84580239
phl,2015,13.18320739
phl,2016,13.73694262
rou,2003,0.21304995
rou,2004,0.21638548
rou,2005,0.21669472
rou,2006,0.41854952
rou,2007,0.57272975
rou,2008,0.42682723
rou,2009,0.42816432
rou,2010,0.35328521
rou,2011,0.65802428
rou,2012,0.87026103
rou,2013,0.91067215
rou,2014,1.17260701
rou,2015,1.24006873
rou,2016,2.25992268
pol,2002,1.87812248
pol,2003,2.01837076
pol,2004,2.43686676
pol,2005,2.76737756
pol,2006,3.10316831
pol,2007,3.9207171
pol,2008,5.49046151
pol,2009,4.81840608
pol,2010,5.7437065
pol,2011,6.43321769
pol,2012,6.14456684
pol,2013,35.22756791
pol,2014,40.59817147
pol,2015,40.15062261
pol,2016,43.68968865
sgp,2000,16.69535926
sgp,2001,16.58848582
sgp,2002,16.8629504
sgp,2003,16.95922417
sgp,2004,19.23273384
sgp,2005,19.00632753
sgp,2006,18.61352896
sgp,2007,24.25929271
sgp,2008,28.36161039
sgp,2009,30.33962125
sgp,2010,39.1334485
sgp,2011,49.29090221
sgp,2012,56.41738796
sgp,2013,49.37067569
sgp,2014,51.29247005
sgp,2015,50.28319973
sgp,2016,50.68022076
wsm,2000,0.0
wsm,2001,0.06783207
wsm,2002,0.0829774
wsm,2003,0.10181145
wsm,2004,0.1166471
wsm,2005,0.13587108
wsm,2006,0.14648922
wsm,2007,0.16558883
wsm,2008,0.19137599
wsm,2009,0.18537052
wsm,2010,0.20047315
wsm,2011,0.22319643
wsm,2012,0.23512096
wsm,2013,0.23503905
wsm,2014,0.23520447
wsm,2015,0.21749631
wsm,2016,0.21563063
sen,2000,0.92252463
sen,2001,1.04972737
sen,2002,1.34256452
sen,2003,1.95699447
sen,2004,2.74058692
sen,2005,3.49305349
sen,2006,3.74195934
sen,2007,4.15462235
sen,2008,5.48216495
sen,2009,5.00813669
sen,2010,4.76722571
sen,2011,5.11006616
sen,2012,4.87144778
sen,2013,1.81941447
sen,2014,1.82599407
sen,2015,1.52936933
sen,2016,1.52703556
swz,2000,6.24456511
swz,2001,5.42403779
swz,2002,4.95684073
swz,2003,7.30282897
swz,2004,9.46946044
swz,2005,10.93065898
swz,2006,11.04961473
swz,2007,11.33976021
swz,2008,10.7725779
swz,2009,11.5095347
swz,2010,15.04745286
swz,2011,15.74558157
swz,2012,15.3290676
swz,2013,13.84913874
swz,2014,12.99111811
swz,2015,11.75733633
swz,2016,9.75190382
zaf,2000,101.20105334
zaf,2001,91.73631315
zaf,2002,84.81828078
zaf,2003,127.02377421
zaf,2004,140.35716063
zaf,2005,157.19820537
zaf,2006,136.40849388
zaf,2007,142.24345411
zaf,2008,134.52967116
zaf,2009,151.82237306
zaf,2010,189.45412366
zaf,2011,203.75593278
zaf,2012,198.83719913
zaf,2013,183.45031564
zaf,2014,179.79459346
zaf,2015,168.31221514
zaf,2016,153.92449118
swe,2000,4.95131532
swe,2001,4.79555844
swe,2002,5.1988907
swe,2003,8.17450793
swe,2004,10.06652631
swe,2005,11.12217795
swe,2006,12.49315289
swe,2007,16.41382769
swe,2008,19.61154244
swe,2009,20.53738661
swe,2010,24.36010545
swe,2011,30.7488949
swe,2012,31.67488002
swe,2013,38.12242973
swe,2014,37.55402362
swe,2015,32.73030211
swe,2016,35.29579338
tha,2000,1.9889285
tha,2001,1.89365789
tha,2002,2.13691588
tha,2003,2.53118941
tha,2004,2.89053165
tha,2005,3.12418281
tha,2006,4.1137176
tha,2007,4.85741891
tha,2008,6.09262048
tha,2009,8.27040611
tha,2010,10.21015876
tha,2011,9.54871919
tha,2012,11.30177495
tha,2013,13.11515157
tha,2014,14.35419108
tha,2015,14.52921829
tha,2016,14.56425418
tun,2000,5.53155498
tun,2001,5.20081634
tun,2002,5.19839465
tun,2003,5.66799485
tun,2004,5.792868
tun,2005,9.6036894
tun,2006,7.08512221
tun,2007,5.56621479
tun,2008,4.3752697
tun,2009,3.01654156
tun,2010,2.14951806
tun,2011,1.65063695
tun,2012,1.12339091
tun,2013,1.13932336
tun,2014,9.03554275
tun,2015,8.39260943
tun,2016,8.09363492
btn,2000,0.0
btn,2001,0.0
btn,2002,0.0
btn,2003,0.0
btn,2004,0.0
btn,2005,0.0
btn,2006,0.0
btn,2007,0.0
btn,2008,0.0
btn,2009,0.0
btn,2010,0.0
btn,2011,0.0664284
btn,2012,0.24484119
btn,2013,0.23526582
btn,2014,0.2376217
btn,2015,0.22291593
btn,2016,0.21940349
bgd,2000,0.00553427
bgd,2001,0.01148688
bgd,2002,0.0118456
bgd,2003,0.01272277
bgd,2004,0.01370288
bgd,2005,0.01353374
bgd,2006,0.01413173
bgd,2007,0.01660282
bgd,2008,0.02016515
bgd,2009,0.02400848
bgd,2010,0.02909063
bgd,2011,0.02973578
bgd,2012,0.0299008
bgd,2013,0.04116491
bgd,2014,0.04432883
bgd,2015,0.05611716
bgd,2016,0.06036633
uga,2000,0.02832063
uga,2001,0.10616233
uga,2002,0.17619875
uga,2003,0.22298696
uga,2004,0.3039955
uga,2005,0.36760992
uga,2006,0.41015007
uga,2007,0.48765934
uga,2008,0.53644951
uga,2009,0.58557225
uga,2010,1.8735764
uga,2011,0.54306842
uga,2012,0.8144349
uga,2013,0.93127481
uga,2014,0.89203323
uga,2015,0.74699646
uga,2016,0.84466932
ind,2000,0.1540157
ind,2001,0.15652938
ind,2002,0.15786627
ind,2003,0.17646035
ind,2004,0.42405511
ind,2005,0.43379896
ind,2006,0.6015838
ind,2007,1.03994171
ind,2008,0.93292871
ind,2009,1.03410852
ind,2010,1.58262481
ind,2011,1.87774021
ind,2012,1.95621007
ind,2013,2.07229994
ind,2014,2.27373536
ind,2015,2.62126232
ind,2016,2.78419659
cze,2003,1.58161862
cze,2004,1.79690035
cze,2005,2.16920216
cze,2006,2.07776639
cze,2007,2.47239748
cze,2008,2.37027007
cze,2009,3.15726498
cze,2010,2.13774681
cze,2011,2.03329353
cze,2012,3.01672556
cze,2013,2.30655273
cze,2014,2.46101103
cze,2015,1.84497537
cze,2016,1.8777014
isl,2000,0.0
isl,2001,0.0
isl,2002,0.0
isl,2003,0.0
isl,2004,0.0
isl,2005,0.0
isl,2006,0.0
isl,2007,0.0
isl,2008,0.0
isl,2009,0.0
isl,2010,0.0
isl,2011,0.0
isl,2012,0.0
isl,2013,0.0
isl,2014,0.0
isl,2015,0.0
isl,2016,0.0
mys,2000,6.74193187
mys,2001,7.58418277
mys,2002,8.81622263
mys,2003,11.40837146
mys,2004,12.28601472
mys,2005,12.42198652
mys,2006,14.43285886
mys,2007,17.0898169
mys,2008,20.74017385
mys,2009,22.29707966
mys,2010,27.3643492
mys,2011,32.74347008
mys,2012,34.14029902
mys,2013,34.21358463
mys,2014,35.73765667
mys,2015,36.27652606
mys,2016,36.61870713
tjk,2000,0.0
tjk,2001,0.0
tjk,2002,0.0
tjk,2003,0.04966612
tjk,2004,0.05014921
tjk,2005,0.1872508
tjk,2006,0.21653798
tjk,2007,0.04061394
tjk,2008,0.03987641
tjk,2009,0.0323022
tjk,2010,0.02988402
tjk,2011,0.02775227
tjk,2012,0.02640041
tjk,2013,0.02566688
tjk,2014,0.14530699
tjk,2015,0.09490153
tjk,2016,0.03798701
esp,2000,38.07241201
esp,2001,37.81183784
esp,2002,44.81936135
esp,2003,87.6765317
esp,2004,102.67155792
esp,2005,110.92985598
esp,2006,123.90362951
esp,2007,144.09667848
esp,2008,148.44005604
esp,2009,139.16369641
esp,2010,114.93842466
esp,2011,138.84471888
esp,2012,119.87802209
esp,2013,122.1970882
esp,2014,130.20770868
esp,2015,107.81148842
esp,2016,109.4770981
aus,2000,125.37184416
aus,2001,136.21484606
aus,2002,152.66307052
aus,2003,194.89278626
aus,2004,229.29755607
aus,2005,248.20478742
aus,2006,264.12927598
aus,2007,314.05812887
aus,2008,347.61536723
aus,2009,328.07085531
aus,2010,408.10102538
aus,2011,479.93424496
aus,2012,537.5575071
aus,2013,536.96336396
aus,2014,538.65239691
aus,2015,470.87716544
aus,2016,473.68707758
khm,2000,0.02346529
khm,2001,0.02382585
khm,2002,0.02491431
khm,2003,0.02641702
khm,2004,0.03065655
khm,2005,0.03537609
khm,2006,0.03885529
khm,2007,0.01811534
khm,2008,0.02179041
khm,2009,0.02040552
khm,2010,0.03478853
khm,2011,0.03487013
khm,2012,0.01503639
khm,2013,0.0
khm,2014,0.0
khm,2015,0.34219524
khm,2016,0.46787537
chn,2000,0.15249975
chn,2001,0.20729648
chn,2002,0.62471843
chn,2003,0.98310716
chn,2004,1.1635949
chn,2005,1.44093132
chn,2006,1.71299979
chn,2007,0.95970863
chn,2008,2.81640385
chn,2009,3.28169435
chn,2010,3.97168868
chn,2011,5.24467125
chn,2012,4.92567925
chn,2013,6.76577307
chn,2014,9.47582103
chn,2015,12.92613079
chn,2016,17.22133226
ita,2000,13.64412152
ita,2001,14.29600586
ita,2002,16.0687831
ita,2003,20.44663723
ita,2004,23.64745953
ita,2005,24.23812859
ita,2006,26.37982835
ita,2007,30.77069192
ita,2008,34.3898781
ita,2009,34.2820879
ita,2010,32.06446258
ita,2011,32.52600878
ita,2012,49.12803158
ita,2013,48.47342537
ita,2014,47.08190301
ita,2015,40.99100023
ita,2016,45.43815062
cok,2000,0.0
cok,2001,0.0
cok,2002,0.0
cok,2003,0.0
cok,2004,0.0
cok,2005,0.0
cok,2006,0.0
cok,2007,0.0
cok,2008,0.0
cok,2009,0.0
cok,2010,0.0
cok,2011,0.0
cok,2012,0.0
cok,2013,0.0
cok,2014,0.0
cok,2015,0.0
cok,2016,0.0
ken,2000,0.85276317
ken,2001,0.87123909
ken,2002,0.84808012
ken,2003,1.01322745
ken,2004,1.09248069
ken,2005,1.26364167
ken,2006,1.44094484
ken,2007,2.35652043
ken,2008,3.04053489
ken,2009,3.34992336
ken,2010,3.85150898
ken,2011,4.23921541
ken,2012,5.25090529
ken,2013,5.89282274
ken,2014,6.63428234
ken,2015,6.67200995
ken,2016,7.12291088
kgz,2015,0.02343373
kgz,2016,0.00657029
mwi,2000,0.2924733
mwi,2001,0.27698765
mwi,2002,0.30886792
mwi,2003,0.27870357
mwi,2004,0.49754099
mwi,2005,0.67259914
mwi,2006,0.76121185
mwi,2007,0.69996079
mwi,2008,0.96299305
mwi,2009,1.16021142
mwi,2010,1.4279745
mwi,2011,1.90660349
mwi,2012,0.98054182
mwi,2013,0.74117312
mwi,2014,0.88496989
mwi,2015,1.09016042
mwi,2016,0.98371372
mlt,2000,5.52139567
mlt,2001,5.32637633
mlt,2002,5.56001546
mlt,2003,13.23790435
mlt,2004,23.50489649
mlt,2005,23.74171732
mlt,2006,23.94798146
mlt,2007,27.94734012
mlt,2008,33.01376895
mlt,2009,37.26720472
mlt,2010,35.93296207
mlt,2011,39.57197603
mlt,2012,37.10883825
mlt,2013,39.07299146
mlt,2014,47.09808278
mlt,2015,43.92075684
mlt,2016,42.57872705
mus,2000,1.07034993
mus,2001,1.0381583
mus,2002,1.10502325
mus,2003,1.31866528
mus,2004,1.55411431
mus,2005,1.64017802
mus,2006,1.73520349
mus,2007,1.99277362
mus,2008,2.58599166
mus,2009,2.38622549
mus,2010,2.60461927
mus,2011,2.99960953
mus,2012,3.06873214
mus,2013,11.95768776
mus,2014,20.93863585
mus,2015,26.07687499
mus,2016,33.36297186
nam,2000,67.39974929
nam,2001,56.31754405
nam,2002,51.43093365
nam,2003,79.81559849
nam,2004,101.35145254
nam,2005,137.37637006
nam,2006,150.73017621
nam,2007,82.68048416
nam,2008,69.15661254
nam,2009,83.42651438
nam,2010,116.79438785
nam,2011,135.77552743
nam,2012,142.65002986
nam,2013,112.71886949
nam,2014,92.91246585
nam,2015,140.49967784
nam,2016,64.85220467
mco,2000,182.82089495
mco,2001,186.22005374
mco,2002,203.76775534
mco,2003,292.40581105
mco,2004,339.48488879
mco,2005,345.47853456
mco,2006,352.04201722
mco,2007,387.94521798
mco,2008,453.36622259
mco,2009,447.35522631
mco,2010,444.29282603
mco,2011,464.24273649
mco,2012,447.13814101
mco,2013,487.33953114
mco,2014,506.72837263
mco,2015,434.0249797
mco,2016,393.44491299
nld,2000,319.07818653
nld,2001,358.10058113
nld,2002,430.27055808
nld,2003,541.36957725
nld,2004,656.31783638
nld,2005,775.63168002
nld,2006,261.96957565
nld,2007,306.21479738
nld,2008,326.82332029
nld,2009,331.55994431
nld,2010,317.84272323
nld,2011,361.06392754
nld,2012,341.02126175
nld,2013,335.4431621
nld,2014,338.33096357
nld,2015,277.17602547
nld,2016,290.93692679
nga,2000,1.255e-05
nga,2001,1.771e-05
nga,2002,1.924e-05
nga,2003,1.98e-05
nga,2004,2.253e-05
nga,2005,2.523e-05
nga,2006,2.717e-05
nga,2007,3.82e-05
nga,2008,3.941e-05
nga,2009,3.983e-05
nga,2010,0.00032013
nga,2011,0.01784799
nga,2012,0.01912124
nga,2013,0.03512749
nga,2014,0.0509967
nga,2015,0.56149032
nga,2016,0.51192556
pak,2000,0.0475461
pak,2001,0.04433587
pak,2002,0.04759659
pak,2003,0.05278492
pak,2004,0.05930068
pak,2005,0.06553078
pak,2006,0.07435365
pak,2007,0.11074729
pak,2008,0.12610773
pak,2009,0.12443128
pak,2010,0.13378596
pak,2011,0.17018338
pak,2012,0.19107993
pak,2013,0.19637465
pak,2014,0.21739197
pak,2015,0.29464583
pak,2016,0.39838438
qat,2000,62.94398558
qat,2001,62.76484558
qat,2002,70.52961889
qat,2003,77.78035573
qat,2004,83.00852198
qat,2005,85.66186602
qat,2006,86.23878221
qat,2007,86.14470346
qat,2008,86.75325646
qat,2009,89.11241137
qat,2010,92.46651613
qat,2011,88.52326719
qat,2012,121.63315266
qat,2013,125.50475164
qat,2014,133.75163254
qat,2015,154.07607507
qat,2016,161.58378715
plw,2000,34.85192699
plw,2001,34.44061534
plw,2002,38.94064575
plw,2003,43.11377157
plw,2004,48.65875581
plw,2005,59.10392846
plw,2006,70.63408455
plw,2007,81.03002585
plw,2008,83.73535693
plw,2009,88.96981614
plw,2010,90.67189057
plw,2011,90.82344289
plw,2012,91.94778399
plw,2013,98.4808652
plw,2014,101.78353086
plw,2015,116.71035325
plw,2016,126.12100637
rwa,2000,0.04987872
rwa,2001,0.07303801
rwa,2002,0.09438577
rwa,2003,0.10090396
rwa,2004,0.10997515
rwa,2005,0.1326425
rwa,2006,1.22722712
rwa,2007,1.38711678
rwa,2008,1.82219065
rwa,2009,1.98420533
rwa,2010,2.07272482
rwa,2011,2.25709379
rwa,2012,2.4524437
rwa,2013,2.44101196
rwa,2014,2.50571288
rwa,2015,1.18020909
rwa,2016,1.13034306
sle,2000,0.11676518
sle,2001,0.12663773
sle,2002,0.13915899
sle,2003,0.13851303
sle,2004,0.13788386
sle,2005,0.1627485
sle,2006,0.27142643
sle,2007,0.10453842
sle,2008,0.10785751
sle,2009,0.10005181
sle,2010,0.09223123
sle,2011,0.12995671
sle,2012,0.15333865
sle,2013,0.23275029
sle,2014,0.21711144
sle,2015,0.18123279
sle,2016,0.15680699
svn,2000,103.87567578
svn,2001,121.75080648
svn,2002,125.43373288
svn,2003,167.11525172
svn,2004,185.59319043
svn,2005,182.54444445
svn,2006,210.07584852
svn,2007,248.39504029
svn,2008,279.81279766
svn,2009,280.45261229
svn,2010,262.71336235
svn,2011,285.97645769
svn,2012,286.66625509
svn,2013,308.11619472
svn,2014,303.54160901
svn,2015,256.92726414
svn,2016,257.4682299
tkm,2000,2.55494394
tkm,2001,5.05620477
tkm,2002,5.40103571
tkm,2003,8.86981182
tkm,2004,15.36489289
tkm,2005,16.98745095
tkm,2006,19.06411707
tkm,2007,12.96840207
tkm,2008,13.36654
tkm,2009,9.15995091
tkm,2010,10.4983286
tkm,2011,12.72060274
tkm,2012,14.51340742
tkm,2013,16.76624206
tkm,2014,19.9056105
tkm,2015,19.19525898
tkm,2016,21.47869582
uzb,2004,0.02758055
uzb,2005,0.03092023
uzb,2006,0.03586088
uzb,2007,0.04766084
uzb,2008,0.05775471
uzb,2009,0.06984394
uzb,2010,0.07716833
uzb,2011,0.08919982
uzb,2012,0.1130063
uzb,2013,0.12327359
uzb,2014,0.13029665
uzb,2015,0.13236229
uzb,2016,0.15506714
tgo,2000,0.7430697
tgo,2001,0.77480558
tgo,2002,0.83181463
tgo,2003,0.92387659
tgo,2004,1.03726442
tgo,2005,1.03721494
tgo,2006,1.02447229
tgo,2007,1.22095572
tgo,2008,1.42905783
tgo,2009,1.34045398
tgo,2010,1.35068813
tgo,2011,1.64670106
tgo,2012,1.50532638
tgo,2013,1.73554516
tgo,2014,2.47120776
tgo,2015,1.59789144
tgo,2016,2.23595101
vut,2000,1.34885195
vut,2001,1.25113074
vut,2002,1.72300144
vut,2003,1.96267843
vut,2004,2.18997984
vut,2005,2.24628086
vut,2006,2.28781757
vut,2007,2.52979887
vut,2008,2.71333643
vut,2009,2.74979382
vut,2010,3.25917841
vut,2011,3.57718819
vut,2012,3.50332077
vut,2013,3.50909674
vut,2014,3.53764833
vut,2015,3.31904874
vut,2016,3.39999811
