country,year,sha11_fs_6_1_current_us_per_capita
atg,2000,103.60037009
atg,2001,116.4055999
atg,2002,113.52741005
atg,2003,127.11977669
atg,2004,129.61724996
atg,2005,154.87725073
atg,2006,179.98652244
atg,2007,207.72613806
atg,2008,198.55212811
atg,2009,138.57592967
atg,2010,161.09649756
atg,2011,166.73573457
atg,2012,182.72936752
atg,2013,178.07491004
atg,2014,188.10582011
atg,2015,166.18732013
atg,2016,200.57050603
arg,2000,205.24354727
arg,2001,197.92926819
arg,2002,66.77300641
arg,2003,73.66724325
arg,2004,85.58005732
arg,2005,128.98419403
arg,2006,141.38601576
arg,2007,161.49187659
arg,2008,177.98850121
arg,2009,167.41741067
arg,2010,175.63767236
arg,2011,192.32477923
arg,2012,164.83573306
arg,2013,175.09869416
arg,2014,158.82157882
arg,2015,175.91610266
arg,2016,150.90443663
brb,2000,238.029348
brb,2001,237.29244498
brb,2002,244.94986621
brb,2003,283.10575471
brb,2004,309.91301167
brb,2005,330.93720436
brb,2006,357.17269235
brb,2007,377.62715298
brb,2008,396.22431972
brb,2009,416.27918415
brb,2010,417.97615767
brb,2011,483.12821332
brb,2012,491.62775006
brb,2013,523.15718225
brb,2014,523.18525691
brb,2015,523.9363736
brb,2016,525.79010081
bhs,2000,231.62912484
bhs,2001,230.92021707
bhs,2002,271.70660862
bhs,2003,304.04185643
bhs,2004,344.15830042
bhs,2005,410.02402437
bhs,2006,449.63225441
bhs,2007,511.20562735
bhs,2008,504.76660281
bhs,2009,464.97734292
bhs,2010,471.13338063
bhs,2011,471.94517798
bhs,2012,499.94758614
bhs,2013,485.10232213
bhs,2014,507.6288239
bhs,2015,467.89612189
bhs,2016,508.64959921
bra,2000,114.04063698
bra,2001,101.35553888
bra,2002,88.75771479
bra,2003,88.86644866
bra,2004,104.10227228
bra,2005,137.51627967
bra,2006,166.16007985
bra,2007,198.51857569
bra,2008,217.42772597
bra,2009,224.09894773
bra,2010,477.83818207
bra,2011,555.33791594
bra,2012,539.38460864
bra,2013,549.908159
bra,2014,580.37847555
bra,2015,448.11255546
bra,2016,442.54344287
blz,2000,52.16020055
blz,2001,53.3758981
blz,2002,55.81489363
blz,2003,56.81269275
blz,2004,57.3728037
blz,2005,56.3406136
blz,2006,54.39437036
blz,2007,56.48325944
blz,2008,58.93880751
blz,2009,60.42767632
blz,2010,60.04203876
blz,2011,59.23594741
blz,2012,61.15217953
blz,2013,66.28779625
blz,2014,67.33125956
blz,2015,68.22844914
blz,2016,69.43649613
bol,2000,14.25219397
bol,2001,14.68701759
bol,2002,14.57687863
bol,2003,14.66550408
bol,2004,14.88665741
bol,2005,15.82624165
bol,2006,17.62261197
bol,2007,18.96811958
bol,2008,22.99352434
bol,2009,26.01596854
bol,2010,32.21240382
bol,2011,37.37756845
bol,2012,44.35530222
bol,2013,54.42169859
bol,2014,53.22501696
bol,2015,51.1332496
bol,2016,59.68984135
can,2000,331.87744218
can,2001,327.18504409
can,2002,342.17037345
can,2003,389.14492326
can,2004,445.39600458
can,2005,504.52647994
can,2006,587.77387336
can,2007,641.28256727
can,2008,676.03586874
can,2009,644.79592862
can,2010,772.70513636
can,2011,778.36483808
can,2012,775.78379078
can,2013,762.54717469
can,2014,732.18456058
can,2015,651.18918269
can,2016,651.67248276
chl,2000,153.63098506
chl,2001,140.05002733
chl,2002,137.78576937
chl,2003,150.14284674
chl,2004,179.35181448
chl,2005,213.09789668
chl,2006,233.25955639
chl,2007,254.74635849
chl,2008,272.01279574
chl,2009,255.42562282
chl,2010,300.30384388
chl,2011,343.55700396
chl,2012,361.95909147
chl,2013,399.22030441
chl,2014,395.75181028
chl,2015,393.45201892
chl,2016,413.95317941
cod,2000,10.15555015
cod,2001,4.23704098
cod,2002,3.21067987
cod,2003,4.419736
cod,2004,6.07086446
cod,2005,6.36697773
cod,2006,7.62120167
cod,2007,7.89676416
cod,2008,8.14327975
cod,2009,6.1648022
cod,2010,4.76371959
cod,2011,4.90823485
cod,2012,5.64840493
cod,2013,6.44201534
cod,2014,7.5043997
cod,2015,7.39299124
cod,2016,7.68059156
col,2000,17.84410277
col,2001,17.97597933
col,2002,14.73408986
col,2003,10.83901573
col,2004,21.35123895
col,2005,33.48963666
col,2006,41.8896688
col,2007,58.05332682
col,2008,76.95395478
col,2009,67.39725029
col,2010,81.60277815
col,2011,88.86729095
col,2012,96.50335205
col,2013,97.62560599
col,2014,93.52795006
col,2015,71.29194319
col,2016,68.60731893
dom,2000,75.60709993
dom,2001,77.12116469
dom,2002,77.41808552
dom,2003,61.51928815
dom,2004,65.19398016
dom,2005,90.17398698
dom,2006,88.50193859
dom,2007,92.42668598
dom,2008,101.88760208
dom,2009,107.20522697
dom,2010,131.59834632
dom,2011,138.63257073
dom,2012,150.67406527
dom,2013,148.19169461
dom,2014,157.71455216
dom,2015,167.52753623
dom,2016,184.79042474
dma,2000,83.74925257
dma,2001,93.28886534
dma,2002,93.43513421
dma,2003,97.23897716
dma,2004,107.72195778
dma,2005,109.36416275
dma,2006,112.62182511
dma,2007,130.29441391
dma,2008,154.57737971
dma,2009,154.43938767
dma,2010,140.92098264
dma,2011,134.27074974
dma,2012,140.91764374
dma,2013,139.5737321
dma,2014,136.67729483
dma,2015,124.39697971
dma,2016,122.23563856
cri,2000,79.28247814
cri,2001,81.86105546
cri,2002,86.01867926
cri,2003,89.75270971
cri,2004,94.47717638
cri,2005,103.06459853
cri,2006,113.61288491
cri,2007,133.07145762
cri,2008,153.26367956
cri,2009,142.16096724
cri,2010,168.86951096
cri,2011,194.65284798
cri,2012,193.61910825
cri,2013,193.15746377
cri,2014,204.56122825
cri,2015,201.41805906
cri,2016,196.82947236
ecu,2000,30.72392212
ecu,2001,43.57042517
ecu,2002,61.1992295
ecu,2003,82.39525024
ecu,2004,91.78626207
ecu,2005,106.22317073
ecu,2006,116.48486341
ecu,2007,113.05517677
ecu,2008,129.6412502
ecu,2009,139.33440086
ecu,2010,157.61960911
ecu,2011,186.65966501
ecu,2012,210.964362
ecu,2013,220.2847522
ecu,2014,231.52701182
ecu,2015,231.72167532
ecu,2016,204.34458984
slv,2000,92.71211219
slv,2001,92.95691371
slv,2002,92.08284493
slv,2003,90.59647143
slv,2004,89.15515079
slv,2005,87.74314513
slv,2006,68.68678463
slv,2007,75.61467747
slv,2008,78.06489402
slv,2009,79.83998113
slv,2010,80.78348954
slv,2011,81.54947227
slv,2012,83.10232388
slv,2013,76.6304733
slv,2014,78.16991337
slv,2015,78.89136406
slv,2016,79.81833132
grd,2000,162.62014285
grd,2001,161.26269717
grd,2002,166.65179381
grd,2003,163.88549722
grd,2004,147.92301653
grd,2005,168.8628278
grd,2006,182.6949709
grd,2007,212.40196909
grd,2008,238.42329773
grd,2009,229.25313708
grd,2010,235.69647583
grd,2011,237.13855183
grd,2012,242.66402901
grd,2013,254.57494432
grd,2014,259.80054434
grd,2015,262.54484767
grd,2016,298.36816027
gtm,2000,49.52537043
gtm,2001,62.56051689
gtm,2002,67.05502112
gtm,2003,70.01201108
gtm,2004,73.40081968
gtm,2005,82.67824159
gtm,2006,91.48215549
gtm,2007,97.57152541
gtm,2008,103.20447272
gtm,2009,95.73652788
gtm,2010,102.42518369
gtm,2011,111.4238333
gtm,2012,115.7433759
gtm,2013,114.34714536
gtm,2014,122.16966394
gtm,2015,125.13481647
gtm,2016,128.73308854
guy,2000,7.26800151
guy,2001,7.38469802
guy,2002,7.34862513
guy,2003,10.89396493
guy,2004,11.17684016
guy,2005,14.61071423
guy,2006,28.63495023
guy,2007,37.2698391
guy,2008,43.579706
guy,2009,50.6496119
guy,2010,59.86890072
guy,2011,70.68956028
guy,2012,77.49743443
guy,2013,83.29471366
guy,2014,80.93345147
guy,2015,74.71558503
guy,2016,67.40445497
hti,2000,13.08343215
hti,2001,12.04606833
hti,2002,10.49840489
hti,2003,8.72715051
hti,2004,10.91957087
hti,2005,11.36936047
hti,2006,12.28229177
hti,2007,14.79383359
hti,2008,15.32370549
hti,2009,15.98966487
hti,2010,18.20071566
hti,2011,19.66187359
hti,2012,20.89874604
hti,2013,21.08926452
hti,2014,19.81309864
hti,2015,17.48705844
hti,2016,15.74259623
hnd,2000,31.7254619
hnd,2001,35.60280842
hnd,2002,37.07380418
hnd,2003,38.95888313
hnd,2004,42.24471359
hnd,2005,48.69977666
hnd,2006,56.7600155
hnd,2007,64.56888656
hnd,2008,78.00080437
hnd,2009,73.34550639
hnd,2010,78.02124963
hnd,2011,85.38095182
hnd,2012,94.02262085
hnd,2013,89.22608666
hnd,2014,86.42127047
hnd,2015,88.77075929
hnd,2016,89.82075681
jam,2000,56.68646401
jam,2001,68.04054357
jam,2002,46.09871385
jam,2003,50.72059925
jam,2004,49.36718744
jam,2005,54.27044182
jam,2006,52.62537546
jam,2007,76.44530852
jam,2008,71.61212278
jam,2009,58.40135472
jam,2010,58.01062464
jam,2011,58.04527924
jam,2012,55.37952883
jam,2013,48.34396656
jam,2014,53.71266282
jam,2015,52.75493224
jam,2016,66.34861212
kor,2000,206.80964169
kor,2001,213.96222056
kor,2002,223.60730967
kor,2003,263.12642183
kor,2004,287.21377006
kor,2005,350.00122564
kor,2006,399.25533368
kor,2007,456.16776417
kor,2008,438.66885447
kor,2009,391.00617849
kor,2010,477.02661969
kor,2011,527.73261124
kor,2012,550.89936731
kor,2013,592.81089175
kor,2014,654.99287358
kor,2015,655.04509197
kor,2016,680.81667604
mkd,2000,69.22160016
mkd,2001,64.48919406
mkd,2002,74.51288268
mkd,2003,95.11955386
mkd,2004,99.5229849
mkd,2005,96.12966929
mkd,2006,90.89768785
mkd,2007,98.94108662
mkd,2008,100.61535443
mkd,2009,103.20760975
mkd,2010,115.34322609
mkd,2011,118.12090009
mkd,2012,109.54151016
mkd,2013,118.06447648
mkd,2014,120.29333451
mkd,2015,105.67927114
mkd,2016,116.08636732
nic,2000,23.36820554
nic,2001,23.23810741
nic,2002,26.22650519
nic,2003,23.90047457
nic,2004,27.46329122
nic,2005,28.65107705
nic,2006,33.12440912
nic,2007,39.22469136
nic,2008,44.53007592
nic,2009,43.1306224
nic,2010,44.12315895
nic,2011,47.43148437
nic,2012,50.50582023
nic,2013,52.06042061
nic,2014,55.67527871
nic,2015,59.07141458
nic,2016,60.63028608
mex,2000,161.70176697
mex,2001,189.08488647
mex,2002,203.97925174
mex,2003,223.46426694
mex,2004,233.7183411
mex,2005,257.72171537
mex,2006,269.37757118
mex,2007,284.94717378
mex,2008,240.99463405
mex,2009,199.06765096
mex,2010,225.05511016
mex,2011,222.83979742
mex,2012,228.87264741
mex,2013,240.94679445
mex,2014,238.10703134
mex,2015,211.06526234
mex,2016,186.46113156
mda,2000,10.08544122
mda,2001,13.19233961
mda,2002,15.78122784
mda,2003,18.56834807
mda,2004,24.6607072
mda,2005,33.92547249
mda,2006,46.50182131
mda,2007,61.08439024
mda,2008,89.85208594
mda,2009,95.04575297
mda,2010,80.17191647
mda,2011,96.30451909
mda,2012,94.40711835
mda,2013,98.63284247
mda,2014,88.49746325
mda,2015,86.11016404
mda,2016,79.24390104
pan,2000,78.25776312
pan,2001,80.21654781
pan,2002,85.28521468
pan,2003,85.07822686
pan,2004,94.5212762
pan,2005,98.15443141
pan,2006,104.89624727
pan,2007,120.08888198
pan,2008,138.28581894
pan,2009,150.94771867
pan,2010,164.37373292
pan,2011,188.20416087
pan,2012,240.29549386
pan,2013,255.33234983
pan,2014,269.42897567
pan,2015,280.9882343
pan,2016,285.40613492
nzl,2000,161.89456964
nzl,2001,178.2487181
nzl,2002,200.11650214
nzl,2003,248.1439494
nzl,2004,279.82891724
nzl,2005,322.93486224
nzl,2006,318.54360729
nzl,2007,309.17494866
nzl,2008,375.75322809
nzl,2009,333.73008112
nzl,2010,384.5995923
nzl,2011,438.70519437
nzl,2012,466.88656225
nzl,2013,489.34536447
nzl,2014,532.59081187
nzl,2015,478.75863102
nzl,2016,508.43495698
per,2000,34.57926539
per,2001,34.95668776
per,2002,35.39688192
per,2003,32.63414797
per,2004,39.40751537
per,2005,42.67680173
per,2006,55.64126369
per,2007,68.01851582
per,2008,83.20733946
per,2009,83.95429515
per,2010,94.46833811
per,2011,105.0616154
per,2012,117.8198325
per,2013,110.45896169
per,2014,102.62059903
per,2015,90.90002016
per,2016,89.5135645
pry,2000,40.73717904
pry,2001,37.28596289
pry,2002,27.45728765
pry,2003,28.41534405
pry,2004,35.57360786
pry,2005,38.00092621
pry,2006,47.04524437
pry,2007,61.78697183
pry,2008,88.06698649
pry,2009,73.01895794
pry,2010,92.32947136
pry,2011,114.60706069
pry,2012,112.32438712
pry,2013,124.1415697
pry,2014,133.57018355
pry,2015,117.24469
pry,2016,123.88394444
kna,2000,234.46440187
kna,2001,223.69406006
kna,2002,235.6185699
kna,2003,238.71250887
kna,2004,218.94591926
kna,2005,255.29949844
kna,2006,326.53822093
kna,2007,339.34423576
kna,2008,466.19667364
kna,2009,439.97612812
kna,2010,435.84725745
kna,2011,460.87500588
kna,2012,413.15265033
kna,2013,420.07174189
kna,2014,435.79475772
kna,2015,443.9192878
kna,2016,479.41439189
png,2000,1.7679206
png,2001,1.61680312
png,2002,1.81720133
png,2003,1.96739836
png,2004,2.24008419
png,2005,2.33247881
png,2006,2.53976448
png,2007,2.71304656
png,2008,3.19256775
png,2009,4.04822845
png,2010,5.19020432
png,2011,6.94677766
png,2012,7.04748334
png,2013,5.51614458
png,2014,4.21146045
png,2015,4.45750894
png,2016,4.33108096
sur,2000,25.92810667
sur,2001,25.53228
sur,2002,37.42035627
sur,2003,40.75594577
sur,2004,45.79364005
sur,2005,52.48112952
sur,2006,59.05262257
sur,2007,62.80889491
sur,2008,84.64633277
sur,2009,87.16926701
sur,2010,98.49396504
sur,2011,106.84079802
sur,2012,120.2739967
sur,2013,127.01762302
sur,2014,134.20153693
sur,2015,118.39830557
sur,2016,77.74878548
lca,2000,164.4855684
lca,2001,163.95236119
lca,2002,172.61188861
lca,2003,191.57357351
lca,2004,179.93177304
lca,2005,188.56228749
lca,2006,240.0955879
lca,2007,286.8104388
lca,2008,271.58670689
lca,2009,226.43709246
lca,2010,259.31688866
lca,2011,283.82965895
lca,2012,260.29398188
lca,2013,253.64794656
lca,2014,274.14203136
lca,2015,257.90245099
lca,2016,238.51805285
vct,2000,22.92499501
vct,2001,26.09905216
vct,2002,27.88030379
vct,2003,30.15658446
vct,2004,34.16733621
vct,2005,36.52491342
vct,2006,40.17552863
vct,2007,47.67515129
vct,2008,47.78698911
vct,2009,47.57685779
vct,2010,48.69104406
vct,2011,48.04263048
vct,2012,50.42596929
vct,2013,53.02326503
vct,2014,54.01316246
vct,2015,50.50459093
vct,2016,51.29636217
tza,2000,4.75506266
tza,2001,6.22160925
tza,2002,7.24609004
tza,2003,8.14707424
tza,2004,8.73089028
tza,2005,9.28925404
tza,2006,9.09759977
tza,2007,10.19840177
tza,2008,11.62647324
tza,2009,11.38458149
tza,2010,11.5156529
tza,2011,12.06624091
tza,2012,10.00821265
tza,2013,10.09791401
tza,2014,9.97803896
tza,2015,8.28935801
tza,2016,7.77216801
tto,2000,158.86683813
tto,2001,145.793999
tto,2002,176.78969419
tto,2003,181.63466999
tto,2004,238.08179939
tto,2005,255.69903151
tto,2006,292.48338909
tto,2007,342.98926949
tto,2008,366.26228856
tto,2009,385.01878471
tto,2010,401.20272845
tto,2011,408.87187596
tto,2012,418.52333975
tto,2013,439.19118405
tto,2014,454.25273726
tto,2015,460.77618974
tto,2016,426.39115828
are,2000,172.65197822
are,2001,116.41565035
are,2002,238.6196397
are,2003,241.45457158
are,2004,270.72693189
are,2005,275.79884669
are,2006,292.73751373
are,2007,316.15154438
are,2008,336.83907426
are,2009,215.6543786
are,2010,243.88723198
are,2011,250.55397414
are,2012,241.29840114
are,2013,266.9974987
are,2014,287.30704741
are,2015,249.40635045
are,2016,245.64157976
gbr,2000,194.16780339
gbr,2001,199.07529479
gbr,2002,223.19486128
gbr,2003,270.55996577
gbr,2004,292.51499097
gbr,2005,298.00597805
gbr,2006,333.99725923
gbr,2007,390.20120199
gbr,2008,340.72910831
gbr,2009,308.18940056
gbr,2010,324.90191134
gbr,2011,346.23156594
gbr,2012,339.46576705
gbr,2013,619.21252385
gbr,2014,673.03145742
gbr,2015,650.48477462
gbr,2016,598.37424616
usa,2000,705.31163077
usa,2001,723.88419236
usa,2002,762.66957914
usa,2003,812.45816778
usa,2004,849.43688118
usa,2005,893.89543609
usa,2006,917.49195799
usa,2007,964.75374896
usa,2008,973.00245508
usa,2009,959.64081669
usa,2010,971.16677717
usa,2011,996.53265957
usa,2012,1015.94024688
usa,2013,1030.59104293
usa,2014,1038.86801101
usa,2015,1060.59309779
usa,2016,1094.2265076
ven,2000,116.68309683
ven,2001,127.59765106
ven,2002,92.38622031
ven,2003,83.52249679
ven,2004,99.4305325
ven,2005,120.27399219
ven,2006,149.92520746
ven,2007,201.66631594
ven,2008,274.06382662
ven,2009,343.74449748
ven,2010,356.40080174
ven,2011,267.7071647
ven,2012,239.10394024
ven,2013,214.3201649
ven,2014,269.96970971
ven,2015,445.82556632
ury,2000,173.04659512
ury,2001,160.89696822
ury,2002,93.28743307
ury,2003,80.82135388
ury,2004,90.21740147
ury,2005,114.13117957
ury,2006,117.5217793
ury,2007,133.31267603
ury,2008,170.31952113
ury,2009,168.72972681
ury,2010,210.05101509
ury,2011,237.69454273
ury,2012,244.22205175
ury,2013,263.4330226
ury,2014,250.94711589
ury,2015,236.64018981
ury,2016,239.56447811
eth,2000,1.92702511
eth,2001,1.91963419
eth,2002,1.94305355
eth,2003,1.98542922
eth,2004,2.02859101
eth,2005,2.07491062
eth,2006,2.89666637
eth,2007,3.93945206
eth,2008,5.15917861
eth,2009,5.68548268
eth,2010,7.05988758
eth,2011,7.0396951
eth,2012,8.74047442
eth,2013,8.47573423
eth,2014,8.63294456
eth,2015,9.63716022
eth,2016,10.30048978
zwe,2010,30.83472143
zwe,2011,27.00359466
zwe,2012,23.29133766
zwe,2013,20.1443712
zwe,2014,22.07390074
zwe,2015,24.31401467
zwe,2016,19.95587242
egy,2000,45.32025412
egy,2001,45.93889032
egy,2002,42.86177877
egy,2003,34.65330907
egy,2004,34.25504645
egy,2005,40.56903696
egy,2006,42.40135864
egy,2007,46.85127249
egy,2008,59.12020604
egy,2009,63.42517223
egy,2010,69.78984542
egy,2011,74.56603183
egy,2012,90.3098923
egy,2013,85.89864336
egy,2014,90.79529558
egy,2015,97.05074615
egy,2016,81.19811519
sau,2000,70.96791842
sau,2001,69.54695715
sau,2002,67.86477514
sau,2003,68.33234138
sau,2004,72.46149084
sau,2005,77.40428269
sau,2006,85.3218726
sau,2007,98.15502996
sau,2008,115.30883625
sau,2009,126.71458897
sau,2010,133.10155053
sau,2011,137.82836049
sau,2012,154.15245482
sau,2013,159.8959354
sau,2014,168.76824417
sau,2015,178.8755028
sau,2016,164.57833921
dza,2000,15.81278256
dza,2001,14.41059445
dza,2002,14.90531562
dza,2003,15.94979543
dza,2004,24.03680618
dza,2005,28.17625121
dza,2006,33.85102653
dza,2007,42.23954845
dza,2008,53.89229408
dza,2009,56.91546173
dza,2010,65.96736711
dza,2011,79.76047651
dza,2012,85.87483575
dza,2013,91.01616911
dza,2014,95.41023144
dza,2015,81.94641051
dza,2016,80.42392213
vnm,2000,7.00258475
vnm,2001,7.29360211
vnm,2002,7.26331081
vnm,2003,8.26484274
vnm,2004,10.664851
vnm,2005,12.98412721
vnm,2006,15.70301293
vnm,2007,18.36691722
vnm,2008,21.88508117
vnm,2009,23.87961834
vnm,2010,29.25773118
vnm,2011,33.29998174
vnm,2012,44.10533014
vnm,2013,48.92435622
vnm,2014,48.54811793
vnm,2015,50.75618039
vnm,2016,54.75377424
bfa,2000,3.17281728
bfa,2001,3.29357237
bfa,2002,3.33526075
bfa,2003,3.92243523
bfa,2004,5.36095224
bfa,2005,5.55467989
bfa,2006,6.58848743
bfa,2007,7.66106376
bfa,2008,9.22012729
bfa,2009,9.93239217
bfa,2010,10.23046381
bfa,2011,11.46715022
bfa,2012,11.29865015
bfa,2013,14.68838914
bfa,2014,13.49230011
bfa,2015,12.07531744
bfa,2016,12.85284066
bwa,2000,21.81265568
bwa,2001,19.37922415
bwa,2002,17.04672622
bwa,2003,20.71466356
bwa,2004,20.73005274
bwa,2005,18.11299902
bwa,2006,15.01952963
bwa,2007,13.4307306
bwa,2008,13.99918321
bwa,2009,16.55876355
bwa,2010,19.60616562
bwa,2011,21.79249127
bwa,2012,25.12355918
bwa,2013,20.50266369
bwa,2014,21.21419493
bwa,2015,20.48422331
bwa,2016,19.94022985
ben,2000,8.30968171
ben,2001,8.38988118
ben,2002,9.17066602
ben,2003,11.43033535
ben,2004,12.52203213
ben,2005,12.33458021
ben,2006,12.84092246
ben,2007,13.68275393
ben,2008,14.30666945
ben,2009,14.0970778
ben,2010,13.96442478
ben,2011,15.22975331
ben,2012,14.62719235
ben,2013,15.1297818
ben,2014,15.14126415
ben,2015,12.67316064
ben,2016,13.21956248
ago,2000,3.53951581
ago,2001,13.0106924
ago,2002,14.38280781
ago,2003,16.84208482
ago,2004,23.22362287
ago,2005,22.83029761
ago,2006,21.28957058
ago,2007,26.2415538
ago,2008,29.27697627
ago,2009,18.58100444
ago,2010,18.69452215
ago,2011,21.97364594
ago,2012,21.53820102
ago,2013,30.67959693
ago,2014,35.40985396
ago,2015,36.43320095
ago,2016,33.52622452
cmr,2000,20.35725923
cmr,2001,20.73036112
cmr,2002,22.82031507
cmr,2003,28.39160079
cmr,2004,31.64224629
cmr,2005,32.67404477
cmr,2006,34.20256054
cmr,2007,38.77069095
cmr,2008,48.42335923
cmr,2009,43.14031325
cmr,2010,42.29906742
cmr,2011,24.99732544
cmr,2012,44.05977269
cmr,2013,48.02985696
cmr,2014,50.49565529
cmr,2015,44.37678568
cmr,2016,44.80645972
bdi,2000,3.50993248
bdi,2001,3.45208755
bdi,2002,3.26435061
bdi,2003,2.98948927
bdi,2004,3.48925633
bdi,2005,4.45837244
bdi,2006,5.74254585
bdi,2007,6.45355759
bdi,2008,6.51793538
bdi,2009,6.84663326
bdi,2010,7.37104277
bdi,2011,6.34229297
bdi,2012,4.84456175
bdi,2013,4.59679743
bdi,2014,6.1147559
bdi,2015,5.97534201
bdi,2016,5.63339988
caf,2000,4.83231297
caf,2001,4.69465457
caf,2002,4.94316359
caf,2003,5.93912668
caf,2004,6.54929924
caf,2005,6.57820702
caf,2006,6.65480929
caf,2007,7.28364423
caf,2008,7.83036345
caf,2009,7.7947044
caf,2010,7.75762298
caf,2011,8.39904488
caf,2012,8.10694371
caf,2013,7.96758002
caf,2014,7.54274179
caf,2015,6.58964275
caf,2016,7.04798051
cpv,2000,15.66979833
cpv,2001,15.38272229
cpv,2002,16.79746151
cpv,2003,21.05368559
cpv,2004,22.82601671
cpv,2005,24.15427126
cpv,2006,27.48091337
cpv,2007,29.85915467
cpv,2008,31.85738836
cpv,2009,32.12883061
cpv,2010,41.62655839
cpv,2011,40.94049697
cpv,2012,43.1213319
cpv,2013,46.10120777
cpv,2014,48.82767129
cpv,2015,38.23922943
cpv,2016,41.38167299
cog,2000,8.91083943
cog,2001,9.16682154
cog,2002,10.21490863
cog,2003,12.97413777
cog,2004,15.09635129
cog,2005,15.96223047
cog,2006,17.45925784
cog,2007,20.62410573
cog,2008,23.89640201
cog,2009,24.56704356
cog,2010,23.37399422
cog,2011,24.94782145
cog,2012,21.68737666
cog,2013,22.51004197
cog,2014,22.59841071
cog,2015,18.97249073
cog,2016,34.98884572
tcd,2000,5.76426023
tcd,2001,6.88626565
tcd,2002,11.75648147
tcd,2003,8.64795422
tcd,2004,14.43660621
tcd,2005,18.03306467
tcd,2006,22.12818521
tcd,2007,22.69715959
tcd,2008,26.06801028
tcd,2009,23.31602295
tcd,2010,24.65903756
tcd,2011,23.53365419
tcd,2012,22.37237608
tcd,2013,23.58473169
tcd,2014,24.53305374
tcd,2015,20.0505562
tcd,2016,19.3778402
com,2000,37.40943873
com,2001,36.24758033
com,2002,38.04968911
com,2003,45.55791633
com,2004,50.04587204
com,2005,50.04432156
com,2006,50.39869906
com,2007,54.8914569
com,2008,58.64287058
com,2009,55.51255861
com,2010,52.82506598
com,2011,55.33898524
com,2012,51.04903033
com,2013,52.63120348
com,2014,52.48242414
com,2015,43.79683988
com,2016,43.14961187
gnq,2000,28.93068126
gnq,2001,39.44556848
gnq,2002,52.41109504
gnq,2003,74.77874328
gnq,2004,94.10526017
gnq,2005,104.83843435
gnq,2006,115.20746002
gnq,2007,138.99714915
gnq,2008,164.19456065
gnq,2009,171.09092205
gnq,2010,180.51453498
gnq,2011,196.50710175
gnq,2012,195.33254805
gnq,2013,235.25458546
gnq,2014,240.97404804
gnq,2015,201.81018678
gnq,2016,204.93724714
est,2000,42.70728051
est,2001,41.32051157
est,2002,51.49590774
est,2003,71.91778224
est,2004,96.40170242
est,2005,104.8728749
est,2006,156.64500923
est,2007,185.08338867
est,2008,215.20242581
est,2009,195.85562302
est,2010,203.10925877
est,2011,218.75434577
est,2012,218.04649964
est,2013,258.71342601
est,2014,279.88545793
est,2015,253.33082519
est,2016,268.90384832
civ,2000,21.31352839
civ,2001,17.51352703
civ,2002,15.61434067
civ,2003,21.24610794
civ,2004,26.5214361
civ,2005,30.11523475
civ,2006,34.40842865
civ,2007,42.48388093
civ,2008,46.59099697
civ,2009,44.85292232
civ,2010,43.56358626
civ,2011,44.20814593
civ,2012,40.41590951
civ,2013,41.07595284
civ,2014,41.34324649
civ,2015,27.17703696
civ,2016,27.12768263
gab,2000,67.66497417
gab,2001,63.67523901
gab,2002,73.87553723
gab,2003,86.67155917
gab,2004,94.60221845
gab,2005,103.12231608
gab,2006,113.05517889
gab,2007,132.59968621
gab,2008,146.57555754
gab,2009,148.89445078
gab,2010,55.27434023
gab,2011,76.00934449
gab,2012,66.26781324
gab,2013,78.6276804
gab,2014,69.05455314
gab,2015,51.27690273
gab,2016,49.6086028
fra,2000,156.85766695
fra,2001,160.71129085
fra,2002,174.04130129
fra,2003,221.26665856
fra,2004,250.17111173
fra,2005,263.33686645
fra,2006,348.45546561
fra,2007,399.36397323
fra,2008,472.29725421
fra,2009,473.37474037
fra,2010,463.80138382
fra,2011,503.3298002
fra,2012,471.24595643
fra,2013,488.33654662
fra,2014,494.79176658
fra,2015,411.11131759
fra,2016,415.94394399
grc,2000,321.1728779
grc,2001,349.17322055
grc,2002,434.83815052
grc,2003,548.59555246
grc,2004,644.56572177
grc,2005,735.76952443
grc,2006,763.46278515
grc,2007,942.66591401
grc,2008,1184.16755379
grc,2009,825.43505014
grc,2010,723.95509299
grc,2011,727.81753169
grc,2012,593.2545546
grc,2013,617.94153924
grc,2014,631.73410937
grc,2015,533.6056646
grc,2016,518.8187856
deu,2000,281.97925937
deu,2001,283.19561451
deu,2002,316.49444087
deu,2003,396.36099026
deu,2004,475.31057555
deu,2005,495.051425
deu,2006,528.80096763
deu,2007,595.61974611
deu,2008,647.89338498
deu,2009,639.97550268
deu,2010,639.49474948
deu,2011,696.69543177
deu,2012,660.25021436
deu,2013,663.59222863
deu,2014,665.45722509
deu,2015,584.55872751
deu,2016,585.02057791
gin,2000,9.14975475
gin,2001,8.56757608
gin,2002,9.01361617
gin,2003,8.99620853
gin,2004,9.85650511
gin,2005,7.83775304
gin,2006,7.96277868
gin,2007,12.41726131
gin,2008,12.0786915
gin,2009,12.45507209
gin,2010,12.68115238
gin,2011,13.97712995
gin,2012,14.31693959
gin,2013,15.55613399
gin,2014,20.77769633
gin,2015,20.85158962
gin,2016,18.64044623
lbn,2000,329.20179108
lbn,2001,299.31582159
lbn,2002,268.59875494
lbn,2003,239.58096231
lbn,2004,214.16355174
lbn,2005,192.61855144
lbn,2006,210.07638571
lbn,2007,229.23601715
lbn,2008,248.39826851
lbn,2009,264.2953605
lbn,2010,287.37796992
lbn,2011,285.96159359
lbn,2012,234.12749236
lbn,2013,224.79951511
lbn,2014,232.56832188
lbn,2015,223.21478881
lbn,2016,212.78758288
lso,2000,10.10143829
lso,2001,8.49935424
lso,2002,7.33101674
lso,2003,10.75921456
lso,2004,13.22560384
lso,2005,14.35432954
lso,2006,14.75864177
lso,2007,16.11829295
lso,2008,15.45525451
lso,2009,16.31748248
lso,2010,20.62023296
lso,2011,21.48894881
lso,2012,21.26472319
lso,2013,18.37547323
lso,2014,18.06264587
lso,2015,15.31964602
lso,2016,16.15073119
mdg,2000,4.84849434
mdg,2001,5.00316007
mdg,2002,5.24664106
mdg,2003,6.32305776
mdg,2004,4.65518437
mdg,2005,5.38288179
mdg,2006,5.439184
mdg,2007,6.55877086
mdg,2008,8.27482014
mdg,2009,7.85719134
mdg,2010,8.01486318
mdg,2011,6.71966328
mdg,2012,6.36482379
mdg,2013,6.58691867
mdg,2014,6.20502727
mdg,2015,5.58425748
mdg,2016,5.39266633
lux,2000,412.41963353
lux,2001,424.2734656
lux,2002,496.79732124
lux,2003,609.34665198
lux,2004,715.48488133
lux,2005,751.88144756
lux,2006,811.31730463
lux,2007,686.72620745
lux,2008,759.46140268
lux,2009,755.98495254
lux,2010,762.53601456
lux,2011,779.63650398
lux,2012,740.57392802
lux,2013,773.84366109
lux,2014,837.71881646
lux,2015,698.73067767
lux,2016,704.54269707
kaz,2000,24.51746148
kaz,2001,21.83686894
kaz,2002,27.05761157
kaz,2003,33.575325
kaz,2004,45.84543838
kaz,2005,49.35111223
kaz,2006,54.52710562
kaz,2007,58.63789435
kaz,2008,62.23756829
kaz,2009,57.124056
kaz,2010,68.22687049
kaz,2011,81.62425013
kaz,2012,105.32545845
kaz,2013,95.04773419
kaz,2014,89.6450434
kaz,2015,101.37441883
kaz,2016,93.17267845
mdv,2000,139.30583234
mdv,2001,131.93294123
mdv,2002,128.234665
mdv,2003,126.98476572
mdv,2004,175.97490939
mdv,2005,179.27456852
mdv,2006,193.32734736
mdv,2007,218.0609011
mdv,2008,249.96924281
mdv,2009,229.1409375
mdv,2010,241.54468504
mdv,2011,232.53699604
mdv,2012,208.62714783
mdv,2013,218.33379188
mdv,2014,201.51299539
mdv,2015,166.58607789
mdv,2016,200.14516143
mhl,2000,42.25203704
mhl,2001,43.43627235
mhl,2002,46.99934813
mhl,2003,48.70026479
mhl,2004,52.01286631
mhl,2005,54.73138027
mhl,2006,57.0634817
mhl,2007,61.22287435
mhl,2008,65.00220231
mhl,2009,64.45382263
mhl,2010,69.09155937
mhl,2011,72.25244566
mhl,2012,72.74971042
mhl,2013,73.09315629
mhl,2014,73.71191727
mhl,2015,74.34084991
mhl,2016,76.65925451
mrt,2000,17.26736221
mrt,2001,17.23573131
mrt,2002,17.32414108
mrt,2003,19.12922273
mrt,2004,20.91476342
mrt,2005,21.43166473
mrt,2006,22.41786664
mrt,2007,24.6430126
mrt,2008,28.05819724
mrt,2009,26.24967166
mrt,2010,25.74955231
mrt,2011,26.27715887
mrt,2012,25.79384954
mrt,2013,26.35746114
mrt,2014,26.73806686
mrt,2015,25.86083664
mrt,2016,23.80808677
mar,2000,28.99731944
mar,2001,29.73852435
mar,2002,33.87114602
mar,2003,43.29851338
mar,2004,51.91861564
mar,2005,57.67463703
mar,2006,64.54918025
mar,2007,75.30896838
mar,2008,86.47292642
mar,2009,90.3137901
mar,2010,93.79866385
mar,2011,97.24863932
mar,2012,90.80423271
mar,2013,92.80576687
mar,2014,94.44792562
mar,2015,81.99302171
mar,2016,83.35189889
mmr,2000,2.87014537
mmr,2001,2.97512068
mmr,2002,4.35544638
mmr,2003,4.08591631
mmr,2004,4.13176201
mmr,2005,4.71081122
mmr,2006,4.74229337
mmr,2007,6.07936892
mmr,2008,9.04502022
mmr,2009,11.46482315
mmr,2010,12.17689042
mmr,2011,15.78798575
mmr,2012,16.12295206
mmr,2013,15.28240927
mmr,2014,46.2606508
mmr,2015,43.69824101
mmr,2016,45.94994407
rus,2000,28.82455443
rus,2001,36.3726062
rus,2002,43.94018919
rus,2003,54.80447956
rus,2004,70.73917949
rus,2005,86.85046981
rus,2006,109.79976725
rus,2007,145.25208903
rus,2008,192.40546019
rus,2009,178.68557416
rus,2010,200.4302744
rus,2011,234.14739278
rus,2012,253.84493053
rus,2013,282.54862014
rus,2014,265.9288464
rus,2015,193.94792246
rus,2016,189.9259893
ner,2000,5.50959288
ner,2001,5.63050233
ner,2002,6.23093326
ner,2003,7.86191726
ner,2004,9.09861499
ner,2005,9.58327772
ner,2006,10.16367102
ner,2007,11.65566476
ner,2008,13.10922217
ner,2009,13.06170576
ner,2010,13.08014141
ner,2011,14.41763824
ner,2012,13.93859409
ner,2013,13.98398151
ner,2014,13.75047912
ner,2015,13.44555793
ner,2016,13.27211361
srb,2000,16.73021899
srb,2001,31.96471942
srb,2002,41.29376404
srb,2003,57.47532834
srb,2004,74.9006455
srb,2005,91.71095512
srb,2006,122.02000152
srb,2007,189.94549784
srb,2008,236.17327428
srb,2009,202.36456048
srb,2010,198.49976835
srb,2011,225.37484006
srb,2012,198.34316242
srb,2013,237.62563114
srb,2014,243.20705829
srb,2015,199.38795712
srb,2016,200.25665749
smr,2000,543.28881458
smr,2001,524.84718097
smr,2002,552.3359984
smr,2003,580.73794397
smr,2004,663.00296384
smr,2005,652.72589155
smr,2006,667.89567147
smr,2007,744.11111466
smr,2008,840.61957448
smr,2009,792.40459591
smr,2010,703.5031101
smr,2011,748.21883172
smr,2012,678.23040064
smr,2013,711.78183072
smr,2014,705.49726343
smr,2015,595.16719699
smr,2016,566.11694144
sdn,2000,10.74681718
sdn,2001,11.78515889
sdn,2002,12.81865082
sdn,2003,17.66399528
sdn,2004,20.97567518
sdn,2005,25.45707684
sdn,2006,39.03211262
sdn,2007,60.47494898
sdn,2008,66.57728452
sdn,2009,58.15513334
sdn,2010,66.87764311
sdn,2011,82.5461454
sdn,2012,65.37759383
sdn,2013,93.39010497
sdn,2014,77.45128539
sdn,2015,99.90925573
sdn,2016,112.33505182
syc,2000,62.48791886
syc,2001,51.80524754
syc,2002,46.95310171
syc,2003,40.37935201
syc,2004,33.66995559
syc,2005,28.7019618
syc,2006,24.47845308
syc,2007,21.68186193
syc,2008,17.61521802
syc,2009,14.04395397
syc,2010,15.58831297
syc,2011,18.81184498
syc,2012,12.427002
syc,2013,10.99598852
syc,2014,10.82684592
syc,2015,12.21882719
syc,2016,12.44098659
tls,2002,6.49473656
tls,2003,5.93223514
tls,2004,6.52153411
tls,2005,7.89101438
tls,2006,5.72180035
tls,2007,5.25834927
tls,2008,4.82325551
tls,2009,4.30394654
tls,2010,5.94813765
tls,2011,6.27472884
tls,2012,6.65652339
tls,2013,7.00796882
tls,2014,7.17340004
tls,2015,7.25235037
tls,2016,7.09403778
yem,2000,10.94070179
yem,2001,11.82495143
yem,2002,12.74890549
yem,2003,18.90716222
yem,2004,23.10674721
yem,2005,27.45002133
yem,2006,32.85436668
yem,2007,40.07806423
yem,2008,47.5919778
yem,2009,48.59492384
yem,2010,49.99662536
yem,2011,46.65217679
yem,2012,52.86927499
yem,2013,58.46610433
yem,2014,60.93959834
yem,2015,58.32116468
tuv,2000,0.37219607
tuv,2001,1.88250244
tuv,2002,2.58241682
tuv,2003,3.41849663
tuv,2004,3.19430076
tuv,2005,3.04753941
tuv,2006,2.18698113
tuv,2007,3.04320493
tuv,2008,3.72705529
tuv,2009,2.71826791
tuv,2010,3.07872171
tuv,2011,4.13418145
tuv,2012,4.05063535
tuv,2013,3.92889886
tuv,2014,3.72175781
tuv,2015,1.23707284
tuv,2016,3.37662579
zmb,2000,6.50233758
zmb,2001,6.63126763
zmb,2002,6.24248487
zmb,2003,7.31249466
zmb,2004,9.35148822
zmb,2005,14.92668106
zmb,2006,19.70705884
zmb,2007,15.94529396
zmb,2008,19.26116689
zmb,2009,13.08086993
zmb,2010,13.31663609
zmb,2011,12.27928982
zmb,2012,11.88360218
zmb,2013,9.9122593
zmb,2014,9.19782089
zmb,2015,7.16775757
zmb,2016,6.87617656
dnk,2000,383.30380094
dnk,2001,393.41415875
dnk,2002,426.50564611
dnk,2003,525.08426818
dnk,2004,623.82549718
dnk,2005,653.49409357
dnk,2006,694.20230946
dnk,2007,796.29582505
dnk,2008,866.51884859
dnk,2009,851.41363839
dnk,2010,864.80245624
dnk,2011,913.93441326
dnk,2012,850.08583918
dnk,2013,861.27327774
dnk,2014,878.92437057
dnk,2015,747.91877069
dnk,2016,763.17472665
bhr,2000,125.26868099
bhr,2001,122.94187035
bhr,2002,129.39209578
bhr,2003,178.64014063
bhr,2004,170.06446913
bhr,2005,160.77963488
bhr,2006,160.2159312
bhr,2007,208.99882324
bhr,2008,206.27039081
bhr,2009,222.61327908
bhr,2010,226.63551971
bhr,2011,228.97695942
bhr,2012,260.31047616
bhr,2013,286.90167333
bhr,2014,288.19551153
bhr,2015,291.67487694
bhr,2016,307.68797479
afg,2002,13.87314503
afg,2003,15.05413633
afg,2004,17.6891627
afg,2005,19.30543162
afg,2006,21.83109405
afg,2007,24.88946684
afg,2008,29.18148257
afg,2009,30.78890247
afg,2010,36.01279563
afg,2011,37.76542674
afg,2012,38.89558597
afg,2013,40.32342341
afg,2014,43.9159313
afg,2015,47.09899179
afg,2016,44.31111664
dji,2000,16.40482167
dji,2001,16.9965815
dji,2002,17.22447016
dji,2003,17.05912833
dji,2004,16.65783594
dji,2005,17.07149209
dji,2006,17.83605627
dji,2007,17.99455812
dji,2008,16.92300339
dji,2009,16.50971151
dji,2010,16.11057616
dji,2011,16.42818802
dji,2012,16.32769516
dji,2013,16.0048935
dji,2014,16.32470037
dji,2015,16.65981325
dji,2016,18.08546383
idn,2000,7.10539037
idn,2001,6.97865628
idn,2002,8.98719026
idn,2003,11.97887634
idn,2004,12.15884889
idn,2005,19.21165593
idn,2006,24.12079078
idn,2007,28.22897875
idn,2008,29.74190052
idn,2009,31.21307082
idn,2010,52.53594097
idn,2011,61.13416368
idn,2012,56.91965395
idn,2013,52.87159822
idn,2014,46.27434254
idn,2015,40.74394079
idn,2016,41.64895887
jpn,2000,436.1823824
jpn,2001,391.42595427
jpn,2002,384.19789798
jpn,2003,446.15408431
jpn,2004,477.05199828
jpn,2005,451.8781714
jpn,2006,452.28960762
jpn,2007,430.14807644
jpn,2008,489.6662337
jpn,2009,558.73916285
jpn,2010,591.58428005
jpn,2011,667.51851637
jpn,2012,676.12756581
jpn,2013,550.74658371
jpn,2014,527.58804292
jpn,2015,483.42373159
jpn,2016,569.43225333
kir,2000,0.10371896
kir,2001,0.09036063
kir,2002,0.10761367
kir,2003,0.12475518
kir,2004,0.13564585
kir,2005,0.16542991
kir,2006,0.13900564
kir,2007,0.15899408
kir,2008,0.16189773
kir,2009,0.15510229
kir,2010,0.17157096
kir,2011,0.20007857
kir,2012,0.22143028
kir,2013,0.19568561
kir,2014,0.19014502
kir,2015,0.17642988
kir,2016,0.17464502
irn,2000,47.82160046
irn,2001,55.51923742
irn,2002,57.3103515
irn,2003,62.42046928
irn,2004,79.77318267
irn,2005,97.16011303
irn,2006,102.29768907
irn,2007,130.90304717
irn,2008,166.12481652
irn,2009,205.9438085
irn,2010,261.85414224
irn,2011,301.81067269
irn,2012,285.41690364
irn,2013,211.27815522
irn,2014,161.48072833
irn,2015,153.5457586
irn,2016,161.14568568
lva,2000,86.53499866
lva,2001,100.1541331
lva,2002,112.90899307
lva,2003,136.2217004
lva,2004,159.80195937
lva,2005,183.77813742
lva,2006,196.60934169
lva,2007,317.33634073
lva,2008,340.80048838
lva,2009,288.79972697
lva,2010,256.23781942
lva,2011,262.23014556
lva,2012,281.98021181
lva,2013,310.5148842
lva,2014,334.60131751
lva,2015,326.28048391
lva,2016,389.51961838
lbr,2000,8.42441273
lbr,2001,5.5864808
lbr,2002,5.172553
lbr,2003,4.75160377
lbr,2004,16.55087119
lbr,2005,18.5460586
lbr,2006,16.29349157
lbr,2007,23.847934
lbr,2008,19.87230851
lbr,2009,21.73497932
lbr,2010,22.72284118
lbr,2011,26.01122019
lbr,2012,25.01854592
lbr,2013,27.77882956
lbr,2014,32.75908759
lbr,2015,33.67216428
lbr,2016,32.28567725
nor,2000,529.08465044
nor,2001,525.49384371
nor,2002,654.50057655
nor,2003,768.95077068
nor,2004,854.42404523
nor,2005,933.43237741
nor,2006,969.54664376
nor,2007,1108.26649604
nor,2008,1216.23745959
nor,2009,1113.87626199
nor,2010,1182.57991536
nor,2011,1353.73118678
nor,2012,1327.58501697
nor,2013,1348.68834991
nor,2014,1311.08015951
nor,2015,1069.97828502
nor,2016,1085.76510767
mne,2016,128.06400602
stp,2000,22.6106424
stp,2001,21.25638124
stp,2002,21.94850004
stp,2003,23.56584274
stp,2004,26.0140361
stp,2005,27.79304534
stp,2006,23.67340548
stp,2007,21.86596202
stp,2008,20.23666835
stp,2009,18.43347583
stp,2010,16.2298285
stp,2011,17.12197311
stp,2012,15.906048
stp,2013,18.32515728
stp,2014,18.36959064
stp,2015,14.0073173
stp,2016,15.14266052
omn,2000,30.96179232
omn,2001,29.44510866
omn,2002,27.854142
omn,2003,30.43822688
omn,2004,33.61089175
omn,2005,33.77227133
omn,2006,38.21455519
omn,2007,43.2081597
omn,2008,55.29914184
omn,2009,54.61235422
omn,2010,55.0625045
omn,2011,58.02381615
omn,2012,58.85057226
omn,2013,42.31665199
omn,2014,41.73606691
omn,2015,40.52036727
omn,2016,38.33609225
prt,2000,241.61963516
prt,2001,241.78536836
prt,2002,249.44145288
prt,2003,326.68801338
prt,2004,386.76786143
prt,2005,413.38548009
prt,2006,455.5748331
prt,2007,530.64040124
prt,2008,599.52246224
prt,2009,560.96906033
prt,2010,543.4315575
prt,2011,580.59929545
prt,2012,540.58171744
prt,2013,528.37604928
prt,2014,550.36656765
prt,2015,478.17406724
prt,2016,499.7684083
slb,2000,2.02017645
slb,2001,2.25340534
slb,2002,1.76344447
slb,2003,1.61501547
slb,2004,2.91065767
slb,2005,3.18249153
slb,2006,3.58984857
slb,2007,3.82892326
slb,2008,4.11907371
slb,2009,3.96713732
slb,2010,4.27833089
slb,2011,4.72856122
slb,2012,5.14300027
slb,2013,5.55280528
slb,2014,5.6435387
slb,2015,5.0003556
slb,2016,4.89476477
che,2000,1255.08062415
che,2001,1294.49132478
che,2002,1378.31793867
che,2003,1639.92890511
che,2004,1845.85206087
che,2005,1807.73238183
che,2006,1768.38990776
che,2007,1903.86692491
che,2008,2153.58195377
che,2009,2191.57964466
che,2010,2332.79775187
che,2011,2730.4298123
che,2012,2674.90399713
che,2013,2746.85276899
che,2014,2928.06975832
che,2015,2851.74655073
che,2016,2907.68387141
ton,2000,10.40764331
ton,2001,8.9743603
ton,2002,10.44641722
ton,2003,11.74998837
ton,2004,13.74027472
ton,2005,15.40624486
ton,2006,15.74101927
ton,2007,17.8124981
ton,2008,20.0103147
ton,2009,19.2118536
ton,2010,20.51698555
ton,2011,23.023943
ton,2012,24.38355493
ton,2013,24.55600657
ton,2014,24.65831899
ton,2015,22.62249282
ton,2016,22.29733639
lka,2000,17.50189491
lka,2001,16.97926843
lka,2002,17.33654643
lka,2003,15.94205122
lka,2004,20.91110545
lka,2005,23.23381434
lka,2006,26.8154306
lka,2007,33.12057607
lka,2008,47.13900396
lka,2009,53.5859783
lka,2010,57.88955263
lka,2011,61.19009609
lka,2012,59.22683966
lka,2013,67.79977855
lka,2014,67.55778286
lka,2015,74.06742402
lka,2016,76.73455759
ukr,2000,17.00049123
ukr,2001,21.12312322
ukr,2002,23.85675097
ukr,2003,28.27383244
ukr,2004,35.0267137
ukr,2005,44.15578415
ukr,2006,53.60372038
ukr,2007,67.75635415
ukr,2008,81.49666682
ukr,2009,62.92006302
ukr,2010,84.68289655
ukr,2011,113.01069151
ukr,2012,121.21311797
ukr,2013,135.85573394
ukr,2014,103.00912917
ukr,2015,76.53653156
ukr,2016,76.72101535
alb,2000,48.80701964
alb,2001,51.87673055
alb,2002,57.61355565
alb,2003,68.20713848
alb,2004,82.63530058
alb,2005,87.02388814
alb,2006,89.87259143
alb,2007,117.68173972
alb,2008,120.94181078
alb,2009,88.14802761
alb,2010,97.56730498
alb,2011,119.93123501
alb,2012,130.7333901
alb,2013,153.15167227
alb,2014,174.4446584
alb,2015,149.89806083
alb,2016,157.44310384
arm,2000,30.12193689
arm,2001,28.78296346
arm,2002,29.0809713
arm,2003,35.77934183
arm,2004,76.42382376
arm,2005,83.7408631
arm,2006,75.98292263
arm,2007,105.50790359
arm,2008,103.14372262
arm,2009,76.7962374
arm,2010,105.26281846
arm,2011,61.64738705
arm,2012,176.32556665
arm,2013,248.62646988
arm,2014,335.3634007
arm,2015,298.80555282
arm,2016,289.39494085
and,2000,982.15328537
and,2001,987.08880751
and,2002,1085.65799147
and,2003,1416.62846462
and,2004,1673.30260939
and,2005,1785.59462522
and,2006,1878.84805949
and,2007,2076.06685245
and,2008,2034.2167552
and,2009,1823.38802602
and,2010,1705.85678268
and,2011,1782.16131684
and,2012,1692.888295
and,2013,1777.6871555
and,2014,1860.37083463
and,2015,1567.57621759
and,2016,1598.96323365
aut,2000,403.40423127
aut,2001,421.05152231
aut,2002,462.75022952
aut,2003,582.57610021
aut,2004,692.592831
aut,2005,711.49198733
aut,2006,729.5957752
aut,2007,841.1697546
aut,2008,919.01477118
aut,2009,886.17972016
aut,2010,892.15513654
aut,2011,967.15976389
aut,2012,927.42575761
aut,2013,1003.39521698
aut,2014,1028.7088647
aut,2015,874.94544169
aut,2016,887.01025023
aze,2000,19.18145613
aze,2001,19.73209572
aze,2002,21.96450891
aze,2003,44.1788448
aze,2004,64.31659512
aze,2005,100.46357656
aze,2006,117.61464248
aze,2007,140.05949104
aze,2008,173.78077361
aze,2009,198.8978378
aze,2010,216.13692792
aze,2011,252.2318507
aze,2012,278.60152546
aze,2013,310.95274398
aze,2014,338.09620375
aze,2015,294.36810507
aze,2016,211.62534879
blr,2000,9.18559199
blr,2001,15.30231272
blr,2002,19.92739995
blr,2003,22.02258597
blr,2004,27.26672582
blr,2005,42.93041162
blr,2006,54.25655134
blr,2007,72.07262007
blr,2008,104.3589322
blr,2009,89.38110688
blr,2010,99.67877137
blr,2011,106.79517466
blr,2012,111.94423886
blr,2013,153.35769659
blr,2014,156.22234954
blr,2015,130.68432908
blr,2016,113.83851094
bel,2000,367.27921791
bel,2001,362.0307278
bel,2002,426.12219942
bel,2003,564.79136965
bel,2004,590.16902886
bel,2005,584.52941275
bel,2006,629.72642331
bel,2007,740.24978541
bel,2008,806.4588642
bel,2009,795.71680054
bel,2010,775.49788066
bel,2011,847.07268435
bel,2012,787.6452616
bel,2013,840.5646482
bel,2014,842.96766949
bel,2015,674.67046395
bel,2016,659.51388489
bih,2000,44.75095952
bih,2001,43.46514017
bih,2002,45.71328637
bih,2003,54.82037901
bih,2004,103.94286423
bih,2005,118.31869085
bih,2006,136.06418734
bih,2007,171.30349057
bih,2008,211.54627847
bih,2009,129.77449861
bih,2010,125.08066503
bih,2011,136.5941574
bih,2012,130.75814135
bih,2013,138.37165962
bih,2014,142.56217842
bih,2015,123.48913957
bih,2016,127.28241385
hrv,2000,51.43385511
hrv,2001,55.87954067
hrv,2002,72.00366795
hrv,2003,85.23626704
hrv,2004,115.00333612
hrv,2005,97.36717367
hrv,2006,108.64987985
hrv,2007,129.0282611
hrv,2008,182.71158824
hrv,2009,163.24743731
hrv,2010,157.20545893
hrv,2011,136.49067991
hrv,2012,118.16293721
hrv,2013,119.39424338
hrv,2014,150.82378971
hrv,2015,130.00999209
hrv,2016,135.87352466
bgr,2000,38.15400848
bgr,2001,52.37304568
bgr,2002,58.95456691
bgr,2003,74.50168036
bgr,2004,91.38802304
bgr,2005,104.06415449
bgr,2006,125.42981713
bgr,2007,153.85973502
bgr,2008,194.19326779
bgr,2009,203.77928443
bgr,2010,209.12864583
bgr,2011,247.15793351
bgr,2012,266.73657098
bgr,2013,283.49392975
bgr,2014,305.29696035
bgr,2015,272.68390118
bgr,2016,293.70826711
cyp,2000,419.55317334
cyp,2001,431.87938607
cyp,2002,469.92229881
cyp,2003,545.67353718
cyp,2004,641.96951714
cyp,2005,680.71634454
cyp,2006,712.36832008
cyp,2007,826.76424346
cyp,2008,1107.7984432
cyp,2009,1051.13454873
cyp,2010,802.19052119
cyp,2011,921.64582518
cyp,2012,855.56311717
cyp,2013,827.99314859
cyp,2014,827.30943816
cyp,2015,701.33554741
cyp,2016,734.23967756
cub,2000,29.28057843
cub,2001,36.99087707
cub,2002,41.28187579
cub,2003,46.09206764
cub,2004,45.39830288
cub,2005,49.11268827
cub,2006,55.08916114
cub,2007,55.62786726
cub,2008,53.75890581
cub,2009,54.60038263
cub,2010,55.70432887
cub,2011,74.91021477
cub,2012,78.4673558
cub,2013,86.53045473
cub,2014,82.51042176
cub,2015,93.80991774
cub,2016,100.05243996
fji,2000,8.34514196
fji,2001,8.4564365
fji,2002,8.99434567
fji,2003,11.74156755
fji,2004,15.2370762
fji,2005,15.60231967
fji,2006,19.51233277
fji,2007,23.521818
fji,2008,23.78653015
fji,2009,31.73690616
fji,2010,30.23673066
fji,2011,37.52121651
fji,2012,39.86840564
fji,2013,37.23077058
fji,2014,36.75024243
fji,2015,36.68966356
fji,2016,37.13066281
eri,2000,5.9254569
eri,2001,5.51193258
eri,2002,4.80637417
eri,2003,5.14656803
eri,2004,5.47924456
eri,2005,5.18072119
eri,2006,5.44584667
eri,2007,5.71585354
eri,2008,5.72939204
eri,2009,8.20147489
eri,2010,8.75616676
eri,2011,9.63316971
eri,2012,10.79543718
eri,2013,12.36901067
eri,2014,13.94032554
eri,2015,16.27424323
eri,2016,17.65345415
gmb,2000,8.12576694
gmb,2001,6.24912025
gmb,2002,5.55146749
gmb,2003,3.85652254
gmb,2004,3.66673095
gmb,2005,4.40636962
gmb,2006,5.01094118
gmb,2007,6.20472667
gmb,2008,7.52766942
gmb,2009,6.71229829
gmb,2010,6.77362085
gmb,2011,6.78161853
gmb,2012,6.51760304
gmb,2013,6.05186735
gmb,2014,5.77037581
gmb,2015,5.12956095
gmb,2016,4.93760107
fin,2000,383.65334501
fin,2001,392.86405487
fin,2002,432.98279378
fin,2003,491.5043092
fin,2004,563.0307159
fin,2005,590.71054543
fin,2006,648.12414973
fin,2007,748.16432339
fin,2008,843.42608489
fin,2009,810.39792254
fin,2010,818.47840186
fin,2011,879.62930542
fin,2012,824.6843209
fin,2013,893.58246935
fin,2014,896.96957644
fin,2015,815.23689808
fin,2016,838.02542894
geo,2000,38.79236581
geo,2001,40.78306868
geo,2002,47.36653388
geo,2003,56.99816127
geo,2004,74.69576414
geo,2005,94.43284275
geo,2006,105.78247448
geo,2007,134.02616603
geo,2008,170.30251009
geo,2009,170.18968701
geo,2010,190.92852439
geo,2011,219.47957275
geo,2012,237.2080025
geo,2013,231.35329947
geo,2014,230.2361053
geo,2015,161.03143241
geo,2016,171.2546993
gha,2000,9.15620319
gha,2001,9.63791133
gha,2002,10.70662592
gha,2003,12.52676773
gha,2004,14.48508056
gha,2005,17.48036798
gha,2006,20.22639291
gha,2007,24.07436144
gha,2008,27.72181923
gha,2009,22.84401203
gha,2010,26.86365527
gha,2011,35.49837012
gha,2012,35.80065925
gha,2013,43.16605167
gha,2014,36.72400786
gha,2015,29.50437787
gha,2016,25.53436704
gnb,2000,8.13896362
gnb,2001,7.86247336
gnb,2002,7.80205406
gnb,2003,8.5423168
gnb,2004,10.18634523
gnb,2005,11.18778301
gnb,2006,11.7563897
gnb,2007,13.18225796
gnb,2008,16.87546529
gnb,2009,15.71055823
gnb,2010,15.48446649
gnb,2011,15.9136972
gnb,2012,14.70967561
gnb,2013,14.85310325
gnb,2014,14.14129005
gnb,2015,12.91153402
gnb,2016,13.82537398
irq,2003,15.38476082
irq,2004,15.54269284
irq,2005,16.20750245
irq,2006,19.01329149
irq,2007,29.72507503
irq,2008,27.92147891
irq,2009,36.53000782
irq,2010,37.97239174
irq,2011,41.07600264
irq,2012,110.4749791
irq,2013,113.92251732
irq,2014,115.9179668
irq,2015,118.12891411
irq,2016,119.79571011
irl,2000,189.14178315
irl,2001,194.00452326
irl,2002,229.23079234
irl,2003,381.87960987
irl,2004,424.83338225
irl,2005,533.53080598
irl,2006,577.16430065
irl,2007,561.46201313
irl,2008,666.23680811
irl,2009,696.0946873
irl,2010,707.50242314
irl,2011,758.47588014
irl,2012,722.00613266
irl,2013,756.322652
irl,2014,764.05511957
irl,2015,628.21311157
irl,2016,618.16947445
hun,2000,85.67812023
hun,2001,103.82949261
hun,2002,130.41099707
hun,2003,180.23647046
hun,2004,206.5754794
hun,2005,230.97514609
hun,2006,223.71526133
hun,2007,271.02351346
hun,2008,301.10117619
hun,2009,247.89622357
hun,2010,269.82000088
hun,2011,300.35102517
hun,2012,282.54513882
hun,2013,281.18946628
hun,2014,285.35497414
hun,2015,256.56687225
hun,2016,280.13926102
jor,2000,62.4633931
jor,2001,65.72351911
jor,2002,69.08825733
jor,2003,72.39345473
jor,2004,75.67386324
jor,2005,78.24639803
jor,2006,80.09753383
jor,2007,82.66964197
jor,2008,94.66716438
jor,2009,75.36662726
jor,2010,67.45763489
jor,2011,66.37896832
jor,2012,66.78735582
jor,2013,64.9528985
jor,2014,62.99356356
jor,2015,64.73831155
jor,2016,62.55174969
isr,2000,441.42565769
isr,2001,467.56235614
isr,2002,386.34193387
isr,2003,405.83905659
isr,2004,422.70386034
isr,2005,465.0607098
isr,2006,404.41963632
isr,2007,475.33376154
isr,2008,537.90092556
isr,2009,511.79508193
isr,2010,526.26508182
isr,2011,574.21798376
isr,2012,556.46974931
isr,2013,598.22697378
isr,2014,637.33834359
isr,2015,620.15187503
isr,2016,651.75384604
lao,2000,6.43611248
lao,2001,6.48680417
lao,2002,6.54251509
lao,2003,9.83703578
lao,2004,7.82996313
lao,2005,7.72955766
lao,2006,8.0465629
lao,2007,8.79459476
lao,2008,8.523660660000001
lao,2009,9.73359432
lao,2010,12.58282166
lao,2011,14.47340558
lao,2012,16.04170593
lao,2013,21.49208573
lao,2014,23.59451624
lao,2015,24.03692878
lao,2016,25.64236392
kwt,2000,103.32745533
kwt,2001,103.57079419
kwt,2002,119.71610737
kwt,2003,126.8520884
kwt,2004,136.7800632
kwt,2005,153.43562307
kwt,2006,165.25960096
kwt,2007,188.33342735
kwt,2008,211.77400678
kwt,2009,170.10795385
kwt,2010,147.79981727
kwt,2011,157.83565351
kwt,2012,178.8462976
kwt,2013,174.43045738
kwt,2014,174.66259343
kwt,2015,168.06132022
kwt,2016,172.12068383
ltu,2000,58.96802679
ltu,2001,60.36181206
ltu,2002,65.12494495
ltu,2003,81.94214952
ltu,2004,120.80200596
ltu,2005,143.87670748
ltu,2006,170.7536544
ltu,2007,200.06758823
ltu,2008,263.83752029
ltu,2009,231.89007721
ltu,2010,222.15201258
ltu,2011,261.18449462
ltu,2012,285.24034805
ltu,2013,314.72425582
ltu,2014,321.60768873
ltu,2015,292.9784101
ltu,2016,319.4990694
lby,2000,125.54668608
lby,2001,115.65695085
lby,2002,59.92560046
lby,2003,64.08199276
lby,2004,69.09769002
lby,2005,75.03179902
lby,2006,81.37384831
lby,2007,92.19363746
lby,2008,103.73883429
lby,2009,110.69862971
lby,2010,120.15353209
lby,2011,114.61673796
mng,2000,5.20730036
mng,2001,5.86283041
mng,2002,6.50687241
mng,2003,6.64243629
mng,2004,8.46486718
mng,2005,12.1576739
mng,2006,12.78951508
mng,2007,15.50344995
mng,2008,20.88929468
mng,2009,17.43714084
mng,2010,27.80502925
mng,2011,43.2635881
mng,2012,53.09972853
mng,2013,66.53148213
mng,2014,61.0433908
mng,2015,59.90825666
mng,2016,50.47655606
mli,2000,10.13224285
mli,2001,9.40158315
mli,2002,10.31409963
mli,2003,12.11055577
mli,2004,12.74888334
mli,2005,14.06755701
mli,2006,15.62476771
mli,2007,18.76152247
mli,2008,22.10104071
mli,2009,22.54932026
mli,2010,21.69558213
mli,2011,23.00727551
mli,2012,21.50434382
mli,2013,22.4836589
mli,2014,12.71682479
mli,2015,10.53586064
mli,2016,10.50877171
fsm,2000,8.11648298
fsm,2001,9.14542994
fsm,2002,9.66695643
fsm,2003,10.74623652
fsm,2004,11.78584498
fsm,2005,13.3702776
fsm,2006,12.93630067
fsm,2007,12.74451151
fsm,2008,12.3738969
fsm,2009,12.67727972
fsm,2010,12.14744827
fsm,2011,11.90764294
fsm,2012,11.19011043
fsm,2013,10.06239031
fsm,2014,9.72424996
fsm,2015,9.71517279
fsm,2016,10.1664127
npl,2000,4.81152556
npl,2001,5.43519208
npl,2002,5.60557904
npl,2003,6.13230013
npl,2004,6.85586573
npl,2005,7.14455061
npl,2006,5.95450585
npl,2007,10.67683038
npl,2008,11.85056335
npl,2009,12.21799604
npl,2010,16.84531655
npl,2011,20.03554141
npl,2012,18.79710863
npl,2013,22.0338886
npl,2014,24.62527406
npl,2015,26.8319475
npl,2016,25.19916152
phl,2000,13.50186671
phl,2001,12.58729859
phl,2002,13.05697511
phl,2003,15.38397233
phl,2004,16.33253193
phl,2005,24.28069463
phl,2006,29.67480386
phl,2007,36.6931468
phl,2008,44.41719122
phl,2009,44.16448488
phl,2010,50.37061065
phl,2011,58.27413705
phl,2012,65.86367009
phl,2013,70.93980264
phl,2014,65.35067315
phl,2015,68.14705638
phl,2016,69.81890909
niu,2000,4.91868153
niu,2001,5.21154989
niu,2002,6.53954386
niu,2003,7.74645995
niu,2004,8.76675657
niu,2005,9.95335578
niu,2006,10.7108086
niu,2007,12.36755678
niu,2008,13.06272095
niu,2009,13.01536748
niu,2010,16.02086019
niu,2011,18.21781194
niu,2012,18.87165026
niu,2013,18.7454981
niu,2014,19.01985912
niu,2015,21.26522848
niu,2016,21.47257643
pol,2000,74.56302628
pol,2001,82.5639421
pol,2002,84.20957803
pol,2003,95.18967093
pol,2004,116.79309092
pol,2005,130.62820365
pol,2006,143.15553095
pol,2007,176.27214141
pol,2008,218.09311284
pol,2009,186.25585
pol,2010,193.1194726
pol,2011,207.55136643
pol,2012,197.86867038
pol,2013,208.99911976
pol,2014,208.87336656
pol,2015,186.70609623
pol,2016,187.0166191
rou,2000,13.57311537
rou,2001,14.92876717
rou,2002,17.22464827
rou,2003,21.71438551
rou,2004,46.41468649
rou,2005,47.08535443
rou,2006,58.17336025
rou,2007,73.03566203
rou,2008,94.78640742
rou,2009,93.40075834
rou,2010,92.70017939
rou,2011,103.56066828
rou,2012,90.08654853
rou,2013,99.91943683
rou,2014,102.24849977
rou,2015,94.1170118
rou,2016,98.84595023
sgp,2000,395.40290577
sgp,2001,392.87177924
sgp,2002,399.37203408
sgp,2003,401.6521246
sgp,2004,422.97101487
sgp,2005,431.62046945
sgp,2006,461.86779936
sgp,2007,525.81987826
sgp,2008,592.4033827
sgp,2009,566.32283863
sgp,2010,617.6331642
sgp,2011,657.95157254
sgp,2012,688.29001475
sgp,2013,750.16322211
sgp,2014,718.76190496
sgp,2015,736.23829524
sgp,2016,767.60932234
svk,2000,22.05797774
svk,2001,23.14149524
svk,2002,27.99696852
svk,2003,42.0697644
svk,2004,108.61560536
svk,2005,141.96715192
svk,2006,193.83171123
svk,2007,281.72286784
svk,2008,263.10438474
svk,2009,294.74895068
svk,2010,295.33154161
svk,2011,318.37421433
svk,2012,306.5636211
svk,2013,319.52484873
svk,2014,231.87601489
svk,2015,204.43442175
svk,2016,210.16072447
wsm,2000,7.52855504
wsm,2001,8.2259901
wsm,2002,10.06228911
wsm,2003,12.32225238
wsm,2004,14.13483669
wsm,2005,16.45586153
wsm,2006,17.7444087
wsm,2007,20.04761238
wsm,2008,23.19509098
wsm,2009,22.45210294
wsm,2010,24.281567
wsm,2011,27.04707569
wsm,2012,28.48567528
wsm,2013,28.48325809
wsm,2014,28.48503216
wsm,2015,25.63522117
wsm,2016,26.98779633
sen,2000,11.86549696
sen,2001,12.46271265
sen,2002,14.44304012
sen,2003,19.07657676
sen,2004,23.10775663
sen,2005,14.20254129
sen,2006,14.24932015
sen,2007,17.79571996
sen,2008,20.07944714
sen,2009,22.45235401
sen,2010,24.44663635
sen,2011,28.6341003
sen,2012,29.02246587
sen,2013,32.44978139
sen,2014,32.56694437
sen,2015,27.27658689
sen,2016,27.23496359
swz,2000,13.98239579
swz,2001,12.1451281
swz,2002,11.09901293
swz,2003,16.3519866
swz,2004,21.20335706
swz,2005,24.47517119
swz,2006,24.74152862
swz,2007,25.39120221
swz,2008,24.12120704
swz,2009,25.77134943
swz,2010,33.69320967
swz,2011,35.25641091
swz,2012,34.3237818
swz,2013,31.01002804
swz,2014,29.08880794
swz,2015,26.32620961
swz,2016,21.83578465
zaf,2000,33.5329588
zaf,2001,27.98051177
zaf,2002,23.6686445
zaf,2003,34.17652197
zaf,2004,41.50278909
zaf,2005,43.74597101
zaf,2006,42.66169394
zaf,2007,42.60282848
zaf,2008,37.75207198
zaf,2009,38.22223953
zaf,2010,45.89809081
zaf,2011,50.17118987
zaf,2012,47.08330184
zaf,2013,42.46274861
zaf,2014,40.30460754
zaf,2015,36.24452746
zaf,2016,33.18755435
syr,2000,34.87657747
syr,2001,34.13596108
syr,2002,34.63226154
syr,2003,31.71082355
syr,2004,32.12086463
syr,2005,31.57399498
syr,2006,34.02803612
syr,2007,39.64412297
syr,2008,46.57449611
syr,2009,49.76210845
syr,2010,50.89711886
syr,2011,44.38702149
syr,2012,35.51234688
swe,2000,314.29767233
swe,2001,371.55768836
swe,2002,417.05247604
swe,2003,513.43102243
swe,2004,588.43697619
swe,2005,611.54159467
swe,2006,645.40466716
swe,2007,732.25803209
swe,2008,787.27042746
swe,2009,701.91282569
swe,2010,751.70235148
swe,2011,960.77211918
swe,2012,966.38735899
swe,2013,1044.45497116
swe,2014,1028.13395937
swe,2015,870.82550726
swe,2016,870.51496042
tha,2000,21.28382218
tha,2001,19.47239297
tha,2002,19.49940999
tha,2003,20.78420459
tha,2004,22.04890961
tha,2005,25.2195498
tha,2006,18.43863058
tha,2007,18.78738738
tha,2008,22.26929183
tha,2009,24.24355231
tha,2010,24.94385569
tha,2011,25.48909663
tha,2012,27.70816382
tha,2013,26.71108282
tha,2014,28.20189079
tha,2015,26.81817673
tha,2016,26.88284634
tun,2000,43.17513307
tun,2001,45.358146
tun,2002,50.6582694
tun,2003,61.71743591
tun,2004,70.48056639
tun,2005,72.61489611
tun,2006,77.43824298
tun,2007,87.9404405
tun,2008,99.92037041
tun,2009,99.58158872
tun,2010,102.57260039
tun,2011,113.85768792
tun,2012,112.0114028
tun,2013,112.47392618
tun,2014,110.58401574
tun,2015,106.12852551
tun,2016,102.3492698
btn,2000,3.67499511
btn,2001,2.91991474
btn,2002,3.78271735
btn,2003,7.22372805
btn,2004,7.60664243
btn,2005,7.91948589
btn,2006,8.00152899
btn,2007,9.16636228
btn,2008,8.72653949
btn,2009,9.62273118
btn,2010,11.50495038
btn,2011,12.17382685
btn,2012,16.42733233
btn,2013,16.64343105
btn,2014,17.42984753
btn,2015,18.03553968
btn,2016,18.38552473
bgd,2000,5.07397784
bgd,2001,5.28404327
bgd,2002,5.64263593
bgd,2003,6.21599528
bgd,2004,6.71762907
bgd,2005,7.29704306
bgd,2006,7.78197635
bgd,2007,9.13725482
bgd,2008,10.2935758
bgd,2009,11.68812934
bgd,2010,13.56128539
bgd,2011,14.92771117
bgd,2012,15.34776867
bgd,2013,17.71765679
bgd,2014,20.16412941
bgd,2015,22.86739048
bgd,2016,24.59890058
tur,2000,57.66975171
tur,2001,35.99742211
tur,2002,37.93846759
tur,2003,45.18727651
tur,2004,60.46200166
tur,2005,88.22769122
tur,2006,98.58472077
tur,2007,122.46666615
tur,2008,109.4668516
tur,2009,72.55055461
tur,2010,90.99419333
tur,2011,84.50787591
tur,2012,83.613928
tur,2013,93.50383146
tur,2014,93.44731139
tur,2015,77.04850965
tur,2016,77.16802789
uga,2000,7.0967077
uga,2001,6.96762128
uga,2002,7.0851121
uga,2003,6.71410442
uga,2004,10.70600415
uga,2005,14.11796147
uga,2006,16.64513959
uga,2007,20.05697613
uga,2008,22.28616228
uga,2009,20.5636685
uga,2010,20.76445911
uga,2011,20.05594081
uga,2012,22.61343706
uga,2013,19.92566471
uga,2014,19.06724685
uga,2015,16.18813421
uga,2016,15.16296628
ind,2000,13.31099594
ind,2001,14.71953733
ind,2002,14.89539583
ind,2003,16.20278046
ind,2004,18.22374524
ind,2005,20.30000848
ind,2006,21.42538035
ind,2007,25.46815732
ind,2008,26.27179319
ind,2009,25.64326191
ind,2010,29.49660985
ind,2011,30.31773421
ind,2012,30.90245107
ind,2013,38.83179877
ind,2014,38.29926258
ind,2015,38.13023465
ind,2016,40.50036063
cze,2000,34.96939657
cze,2001,41.35377436
cze,2002,49.78267903
cze,2003,66.41870267
cze,2004,79.89461969
cze,2005,94.58347857
cze,2006,109.71929465
cze,2007,151.32845676
cze,2008,233.82108502
cze,2009,217.06531334
cze,2010,209.5366084
cze,2011,227.80875772
cze,2012,212.15503406
cze,2013,211.1933217
cze,2014,213.05014646
cze,2015,190.40352636
cze,2016,198.55774004
isl,2000,561.07747018
isl,2001,497.19678577
isl,2002,571.45054889
isl,2003,670.25707272
isl,2004,785.81482045
isl,2005,903.36074295
isl,2006,841.84248956
isl,2007,968.26967818
isl,2008,777.87729235
isl,2009,607.59401915
isl,2010,668.50154511
isl,2011,725.49008018
isl,2012,701.19524767
isl,2013,747.76406121
isl,2014,811.75714231
isl,2015,755.11601762
isl,2016,854.18897586
mys,2000,45.68056093
mys,2001,41.29470923
mys,2002,42.68663404
mys,2003,49.68605319
mys,2004,56.40621941
mys,2005,62.9628315
mys,2006,71.44687453
mys,2007,83.03234274
mys,2008,96.77048659
mys,2009,81.73019524
mys,2010,101.14406358
mys,2011,123.88503487
mys,2012,132.03309212
mys,2013,137.31895951
mys,2014,148.33644398
mys,2015,133.42355897
mys,2016,135.91724315
moz,2000,1.7166371
moz,2001,1.42639864
moz,2002,1.74040951
moz,2003,1.88762558
moz,2004,2.1530534
moz,2005,2.2004557
moz,2006,2.2196912
moz,2007,2.22524588
moz,2008,2.40786965
moz,2009,2.15928704
moz,2010,1.77344596
moz,2011,2.17151513
moz,2012,2.51605569
moz,2013,2.4805422
moz,2014,2.37107941
moz,2015,1.94653489
moz,2016,1.47370065
nru,2000,11.98983234
nru,2001,10.65178201
nru,2002,11.36929219
nru,2003,13.28630682
nru,2004,15.4892341
nru,2005,14.47197283
nru,2006,14.31686154
nru,2007,13.52936017
nru,2008,17.85101432
nru,2009,17.99265813
nru,2010,15.17030766
nru,2011,12.7451927
nru,2012,6.69488685
nru,2013,8.48279017
nru,2014,9.68523525
nru,2015,10.18923287
nru,2016,11.67965995
esp,2000,243.921101
esp,2001,259.49190757
esp,2002,287.58351535
esp,2003,368.5579663
esp,2004,427.70899831
esp,2005,450.60771607
esp,2006,473.8835252
esp,2007,544.25732212
esp,2008,623.66440725
esp,2009,568.03203686
esp,2010,576.08929464
esp,2011,611.11162003
esp,2012,591.40585515
esp,2013,630.47885307
esp,2014,650.82113029
esp,2015,559.31525498
esp,2016,569.42344714
tjk,2000,4.72645274
tjk,2001,5.86306834
tjk,2002,6.50878947
tjk,2003,8.1452431
tjk,2004,10.63163219
tjk,2005,11.60954937
tjk,2006,13.90173849
tjk,2007,20.30697208
tjk,2008,28.47175595
tjk,2009,27.16614711
tjk,2010,29.82425407
tjk,2011,30.58300187
tjk,2012,36.51176161
tjk,2013,42.06801361
tjk,2014,45.77170028
tjk,2015,39.70679909
tjk,2016,36.79129273
brn,2000,80.49152516
brn,2001,78.09709304
brn,2002,77.64017128
brn,2003,91.24716769
brn,2004,104.69199738
brn,2005,105.53084964
brn,2006,96.16772614
brn,2007,89.86045969
brn,2008,79.7506369
brn,2009,70.44321529
brn,2010,66.37942672
brn,2011,74.2503417
brn,2012,78.07381298
brn,2013,79.64505888
brn,2014,58.31295553
brn,2015,36.76593798
brn,2016,31.98295245
aus,2000,342.76211966
aus,2001,318.47505371
aus,2002,351.33856847
aus,2003,429.09420741
aus,2004,529.97501922
aus,2005,590.097869
aus,2006,627.53536509
aus,2007,721.00265832
aus,2008,778.57414671
aus,2009,761.63871981
aus,2010,978.13745573
aus,2011,1126.74365019
aus,2012,1205.43280777
aus,2013,1151.06788063
aus,2014,1102.61056215
aus,2015,926.07219143
aus,2016,947.63238534
khm,2000,13.55532682
khm,2001,14.04913516
khm,2002,14.89068194
khm,2003,15.54447303
khm,2004,16.31979085
khm,2005,19.80403177
khm,2006,17.28828104
khm,2007,15.07323861
khm,2008,25.14487316
khm,2009,28.27306233
khm,2010,28.18929637
khm,2011,39.55983311
khm,2012,41.76220799
khm,2013,44.0857609
khm,2014,42.96936104
khm,2015,41.30797681
khm,2016,45.48602007
chn,2000,25.46529257
chn,2001,28.20620346
chn,2002,31.09298777
chn,2003,34.02184993
chn,2004,37.43505932
chn,2005,41.74569796
chn,2006,45.79538522
chn,2007,50.13558156
chn,2008,62.89807958
chn,2009,71.1431311
chn,2010,76.59527976
chn,2011,95.80526951
chn,2012,111.2387638
chn,2013,125.23376567
chn,2014,132.26393295
chn,2015,137.84685947
chn,2016,143.02566618
ita,2000,402.38019597
ita,2001,388.01873481
ita,2002,423.22169017
ita,2003,511.89687337
ita,2004,584.7509238
ita,2005,578.27705365
ita,2006,603.3224461
ita,2007,664.52000747
ita,2008,744.73940806
ita,2009,686.93675438
ita,2010,660.55478
ita,2011,746.17801995
ita,2012,677.62503801
ita,2013,695.44571997
ita,2014,706.1848902
ita,2015,626.77738582
ita,2016,632.79735852
cok,2000,11.59038133
cok,2001,10.81604086
cok,2002,12.96096298
cok,2003,19.1524204
cok,2004,22.97182313
cok,2005,20.10025654
cok,2006,22.71886764
cok,2007,25.91164403
cok,2008,30.92176081
cok,2009,21.76301726
cok,2010,27.86508089
cok,2011,34.15297177
cok,2012,34.54981712
cok,2013,38.34061479
cok,2014,39.99001583
cok,2015,35.76826884
cok,2016,36.71312248
ken,2000,9.82495427
ken,2001,10.03782125
ken,2002,9.77099943
ken,2003,11.44986491
ken,2004,12.16898632
ken,2005,13.91977807
ken,2006,15.73291065
ken,2007,17.99969272
ken,2008,18.56166878
ken,2009,17.47358653
ken,2010,17.85660655
ken,2011,17.77066695
ken,2012,20.49206097
ken,2013,21.79814043
ken,2014,21.29945898
ken,2015,19.02379897
ken,2016,18.34893499
kgz,2000,6.34753079
kgz,2001,6.99766223
kgz,2002,7.63292382
kgz,2003,11.40427945
kgz,2004,12.69156207
kgz,2005,15.37349403
kgz,2006,18.00313143
kgz,2007,21.79580176
kgz,2008,31.02361327
kgz,2009,23.37857738
kgz,2010,26.48114622
kgz,2011,34.82934954
kgz,2012,43.44961422
kgz,2013,49.04238758
kgz,2014,53.7296134
kgz,2015,45.56495176
kgz,2016,41.9691905
mwi,2000,1.54043485
mwi,2001,1.45887313
mwi,2002,1.62678413
mwi,2003,1.46791072
mwi,2004,1.52516407
mwi,2005,1.54481356
mwi,2006,1.83756201
mwi,2007,2.87530219
mwi,2008,3.3245408
mwi,2009,3.90935772
mwi,2010,3.63110235
mwi,2011,3.43954771
mwi,2012,3.25212619
mwi,2013,2.58510029
mwi,2014,2.81586525
mwi,2015,3.7340535
mwi,2016,3.36944874
mlt,2000,170.66413151
mlt,2001,203.50858891
mlt,2002,238.69146346
mlt,2003,309.7252623
mlt,2004,344.79232324
mlt,2005,398.16452598
mlt,2006,436.76954934
mlt,2007,496.0467276
mlt,2008,577.74095661
mlt,2009,544.46642111
mlt,2010,572.55854025
mlt,2011,650.00315714
mlt,2012,609.61842792
mlt,2013,731.36872348
mlt,2014,895.80565083
mlt,2015,834.79535147
mlt,2016,809.49191498
mus,2000,52.34998983
mus,2001,52.35091121
mus,2002,60.99916243
mus,2003,73.42278665
mus,2004,82.47252634
mus,2005,98.02331589
mus,2006,110.66595102
mus,2007,131.62237004
mus,2008,199.0112097
mus,2009,181.04339953
mus,2010,192.0660728
mus,2011,210.49774191
mus,2012,205.50256732
mus,2013,240.64853749
mus,2014,280.76102706
mus,2015,262.34090822
mus,2016,266.37558473
nam,2000,6.73997493
nam,2001,5.63175441
nam,2002,7.09392188
nam,2003,13.76131008
nam,2004,14.47877893
nam,2005,17.72598323
nam,2006,14.13095402
nam,2007,32.15352162
nam,2008,23.59142996
nam,2009,31.91525675
nam,2010,46.84775757
nam,2011,56.73699147
nam,2012,58.116428
nam,2013,47.05440669
nam,2014,39.82075002
nam,2015,34.18589413
nam,2016,31.08647342
mco,2000,98.93836673
mco,2001,99.60966881
mco,2002,106.97619431
mco,2003,131.231098
mco,2004,148.71035847
mco,2005,153.27095185
mco,2006,163.87203177
mco,2007,205.00527186
mco,2008,222.9668878
mco,2009,187.33626312
mco,2010,181.29846948
mco,2011,201.93015411
mco,2012,189.01167065
mco,2013,214.27606815
mco,2014,228.41536829
mco,2015,200.68678538
mco,2016,207.5886238
pak,2000,9.8525768
pak,2001,8.41914859
pak,2002,8.61644636
pak,2003,9.81566428
pak,2004,10.72133511
pak,2005,14.70925195
pak,2006,20.35821838
pak,2007,21.56789442
pak,2008,19.72904689
pak,2009,18.28092267
pak,2010,18.70229984
pak,2011,19.12869198
pak,2012,18.27271838
pak,2013,20.56020682
pak,2014,24.29587101
pak,2015,25.075072
pak,2016,25.81648346
nld,2000,173.47371248
nld,2001,180.90514631
nld,2002,193.42356617
nld,2003,237.88790104
nld,2004,267.90245773
nld,2005,409.71896468
nld,2006,375.14540842
nld,2007,414.17311147
nld,2008,582.92347827
nld,2009,516.91209216
nld,2010,515.23801913
nld,2011,561.05454152
nld,2012,561.0513296
nld,2013,657.40015482
nld,2014,692.68280974
nld,2015,541.57733223
nld,2016,543.02819069
nga,2000,10.66319567
nga,2001,11.52178519
nga,2002,12.09069969
nga,2003,28.87903842
nga,2004,28.97259219
nga,2005,36.19575957
nga,2006,46.8652873
nga,2007,49.68243131
nga,2008,59.0773517
nga,2009,51.36011887
nga,2010,58.98108304
nga,2011,63.08804128
nga,2012,67.43436066
nga,2013,72.71191901
nga,2014,77.51254857
nga,2015,70.29313066
nga,2016,59.67003685
qat,2000,180.9029663
qat,2001,180.38811239
qat,2002,202.70431165
qat,2003,223.54315415
qat,2004,238.56906608
qat,2005,246.19485911
qat,2006,247.85293415
qat,2007,247.5825489
qat,2008,249.33154909
qat,2009,256.11183345
qat,2010,235.56578233
qat,2011,232.21524778
qat,2012,168.51531
qat,2013,126.67666645
qat,2014,119.24258866
qat,2015,148.97130546
qat,2016,156.23027586
plw,2000,109.22755671
plw,2001,107.93848691
plw,2002,112.45191581
plw,2003,114.71971066
plw,2004,119.30024238
plw,2005,133.52265649
plw,2006,147.03180092
plw,2007,155.4179658
plw,2008,160.60686672
plw,2009,170.64671124
plw,2010,173.91134831
plw,2011,174.20202437
plw,2012,176.35854129
plw,2013,188.88919216
plw,2014,195.2237935
plw,2015,223.92071543
plw,2016,241.97663535
rwa,2000,2.45006661
rwa,2001,2.19741528
rwa,2002,2.05148595
rwa,2003,2.92296575
rwa,2004,4.29276371
rwa,2005,5.9965853
rwa,2006,7.53945826
rwa,2007,7.22488569
rwa,2008,6.8508921
rwa,2009,6.24483859
rwa,2010,5.76473387
rwa,2011,5.30396873
rwa,2012,4.90691267
rwa,2013,4.41058367
rwa,2014,3.95500675
rwa,2015,3.53774759
rwa,2016,3.06520559
sle,2000,17.7140304
sle,2001,17.96565838
sle,2002,19.80672171
sle,2003,20.44623442
sle,2004,19.56818495
sle,2005,21.49340034
sle,2006,22.99883309
sle,2007,26.26179771
sle,2008,30.3111794
sle,2009,30.16972453
sle,2010,27.96467514
sle,2011,41.34779031
sle,2012,43.54933868
sle,2013,51.72064028
sle,2014,48.87079929
sle,2015,43.97113562
sle,2016,35.86282433
svn,2000,105.74111223
svn,2001,106.61185951
svn,2002,118.63065114
svn,2003,150.22234906
svn,2004,166.55187257
svn,2005,188.67538425
svn,2006,189.28621841
svn,2007,244.48656128
svn,2008,274.37107837
svn,2009,270.49144777
svn,2010,254.7220789
svn,2011,261.61744896
svn,2012,246.08005466
svn,2013,255.92221898
svn,2014,267.41230883
svn,2015,221.87151805
svn,2016,220.1400764
uzb,2000,15.62456695
uzb,2001,13.86237046
uzb,2002,11.23220973
uzb,2003,11.04211689
uzb,2004,12.02020028
uzb,2005,13.47570572
uzb,2006,15.62895711
uzb,2007,20.77156114
uzb,2008,25.17086187
uzb,2009,30.44007865
uzb,2010,33.62727253
uzb,2011,38.88646269
uzb,2012,49.27008134
uzb,2013,53.45500875
uzb,2014,53.29707287
uzb,2015,63.72949607
uzb,2016,70.59264087
tkm,2000,38.32415913
tkm,2001,75.84307158
tkm,2002,81.01553565
tkm,2003,133.04717732
tkm,2004,230.47339331
tkm,2005,254.81176424
tkm,2006,285.96175611
tkm,2007,194.526031
tkm,2008,200.49809999
tkm,2009,137.3992637
tkm,2010,157.47492894
tkm,2011,190.80904105
tkm,2012,217.7011113
tkm,2013,251.49363097
tkm,2014,298.58415756
tkm,2015,287.92888468
tkm,2016,322.18043732
tgo,2000,7.40480476
tgo,2001,7.27117602
tgo,2002,8.07739649
tgo,2003,9.66879054
tgo,2004,10.19548221
tgo,2005,10.50323591
tgo,2006,10.63808285
tgo,2007,12.13945115
tgo,2008,14.58820142
tgo,2009,16.41296072
tgo,2010,19.30288128
tgo,2011,21.47901877
tgo,2012,19.97257701
tgo,2013,21.38621973
tgo,2014,21.7360966
tgo,2015,19.20365955
tgo,2016,19.5472295
vut,2000,3.66793073
vut,2001,3.40219764
vut,2002,4.6853548
vut,2003,5.337108
vut,2004,5.95520834
vut,2005,6.10830761
vut,2006,6.2052168
vut,2007,6.87927764
vut,2008,7.37837101
vut,2009,7.47750952
vut,2010,8.86267813
vut,2011,9.72744156
vut,2012,9.52657403
vut,2013,9.5422806
vut,2014,9.61992089
vut,2015,9.0254834
vut,2016,9.24560891
